0,model/RBS-232-MobileNet_dimer-1.pth
AAAAAAATGAAGAAGGGGTGGGTAATTCAA,18.833553314208984
AAAAATTTAAAAAAAGGGTGGGAAATTCAA,31.099361419677734
AAAATATAAAAAACATGATGGGAAATAACA,17.071475982666016
AAAATATTAAAAACATGATGGGTAATAACA,26.56075096130371
AAATAATATTTGGAGAGAGGGGAAACCTAA,16.588090896606445
AAATAATTGAAAATAAAGGGGTATTCAGTA,27.897438049316406
AAATAAGCGAATATGAGAGGGTAATCGAAA,21.962398529052734
AAATAAGCGAATATGAGGGGGTAATCAATA,2.9646594524383545
AAATATTGATCTAAGAAGGGGTAATAAGAA,33.49208068847656
AAATTTACAAATAACAAGAGGAGAATAGGA,4.043369770050049
AAATTTACAAATAACAAGAGGTGAATTATA,34.267154693603516
AAATGATAATTTAAGGGGGGGTTAAAAGAA,12.964212417602539
AAACAATATTTGGAGAGAGGGGAAACCTAA,24.122528076171875
AAACAATTTACCTATAGGGAGATAAAAAAA,30.902997970581055
AAACACTGTAATGAAAAAGGAGGATTAACA,6.6634111404418945
AAACACGATATAGGAAGGAGGGTAAAAAAA,35.90116882324219
AAACTTTCTATAGAGGAGAGGGGGTCAACA,18.575864791870117
AAAGTAAGTAAGTAGTGGGGGGGAAGAAGA,14.930073738098145
AAAGTTGTGAAATTAAGGGGGTAAAAATAA,17.13071632385254
AAAGGATAGTATGAAAGGGGGAAAAAATAA,31.53702735900879
AATAAAATTAGAAAGTAGAGGTTATGGACA,27.39834213256836
AATAAATAAAAATGGATAGGAGGTTTGACA,13.854476928710938
AATATAGAAAAGGAAATGGGAAGAATGGTA,26.654157638549805
AATATAGAAAAGGAAATGGGAAGAGAATAA,18.40630531311035
AATTATAATAGGGGAAAGAGGGAGATGGTA,1.0240857601165771
AATTATAATAGGGGAAAGAGGGAGGAATAA,10.520747184753418
AATTATATTCAGAGAAAGAGGGAGACATCA,24.36107063293457
AATTATATTCAGAGAAAGAGGGAGACCATA,24.532381057739258
AATTATATTCAGAGAAAGAGGGAGAGATCA,24.0258846282959
AATCTTAACATATAAAGGGAAGAGTAAACA,20.45163917541504
AATCTTAACATATAAAGGGGAGAGACGATA,24.542051315307617
AATCTTAACATATAAAGGGGGGAGACGATA,38.09599685668945
AATCTTAAGAGGAAAAGGGGAAAATAGATA,4.055062294006348
AATCTTTTACTATAGAAGGGGGAGACGATA,29.59964942932129
AATCGTAGTAAGAATAAAGGGAGATAATAA,50.81536865234375
AATCGTAGTAAGAATAAAGGGAGACGTATA,34.324684143066406
AATGTTAACATATAAAGGGGAGGACGTATA,26.4956111907959
AATGTGAACATATAAAGGGGAGGATAATAA,28.493619918823242
AATGCAAGAGTAAATAAAGGGTAGATAATA,34.742340087890625
AATGCTAATTCAGAAGGGGGGGGGAATTAA,26.952781677246094
AATGGAATAAAGTAAAAAGGGGGGAATTAA,18.893980026245117
AATGGAATAAAGTAAAAAGGGGGGAACTAA,21.71678352355957
AATGGTTAATAAAAGAAGAGGAGAAAATCA,13.66750431060791
AATGGTTAATAAAAGAAGAGGGAATAATCA,14.984124183654785
AATGGTTAATAAAAGAAGAGGGAATTGACA,32.66423034667969
AATGGTGAATAAAAGAAGAGGAGAATGACA,24.767553329467773
AACAAAAAAAATAAGGGTGGGAGATATATA,20.164228439331055
AACTATAATAAAAATAAAGGGGACTCAAAA,26.060836791992188
AACTTTAAAAAAAGGAGGAGGAAAGACACA,20.41236686706543
AACTTCAAAAAAAGGAGGAGGAAAGACTAA,40.95376968383789
AACGAAAATTAAAAAAAGGGGAGATATACA,28.43062973022461
AACGAAAATTAATAAGGGGCGAAGTATATA,34.70787048339844
AACGAAAATTCAAAAAAGGGGAGATATTAA,33.62289810180664
AAGATTATTATCGAAAGGGGGGAGGAAATT,42.03256607055664
AAGATTCCAAATAAAAGGGGAGAGAAAATT,63.1885986328125
AAGATTCGAAATAAAAGGGGAGAGAAAATG,45.561126708984375
AAGATTCGAAATAAAAGGGGAGAGAAATAG,87.0977554321289
AAGATCTCATAAAAAAAGGGGAAAAAAATG,56.55756759643555
AAGATCTCATAAAAAAAGGGGAAAAAATAG,51.01505661010742
AAGATCTCATAAAAAAAGGGGAGAAAATAG,56.83639907836914
AAGTAAACATTAATAGAGGGGTATTAAGTA,13.510478019714355
AAGTTAAATCAAAGAATGGGGGAAGGAGAA,5.5569329261779785
AAGTGAATCAGTAAAGGGGGGAGAAAAACA,21.327707290649414
AAGTGGATAGTAAAATGGGGGTAGAAAACA,22.40338134765625
AAGGATAAAAACATAAAAGGGAAAACCACA,15.17530345916748
AAGGACAAATATAAATGGGGGTAGAAAACA,15.274090766906738
ATAAAAGAATATTATAAAGGGAGATATTCA,216.51466369628906
ATAAACTATTAAATTAAGGGAGTTTAAAGA,26.52623748779297
ATAATAGTCTACAAGGAGGGAGATTTAAAA,25.24778938293457
ATAATCTCATAATATAAGGGGGAATAATAA,17.449417114257812
ATAACCACATTAAAAAAGGGGGATGAGACA,34.71692657470703
ATAACCACATTAGAAAAGGGGGTTTAAACA,34.01644515991211
ATAAGAGAAATTAAAAGGGGGGGCACATTA,34.272708892822266
ATATAAATTACGATGAAGGGGGATTCATAA,31.53373146057129
ATATAAATTCAAAATTAGGAGGGGATGGCA,42.65605163574219
ATATAAATTCAATAAGAAAGGGGATTGCCA,28.693552017211914
ATATAATTATTAAATTAGGAGGGGATAGCA,60.1712646484375
ATATAATTATTATAAGAAAGGGGATTGCCA,41.46242904663086
ATATTTAAGAAACATAGGGGATAGATTATA,52.71324920654297
ATATTTTAACTGGAAAGGGGGTAAATATGA,33.4241828918457
ATATGTTTTATAGAAGAGGGGCGGATATCA,57.298519134521484
ATATGGATATTCAGATAGGGGGTATAAACA,5.230221271514893
ATACTATCTATAAATAGGGAGATAAAAAAA,21.706951141357422
ATAGAAGAAGAGTAGAAGTGGGGAGAGAAA,39.586421966552734
ATAGAGGAAAGAAAAGGGAGAGTAAGAAAA,28.133384704589844
ATTAAATAAAGATTATGGGGGATTATAACA,75.76175689697266
ATTAAATAAAGATTATGGGGGAGTATATCA,53.129554748535156
ATTAATAGTATTAGAAAGGGGGGGTTATCA,46.7735595703125
ATTAATAGTATTAGAAAGGGGGGGTTAGAA,11.978584289550781
ATTAACTAATTCTGAAGGGGGGGGTAAGAA,20.045734405517578
ATTATATCAGAAATTAGGCGGGGGACTTAA,24.7460994720459
ATTATATCAGAAATTAGGGGGGGGACTTAA,23.783721923828125
ATTATAGAGGTAGATAGGGCGGGAATCTCA,34.131839752197266
ATTATAGAGGTAGATAGGGGGGGAATCTCA,71.6855697631836
ATTATTAAGAGAAGAAAGGGAGTATTATTA,9.133356094360352
ATTATCATACATAAGAAGGGAGGTTAAACA,34.79976272583008
ATTATCTTAAGATTTAGGGGGGGGTCAACA,76.3357162475586
ATTATCTTATAATTTAGGGGGGGGAATAAA,33.190547943115234
ATTATCTTATAATTTAGGGGGGGGAATACA,32.360408782958984
ATTATCTCAGAAATTAGGGGGGGGATTTAA,21.330881118774414
ATTACTAATAAAGAGTAGGAGTGAAAGACA,27.730886459350586
ATTACTAATTAAAAAAAGGGCGGGTAAGAA,22.61236000061035
ATTTTTCTAATAAAGAAGGAAGTATTAATA,24.30982208251953
ATTTCTAAGATTAAAGAGGGAGGATAGTTA,14.532211303710938
ATTTCTAAGATTAAAGAGGGAGGATTGACA,37.92373275756836
ATTTCGATATCATAAAGGGAAGGATAGTTA,24.1961669921875
ATTTCGATATCATAAAGGGGAGGATTGACA,54.30026626586914
ATTTCGATATCATAAAGGGGAGGGTTTAAA,45.56596755981445
ATTCTAAACATATAAAAGGAAGTATTAATA,20.16400718688965
ATTCTTAAGGGAAAAAAGGGGGGATAGGTA,29.417879104614258
ATTGTTAAAAGAATGAGGGAGGTAATCTCA,1.0918874740600586
ATTGTTAATATAAAAAAGGAGTAGGGCAAA,25.776853561401367
ATTGTTAATATATAAAAGGAGTAGGGCAAA,27.027748107910156
ATTGTCTTATAATATAGGGGGTGATTATTA,63.95302200317383
ATCATAGTATTTACTAGGGGGAGGATATAA,93.00556182861328
ATCTAGAATAAAAATAAAGGGGAGACATAA,44.82297134399414
ATCTTTTTATATACAAGGGGGGGGTTTACA,13.64745807647705
ATCCTATCAAAAGAAGAAGGGGAGAACATA,6.066012859344482
ATCCCTTATAGATAAAAGGAGGGAAAATCA,11.190937995910645
ATCGTATTAAAGAAAGAAGGGGGGAAGTTA,21.484872817993164
ATCGTTAAGAAAAATGGAGAGGGAAAAATA,15.3001127243042
ATCGTTTCATGATAAAAGGACGGAAGAATA,11.067959785461426
ATGAAAATACAAAGGAAGGAGGAATTATGA,21.4213924407959
ATGAAAATACAAAGGAAGGAGGGATTTGCA,33.696651458740234
ATGAAAGTTGGAATAAAGGGGTAATTATGA,33.73257064819336
ATGAATAAATTTAAAAGGGGTGTGTAAACA,47.76919174194336
ATGAACTATGAAAATAAGAGGGTTTAAAGA,22.187700271606445
ATGATCTAATTAAAAAAAGGGAAGACAAAA,26.247976303100586
ATGTAAAAAATTAAAAGGGGTGTTCTATGA,35.25117111206055
ATGTTTAAAAAGCAGAAGGGGGAAGAACCA,15.015143394470215
ATGTGCAGTAAAAAAAAGGGGGATATCTAA,35.14118957519531
ATGTGCAGTAAAAAAAAGGGGGGGATTCTA,33.82585144042969
ATGCAAAATAATAATGACGGGGATATCACA,38.67837142944336
ATGCAAAATAATAATGAGGGGGATCTCTAA,10.498671531677246
ATGCAAAATAATAATGAGGGGGGGATTCTA,29.9816837310791
ATGGAACAAAGAATTAGGGAGGGATAAACA,32.938720703125
ATGGAACATAGAATTAGGGAGGGATAATAA,21.00246810913086
ATGGATAAAAGAATTAGGGAGGGATAAACA,23.5867977142334
ACAATCAATTAAAAGGGAGGGGAATCATGA,11.692084312438965
ACAACAGATAAAAAATAGGAGTGAAAGACA,34.113521575927734
ACAACAGACAAAAAATAGGAGTGAAAGACA,35.73007583618164
ACAACAGACAAAAAATAGGGGTGAAAGACA,33.162078857421875
ACAAGCATTCAAGGAAAGGGGGGGTTAATA,16.929296493530273
ACACCACACAAAAAATAGGGGTGAAAGACA,28.698400497436523
ACAGAACTTAAACATAAAGGGGAAAAATCA,20.642698287963867
ACAGAACTTAAACATAAAGGGGAAATCAAA,27.367597579956055
ACTAAAATAAAATATGGGGGGGAAAAATCA,24.129796981811523
ACTAAAATAAAATATGGGGGGGAAATCAAA,22.560144424438477
ACTCACATAGAAATAAGGGAGGGATTAAAA,15.621158599853516
ACTGTAATACTTATAAGGGGGGAAAAGTGA,15.679734230041504
ACGAAAGTCAACCAAAGGGAGGTTAAAACA,29.29292106628418
ACGATAAATAATGAGGAGGGGATATTATTA,135.35687255859375
AGAAATACTTAAAGGGAGGGGGTAGTCAGA,38.25791549682617
AGAATAACTTAATGGGAGGGGGTAGTCATA,46.59865188598633
AGAATTGCGAAAGAAAAGGGGGTGAAGGCA,26.5917911529541
AGAACAATTAAAATAAAAGGAGGGAGGGCA,18.784914016723633
AGAACAACTAAAATAAAAGGAGGGAGAAAA,29.097776412963867
AGATAAAATAAGAATGAGGGGGGTGGTGTA,27.6687068939209
AGATATACATGAAATGGGGGGAGTATTATA,36.4423942565918
AGATACAACATAAAAGGAGGGATTAACACA,23.001081466674805
AGATAGAAAGGAAATGGGGGGAGTATTATA,28.903844833374023
AGATCAAAAATAAATAGTGGGGGGTTCATA,29.59034538269043
AGATCAAAAAGAAATGGGGGGAGTAATTTA,30.933446884155273
AGACTAAGTAATAGGAGGGGGGGGATAGCA,10.499688148498535
AGTAAATAAATACTAAAAGGGGGAGAGAGA,33.38117218017578
AGTAAAGAAATACTAAAAGGGGGGAATAAA,44.69038772583008
AGTATAATGTATATAAGAGAGAGAAAGTAA,26.267919540405273
AGTACAATTAAAATAAAAGGAAAATAAGGA,30.038671493530273
AGTTAAGTAATGGAGAAGGGAAGATTATCA,99.9200210571289
AGTCTTAACATATAAAAGGGAGAATGTATA,31.031118392944336
AGTGAAAAAGAAGAAAGGGGGTAGAAGTGA,18.6290283203125
AGTGAAAAAGAAGAAAGGGGGTAGTCGCAA,21.87792205810547
AGTGATAAATTAAAAGGGGGGTGAAAGTGA,49.76248550415039
AGTGATAAATTAAAAGGGGGGTGATCGCAA,38.81232452392578
AGTGATAAATTAATGGGAGAGGGATAATCA,20.04937171936035
AGGATTGCGAAAGAAAAGGGGGTGAACAAA,26.67400550842285
AGGTTAAAAAAAAGAATGGGGGAAGGAGAA,22.76337432861328
AGGTTAGAAATTAAGAGGGGAAGGTTGAAA,26.045522689819336
TAAAAATTATGCAGAGAAGGGTTATGAAAA,25.6450138092041
TAAAAATGGCAAGTAGGAGAGGGATAATAA,9.803426742553711
TAAAATTTGAAGAAGGGGTGGGTAATAGAA,28.256872177124023
TAAAAGAGTTAAATAGAAGGAGAAAATAGA,32.590484619140625
TAAATAAAGATGGAAGGCGGGGTAAGAGTA,19.96925163269043
TAAATAAAGATGGAAGGGGGGGTAAGCGGA,32.96409225463867
TAAACGAAATATAGGAGAAGGGAAGGAAAA,6.579678535461426
TAAAGTTTTACAAGAGGTGGGGAAAAAATA,25.931367874145508
TAAAGCATTACAAGAGGTGGGGAAGAAATA,20.175363540649414
TAAAGCTATAGAAGAGGTGGGGAAGAAATA,25.563949584960938
TAATAAATTAAGATGAAAAGGAAGATTATA,43.31344985961914
TAATAATTAAACTAGTGGGGGATATTAATA,27.70993995666504
TAATAATTGAATACAAAGGGGTATTGACAA,29.022705078125
TAATAACAATATAAGGGGGGGATATTAATA,41.29083251953125
TAATAAGAATCCAAGGGGGGGATATTAATA,10.797141075134277
TAATAAGAATGAAAGGGGGGGACATTAATA,41.222042083740234
TAATAAGTATACTAGTGGGGGATATTAATA,44.033504486083984
TAATATTTAAACTAGAGGGGGATATTAATA,1.3276015520095825
TAATATTTAAAGAAGGGGGGGTTTAGGTTA,34.514198303222656
TAATATTTATAAAGGAAGGTGGTATTAGAA,15.877985954284668
TAATTATTAAAGAAGGGGGGGTTTAGGTTA,10.387286186218262
TAATTACTTTTAGAGGGGGGGGCGAGGTAA,21.917600631713867
TAATCATTAAATATAAAAAGGAATTCATTA,27.435272216796875
TAACAAACAATGAGAAGGGGGGTTTAAAGA,27.723413467407227
TAACAATCTAAAATAAAAAGGAAGATCATA,32.688541412353516
TAACATGGATATATGAAAGGGGTGACAACA,40.425479888916016
TAACATGGATATTGAAAAGGCGGAAAATAA,17.83380889892578
TAACATGGATATTGAAAAGGGGGAAAAGTA,22.89651107788086
TAACAGTTAAAATGAAAAGGGGGAAAAGTA,26.322505950927734
TAACAGTTAAAAGAAGGAGGGTGAACAACA,33.500728607177734
TAACAGTTAAAAGAAGGAGGGTGAACCACA,25.813703536987305
TAACAGTTAACAGAAGGAGGGTGAACAACA,47.31746292114258
TAACAGTTACAAATGAAAGGGGTGACAACA,61.36145782470703
TAACCAAACTAGATAGGGGGGTGACTAAAA,26.619035720825195
TAACCATAAATGAGAAGGGGGGTTTAAGGA,21.200273513793945
TAACCTTAATAATGAAGAGGGGGAATGAAA,21.983694076538086
TAACGGTTAACAGTAGGGGGGTGACTAAAA,35.29315185546875
TAAGATATTTGGGAAAGGGGGGAATAAGAA,24.526939392089844
TAAGATTACTAAAAGATGGGGATATTACAA,16.80284309387207
TAAGACATTTGGGAAAGGGGGGGAACAACA,21.254701614379883
TAAGTAATAAGTGAAGGAGAGGGATAAGAA,16.318485260009766
TAAGTAATCAGTGAAGGAGAGGGAACAACA,11.29459285736084
TAAGTTTATAGAAGGGGGGGGGGGGTAGCA,31.01775360107422
TATATAAAATTACGGAGAGGGGGTTTCTAA,23.16526985168457
TATAGATTTAAAATTAAGGAGATATATAAA,23.364099502563477
TATAGATTTAAAATTAAGGGGGAAAAGAGA,39.495975494384766
TATAGTATTTTCAGGAAAGAGATATATAAA,8.262537956237793
TATAGTATTTTCAGGAAGGGGGAAAAGAGA,24.156898498535156
TATTAAAAGACAAAAAAGGGGTACTTTACA,32.67564392089844
TATTATAAAAATGTATGAGGGGGTGATTGA,31.020238876342773
TATTCTAGCTTCAAAAGGGAGGAAAATACA,34.6108512878418
TATCAGAGCTTTAAAAGGGAGGAAAATACA,51.70589065551758
TATCAGTAAAATAACAGGGAGGTAATAATA,33.909584045410156
TATCAGTTAAAAGAAGGAGGGTTAATAATA,33.673194885253906
TATCAGTTAAAAGAAGGAGGGTGAACCACA,22.24351692199707
TATCAGCAAAATAACAGGGAGGTAATAATA,32.543846130371094
TATCAGCATAATAACAGGGAGGAAATAATA,19.67088508605957
TATCTATATCAAAAAGGGGGGAGGTCGAGA,26.424701690673828
TACAGTAATATTGGATGGGGGGGATAGAAA,30.142824172973633
TACTTAAATTAAAAAGGAAGGAGAGTAATA,32.00642395019531
TACTTTAAAAAAAAGGGGAAGAAGTTTTAA,27.959585189819336
TACCCAAATTAGAAAGGAGGGTGAACAACT,29.066980361938477
TAGAATTTGATAAACAGGAAGTTTAATACA,24.13480567932129
TAGAATTTGATAAAGAGGAGAGAAAAGTAA,20.57500648498535
TAGAATTGCAAATAGAGAGAGTGTAATACA,20.074220657348633
TAGAATTGCAAATAGAGAGGCGAAAAGTAA,28.325626373291016
TAGAGTAACATGGGATGGGGGGGATAGAAA,42.6682014465332
TAGAGCTATGGGAAAAGGGGGATAAAAATA,24.532188415527344
TAGTAATTTATGATGAGGAGAGTATTCATA,14.777363777160645
TAGTATATAAAGAGGAAGGGGAATGACATA,32.70948028564453
TAGTTAAATTAAACAGTGGGGGGAAAAATA,23.362600326538086
TAGTTAAATTAAAGAGTGGGGGAAGGGGAA,33.380348205566406
TAGTGACTTATAGAAGGGGGGCGAAAAATA,23.052080154418945
TAGCTTAAATATGAAATAGGGGAATTAATA,48.23750305175781
TAGGAAAATAATAGGAAAGGGGAATTATGA,42.94994354248047
TAGGAAATTAATAGGAGAGGGAAAACCGCA,21.55699348449707
TAGGATAAAAATAGGAAAGGGAAAACCACA,10.57236385345459
TAGGATAAAAATAGGAAGGAGGACTGATAA,5.076639652252197
TAGGATAAAAACATAAAGGAGGACTGAAAA,26.381017684936523
TAGGACATTTGGGAAAGGGGGGGATAAGAA,28.549898147583008
TTAAAAAAGTTAGTAGCGGGGGGTTAAATA,38.69108963012695
TTAAAAAAGTTTAACAAGAAGAGGTTAAAA,36.477359771728516
TTAAATAATCAAGTAGCGGGGGGTTAAATA,28.088882446289062
TTAAATAATCATAACAAGAAGAGGTTAAAA,32.11246871948242
TTAATAAATCTGGAAAAGGGGGGTGCAATA,34.0421028137207
TTAATAAGTCTGGAAAAGGGGGGTGTAGTA,23.07547950744629
TTAATATAAAACAAAAAGGGAGATTTAATA,31.756940841674805
TTAATAGGTTACAAAGAGGGAGATTTAATA,31.722999572753906
TTAATAGGTCACAAGGAGGGAGATTTAATA,22.789030075073242
TTAATTAGAAAAGTAAAAAGGGTTTACATA,52.090919494628906
TTAACTACATATATGATGAGAGAGTTAATA,44.1700553894043
TTAACTACATATATGAGGAGGGATTTAATA,21.49896812438965
TTATAAAAGAAAAATAAGGGGAGGCCAAGA,39.234703063964844
TTATAAAAGCAAAATAGAGGGAAGATTTGA,22.05549430847168
TTATATATAAATATAAAGAAGAAGAGTTCA,36.177040100097656
TTATATATAAATATAAAGAAGAAGAGCAAA,38.104248046875
TTATATCAAAATAACAGAGGGGATATTATA,29.53970718383789
TTATACCAAAATAACAGGGGGGAACCAAAA,20.013301849365234
TTATTTAGAAAAGTAAAAAGGGTTAAAATA,35.816165924072266
TTATTTAGAAAAGTAAGAAGGTTATTAATA,11.315632820129395
TTATTTTATAAATTAAAAAGGGTTAAGAAA,34.25668716430664
TTATTTTATAAATGGAAAAGGGTTAACATA,16.04189109802246
TTATTTTATACATGGAAAAGGGTTAACATA,22.417804718017578
TTATTTTAGAAAGTAAAAAGGGTTAAGAAA,32.105709075927734
TTATTGAATCGGATAAAGGAGAAAAAAAAA,19.06058692932129
TTATCACAAACAAAGGAGAGGTAATACATA,40.24286651611328
TTATCACAAACAAAGGAGAGGTAGATATAA,34.84259033203125
TTACAAATAAGGAAAAAGGAATAATACATA,21.078542709350586
TTACAAATAAGGAAAAAGGAATAGATAAAA,18.92522621154785
TTACAAATAAGGAAAAAGGGGACATCAATA,22.3443546295166
TTACATCTAAAAATAAAAAGGAAGATCATA,26.770353317260742
TTACCATGTAGATAAAAGAGGATAATCATA,16.424654006958008
TTACCTAAAAGAAAAAAGAGGTACATCAAA,26.903377532958984
TTAGAGATAACAAAAAGGGAATTGATGACA,33.17977523803711
TTAGAGATAACAAAAAGGGAATTGTTAAAA,29.419498443603516
TTTAAAATTGTCAGGAAGGCAGATATGACA,38.169185638427734
TTTAAAATTGTGAGGAAGGGAGATTTAAAA,34.858795166015625
TTTATCGAGAAGAAAAGGGGCAAATAAATA,32.09109115600586
TTTATGGTAAAGAAAAGGGGAGTATTTAGA,36.47039031982422
TTTATGGTAAAGAAAGGGGGAAAATAAATA,28.369138717651367
TTTAGTAAGAAGAAAAGGGGAACATAAATA,33.260948181152344
TTTTAAAAAACGAAAAAGGGGAGGCAAAGA,24.134294509887695
TTTTAAAAAGCAAAAAAGGGGAGGCAAAGA,20.717302322387695
TTTTAAAAGTCATAAAAGGGGAGGCAAACA,20.02256202697754
TTTTCATAATCAAAAAGGGGGTTCTTTAGA,35.37168502807617
TTTTCATCAAGTATAAAGGGGGAGATATCA,20.26646614074707
TTTTGAACGATAATAAGGGGTTACAAAAAA,22.25470542907715
TTTCAAAACGAAAATAAGGAGTGAATGATA,24.496824264526367
TTTCAACAATCATAAAGGGGGTGCATAATA,26.638212203979492
TTTCACAAGTAAAATAAGGAGTGAATGATA,26.633899688720703
TTTGAATAATCAAAAATGGGGTTCTTTACA,37.252952575683594
TTCAATTAATAAGAGAGGAAGTGTACAATA,15.59748363494873
TTGATAAGTTACAAGGAGGGGGATTTAATA,35.98432159423828
TTGATTAATAAGAAAGGAGGAGTGGAAACT,25.34661102294922
TTGATTTATAAGACAAAAGGGAGATTAAAA,42.07514572143555
TTGTAATTAAATATAAGGGGGAAAGAAATA,13.707093238830566
TTGTTAAATAAACAAGGAGGAATAATTAAA,18.91053581237793
TTGTTAAATAAACAAGGAGGAATATAAACA,11.21741008758545
TTGCGAACATAAAAAAAGGGAGTAATTAAA,41.39334487915039
TTGCGAACATAAAAAAAGGGAGTATAAACA,46.94630813598633
TCAAAAAATCTGAATGAGGAGGGTTAAACA,37.30902862548828
TCAAGAAAGGAATTTGGGGGGGAATTAATA,17.879894256591797
TCATAGAAAAATAGAGGGAGAGATAAAGTA,29.719743728637695
TCAGAAATTAATAAAGGGGGGAAATTCAGA,19.825281143188477
TCAGAAATTAATAAAGGGGGGTCATTCAGA,25.46872901916504
TCAGAAATTAATTAAGGGGGGAAACTCAGA,25.66199493408203
TCAGAAATTAATTAAGGGGGGTCATTCAGA,42.60356521606445
TCAGAAATGAATTAAGGGGGGAAATTCAAA,40.270137786865234
TCTAAAAATTTTAAGGGGGGAGGAGTGCAA,14.669918060302734
TCTAAAAATTTTAAGGGGGGAGGAGTGCGA,12.243380546569824
TCTATAATTATGGGGAAGGGGAGAATGACA,27.554319381713867
TCTACAAATAATAGAAGGGGGGGATACTAA,15.683318138122559
TCTTAAAGTGAGAAAGAGAGGGGTTTAATA,48.434391021728516
TCTTAATCTTAGATAGAATGGGGAATTAAA,21.774633407592773
TCTTAATCTTAGATAGAAGGGGGAATTAAA,17.224145889282227
TCTTCATAATAAGAAAAAGAGAGAATTAAA,29.659343719482422
TCTTCATTATAAACAAGGAGGAGGAAAAAA,25.699148178100586
TCTCAAATTTAAATAGAGGGTAGAATATAA,88.26480865478516
TCTCCAAACCAAAAAGAGGGGGTTTTAAAA,36.205406188964844
TCCTGTAATTAAATAGAGGAGGAAACAACA,19.12803077697754
TCGAAAAATTTTAAGGGGAAGGGAATATAA,20.506017684936523
TCGAAATATAATGTAGAGAGGAGAATACAA,31.355302810668945
TCGCATAATATATATAAAGGGTAAACAACA,23.353303909301758
TGAAAAAAAATAAATATGGGGGGTTAAACT,21.59739112854004
TGAAAAAAAATAAATATGGGGGGGTAAACT,24.77020835876465
TGAAAAAAAGTAAATATGGGGGATTAAATA,37.61920166015625
TGAAAAATAATAAATATGGGGGGTTAGAAA,30.781490325927734
TGAGAGATTAATAAAGGGGGGAACAATACA,24.173261642456055
TGTAAAAAATAAGGGAGAAGGGGATCCAAA,25.34280014038086
TGTAGAAAAATAAATATGGGGGATTAAATA,19.454723358154297
TGTTAAATTAAAGAAGAAGGTGGGATGTGC,19.647275924682617
TGCATTAATAATCGAAAGGGGTGGAAAACA,44.45637130737305
TGCGTAACAATAAGAGGGGGGTGATAATTA,21.07680892944336
TGGAAAATTTTTAAAGGGAGATGAAAATTA,30.353609085083008
TGGAAAATTTTTAAAGGGAGATGAAATTAA,41.108402252197266
CAAAATAAAAGTAAAGAGGGGGAAAAATTA,40.31015396118164
CAAAATAAAAGTAAAGAGGGGGAAAATTAA,54.39638137817383
CAAATTATAAGATAGGAGGGGTGTCAATAA,64.0880355834961
CAAATTTCTAAAAGAAGGGGCGGGAAGACA,16.600444793701172
CAAATTGATTTTAAAAAAGGCTAAAGACAA,28.586965560913086
CAAACAAATGTATAGAAGGGGAAAAGTTCA,27.179777145385742
CAATAAAAAAATTTGAAGGGGATAAAGTGA,51.68306350708008
CAATTAATTGATGAAGAGGGATGAAGGAAA,46.44449234008789
CATAATTTTTTTTAAAGGGGAAATTTGATA,30.516830444335938
CACATAAAAAATAAGGGAAGGAAGAAAACA,26.694747924804688
CACTAAAAAATTGAGGGAGGGTAATTAATA,28.464513778686523
CACTAAAAAACTGAGGGAGGGTTATTAATA,12.095287322998047
CACTAATAGAGGAGAAAGGGGGGAATTAGA,37.16520690917969
CACGAAAGTAGAAAAGAGGGGGTAATAATA,18.535737991333008
CACGTAAATATATAAGGGGGGGTAATAATA,29.49289321899414
CAGAAAAACAACAAGTAGGGGAGAAAAATA,46.83766555786133
CAGAAATACAACAAGTAGGGGAGAAAGATA,32.37184143066406
CAGAAACATAATTATAAAGGGGGGATAAAA,35.5399284362793
CAGCAAAACAGATATAAAGGGGGGATAAAA,48.670623779296875
CAGCAAAACAGATAGAAAGGGAAATTACAA,13.222020149230957
CAGGAAAATAATAGGAAAGGGGAAATATGA,0.9014360904693604
CTAATATAATTGAGAAAGGGTAGGGGAATA,31.030757904052734
CTAATATAATTGAGAAGGGAGATAGAGAAA,11.796847343444824
CTAACAAAAATAATAAAGGAGATAGAGAAA,22.247682571411133
CTAACAAAAATAATAAAGGGTAGGGGAATA,29.13860511779785
CTAACAAAACCAAAAAAAGGGTAAATACAA,19.947336196899414
CTACCTAATAATAAAGGGAGGGGGAATTAA,25.88382339477539
CTTTTAATTTAAAGGGAAGGGGGGATTAAA,19.70635414123535
CTTTTAACTTAAAGGGAAGGGGGGATTAAA,37.518436431884766
CTTTTTCTAATAAGGGGGCGAGTATTGACA,26.864826202392578
CTTGAGTAAAGATAAAAGGGTGAAAAAATA,35.597923278808594
CTGTCATATGATAATAGAGGGTGATAATTA,21.264284133911133
CTGGAAAAAAATTAAAAAAGGAGGAAATAA,24.6355037689209
CCTGATCTTAAAGAAAGGGGGGGAACTAAA,49.39180374145508
CGATAAAAAAGACAAAAGGAGTGAAGGAAA,33.07541275024414
CGAGAAAAAAATTTGAAGGGGGGGATAGCA,23.00139045715332
CGGAAACATAATTAGAAAGGAAAATTACAA,6.25117826461792
CGGATGATTAATGAAGAGGGGGGATTGTTA,24.356365203857422
CGGCAAAAATTGAATAAAGGGGGGATAAAA,33.68021774291992
GAAATTCAAAATAAAAAGAGTGAAGTTAGA,32.8837890625
GAAACATGTAAAAAGAGGGGATAACTTAAT,34.90769577026367
GAAACTATAAAATAAGAGCGAGTAATGAAA,23.4346981048584
GAAACTATAAAATAAGAGGGGGGTTTTGTA,22.718942642211914
GAACGATAAGTAGAAAGGGGAGTAATGAAA,33.451351165771484
GAACGATAAGTAGAAAGGGGGGGTTTTGTA,37.16762924194336
GAACGATTAGAAAGAAAGGGTTGATAACAA,40.07954406738281
GATAATAAAGTAGAAAGGGGAGTAATGAAA,19.629777908325195
GATAATATAGAAAGAAAGGGTTGATAACAA,28.944414138793945
GATAATTTAGAAAGCGAGGGTTGATAAGCA,33.22945785522461
GATAACACGGAAAGAGAGGGGGGAATAAGA,11.471375465393066
GATTAATAGTAAGGAGGGGGGAATAGAACA,24.731721878051758
GATTAGAATAATAAAAGGGAGGAAAGGTAA,25.218046188354492
GACAAATAGTAAGAAGGGGGGATAAATACA,41.42104721069336
GACAAATAGTAAGGCGGGGGGAATAGAACA,21.77448081970215
GACATTAATTCAGAAGGGGGGATAAATACA,38.622737884521484
GACATTAATTCAGGAGGGGGGAATAGAACA,19.730113983154297
GAGAAATACAACAATAGGGGAGGTCTAAAA,19.175260543823242
GAGAATAAAAAGACAGGGGATGGAAATACA,34.80049133300781
GAGAATAAGATGACAGGGGGGGGCAGAAAA,59.10104751586914
GAGATGTCTATAGAAAGGGGGGGCAGAAAA,38.324275970458984
GAGTATAATTAAGAAAGGGGATGGATACCA,12.606040000915527
GTAAAATTACCAAGAAAAGGAGGACTAAAA,23.843286514282227
GTAACTATAAAAGGAGAGGGGATGGTAACA,43.26693344116211
GTAACTATAAATAATAGGGGGGGGACAATA,16.280254364013672
GTAACTATAAATAATAGGGGGGGGTATTTA,15.577109336853027
GTAAGAGAAATTAAAGAGGGGGTGTATTGA,30.38041114807129
GTAAGAGAATTAAAAGAGGGGGTGACAATA,9.582932472229004
GTATAAAAGGAATAGAAGGTGGGAGATACA,38.416439056396484
GTATAAATTATTATAAGGGGTGGTGTCATA,45.10792922973633
GTATTTAAGAAAATAAGGGGAGAGAAGTGA,72.00755310058594
GTATTTAAGAAACTAAAGGGAGTTATTATA,28.714494705200195
GTATTTAAGAAACTAAGGGGAGTTATTATA,44.59304428100586
GTACATAAACTAGAAAAGGAGGGATGTAAA,34.214595794677734
GTTAAAAATAGTAAAAGGGGGTGTAGGCCA,29.80802345275879
GTTATTTCATTAATTAGGGGGGAGATTTAA,31.14493751525879
GTTACAAATTAGAATAAGGGATAAAATAAA,2.141679525375366
GTTTAAAAAGAAAATAAGAGGAGGGAAAGA,21.94303321838379
GTTTAAAAAGAAAAGAAAAGGGCTATAATA,22.05109214782715
GTTTTATATAATGAAAATGGGAGAATGACA,45.820655822753906
GTTTTTAAGAGAATGAAGGGAGATATTATA,39.88394546508789
GTTTCAAAATTGAAAAAGGAGGGTCTCAAA,18.63335609436035
GTTGATAAAAGAATGAGGGAGGGATTTTAA,25.008981704711914
GTGAAAAGTATTAATAGAGGGGGAATAACA,38.9526481628418
GTGAAAAGTATTAATAGAGGGGGAGATAGA,34.09665298461914
GTGATCTAATTAAAAGGAGGGCAAATAACA,20.44891357421875
GTGATCTAATTAAAAGGAGGGCAAGTTAGA,31.056486129760742
GTGTAAAAATAAGAAAGGGGAGTAAAGAGA,34.87516403198242
GTGTAAGAATAAGAAAGGGGAGTAAAGATA,27.746219635009766
GCATAAAAGAGAAAGGAGGAGGGTATGAGA,38.11677932739258
GCATAAAAGAGAAAGGAGGAGGGCTTGATA,49.65372848510742
GCATCTTTGAAAAAAAGGGGGGTAATAACA,32.123558044433594
GCTAAACAATTAAGAAAGAGAGGGAGAAAA,19.861780166625977
GCTTGTAAATATAAGAGGAAGGGAATTAAA,32.510135650634766
GCTCTTTACGAAAAAAAGGGGAGAAATAAA,36.19347381591797
GCGAAAATTAAGAAAGGAGGGATAATAACA,38.242340087890625
GCGAAAATTAAGAAAGGAGGGTTAAAAAAA,30.820756912231445
GGAAATAAAGAAAAAAGGGGTGAGTATTAC,31.36712074279785
GGAAATAAAGAAAAAGAGGGGGGGCTAAAA,32.91115951538086
GGAAGTATAGAATAAAGGGGTGAGTATTAA,39.23153305053711
GGAAGTATAGAATAAGAGGGGGGGCTAAAA,22.122774124145508
GGATAAAGCATATAAAAAGGGTAAAACAAA,35.69969177246094
GGATAACAAATATAAAGGGGGTAAAACAAA,31.619443893432617
GGTAAAACATAAAATAGAGGGGGGTTAAAA,42.768226623535156
GGTAATGTAGGTTAAGAGGGGGGATAAATA,26.84912872314453
GGTAACCACAAATAAAAGGGGAAGATAATA,21.940683364868164
GGTAGAGATAAAATGAGAGGGGGGTAAACA,26.182592391967773
GGCGTAAAAGGTAAAAGGGGAGTGATAAAA,34.047218322753906
