seq,model/RBS-232-MobileNet_dimer-1.pth
AAAAAATATAGAGGGAGAGGTACAAGATAA,18.289466857910156
AAAAATAAAAATAAAGACGAGGTAGTGCAA,22.483156204223633
AAAAACAAGAGAAATGAGAGGAGAATTGGA,26.298093795776367
AAAAACATAGAATAAAGGGTGAAAATTCTA,22.776601791381836
AAAAACATAGAATAAAGGGTGAAAATTCCA,20.717039108276367
AAAAAGAAATAAGAAATGTGAGAAGAAATA,28.300146102905273
AAAATAAAACAGAAAATAAGGTGAATCGTA,22.858503341674805
AAAATAATTTGATAAGGGGGGCAGAAAGAA,15.996170997619629
AAAATAACAAGAATAGGGAAGTAGGATTGA,18.084291458129883
AAAATACTCACAATAGGGAAGGGGAAAGAA,26.147335052490234
AAAATACCAAGAATAGGGAAGGGCAAAGAA,30.46354866027832
AAAATACCAAGAATAGGGAAGGGGAAACAA,32.3347053527832
AAAATACCAAGAATAGGGAAGGGGAACTGA,28.399904251098633
AAAATAGGTGGTACAAAGGAGGGGTAATAA,22.973196029663086
AAAATTAATAAAGGTTGAGAGTTGATAAAA,12.526190757751465
AAAATTATTAAAGGTTGAGAGATGATAAAA,10.214820861816406
AAAATTATTAAAGGTTGGGAGTTGATATAA,3.787923574447632
AAAATTATTAATGGTTGGAGTGGTGTAAAA,7.502618789672852
AAAATTATTAACGGTTGGGAGTTGGTGACC,18.731447219848633
AAAATTAGGAACTTAAAGAGTGGTGTAAAA,25.485105514526367
AAAATTAGGAACTTAAAGGAGTTGGTAACA,20.947214126586914
AAAATTTATACTTTAGGAAGATAATTAATA,21.244365692138672
AAAATTTTAGAAAAAGGAAAGCGAAGATAA,15.12570571899414
AAAATTGATTTAACTGAGAGGGGGAGGAAA,17.51089096069336
AAAATTGTTTTAACTGAGAGGGGAATGAAA,14.858124732971191
AAAATCAATTTAACTGAGAGGGGGAGGAAA,22.096145629882812
AAAATCAACAAAAGAGGAGACGTGAGTTAA,28.77825355529785
AAAATCTTAAAAAGAGAAATGGGGATGAAT,26.662019729614258
AAAACAATAAAGTTATAGGGGTGGTTTAGA,25.328943252563477
AAAACAATATTTATGAGAAGAATAATTATA,47.156795501708984
AAAACAATATGTATGAGAAGAATAATTACA,20.363662719726562
AAAACAAGCTAATTATAGGGATGAGGACAA,67.22101593017578
AAAACACAAAAGTTATAGGGGTGGTTAAGA,26.18360710144043
AAAACACAATGTATGAGAAGAATAATTACA,15.3106050491333
AAAACACTAAAGTTATAGGGAGGGATAAAA,35.97404479980469
AAAACACTAAAGTCATAGGGAGGGATTAGA,24.84827995300293
AAAACACTAAAGTGAGGGGGAATAAAAAAA,28.167530059814453
AAAACACTAACGTTATAGGGAGGGATTAGA,34.05614471435547
AAAACTGTAAGATTATAGGGAGGGATTAGA,39.579898834228516
AAAACTGTAAGATGAGGGGGAATAAAAAAA,22.744413375854492
AAAACCATTTTAACAGAGAGGGGGATGAAA,28.445663452148438
AAAAGAAACGAATCAAAGGGGTAGTTTTTA,31.19186019897461
AAAAGAAAGACTTGGTGGGGGGGGTTTACA,27.869653701782227
AAAAGATTTGGTACAAAGGAGGGATGACAA,32.2086067199707
AAAAGATTTGGTACAAGGGAGGGATGACAA,32.66944885253906
AAAAGATGTACTACAAAGGAGGGATGATAA,26.74979591369629
AAAAGATGTACTACAAAGGAGGGATGACAA,42.43342971801758
AAAAGATGTGCTAGAAAGGAGGGGTAATAA,20.897602081298828
AAAAGTAGAACAAATAAAGGAGGTTTGAAA,23.568618774414062
AAAAGCTCAATTGAAAAGGGCGATAAGATA,30.2464599609375
AAATAAAAAATTGTAGGGGGTGTAACTACA,40.74460220336914
AAATAAAAATGAGAAGGGTGGGGAAACACA,36.49165344238281
AAATAACGTCGCTAAAGGGGGGTGTTAGTA,26.20577049255371
AAATATACAATAAGGAAGGGGTGAAGAGCA,28.326932907104492
AAATATACAATACAAAGGGATGGTAACAGA,28.037994384765625
AAATATACAACAAGGAAGGGGTGAAGAGCA,25.414987564086914
AAATATCCTAATAGGAAGGGGTGAAAAGCA,28.68856430053711
AAATATCCTTATAGGAAGGGGTGAAAAGCA,29.526037216186523
AAATATGATAAAGAAAATGGATAATCGATA,21.503637313842773
AAATACAAATGAGAAGGGTGGGGAAACACA,25.05368423461914
AAATACACAATACAAAGGGATGGTAACAGA,40.27530288696289
AAATAGGCCAGTAAAAAGGGGTGAAGGATA,42.08134841918945
AAATAGGCCAGTAAAAAGGGGGGAAGATTT,37.4965705871582
AAATTAAAAAGAAAGACGGGGTGAAGGATA,34.69164276123047
AAATTAAAAAGAAAGACGGGGGGAAGATTT,27.049888610839844
AAATTAAAACGAAAGACGGGGGGGACGGTA,39.50038528442383
AAATTAGAAAATAGAGGGGAGGATATTTAA,37.14509201049805
AAATTTAAAAGAAAGACGGAGGGAAATATG,22.784297943115234
AAATTTAAAAGAAAGACGGGGAAGCCAGTA,32.390926361083984
AAATTTTATAAAAAAGTAGGGCGATTACTA,1.981957197189331
AAATTTTATTTAACTGAGAGGGGTAACTTA,32.68873977661133
AAATTTTATTTAACTGAGAGGGGGAGGAAA,25.54224967956543
AAATTTTATTTGGAAATGGAGGATAACTTA,17.822473526000977
AAATTTTATTTGGAAATGGAGGAGAGGAAA,18.374319076538086
AAATTGTAGCAAATGGGGGGAGGAATTTAA,8.308418273925781
AAATCATAACAAAGGGGGTGAGGATGGGAA,29.407590866088867
AAATCATAGACCAATGAGGAGGATATTTAA,25.888456344604492
AAATCAGAAAATAGAGGGGAGGATATTTAA,19.811189651489258
AAATCTTATATTAATACGGAGGAAATCAGA,23.445650100708008
AAATCTTAGTATAAGGAGGAGAAAAAGTAA,16.516231536865234
AAATCCAAATACAGTAAAGAGGGATTTATA,28.69942283630371
AAATCCAAATACAGTGAGAAGGGATTTATA,23.564191818237305
AAATCCAAATAGATTAAAGAGGGATTTATA,29.113561630249023
AAATCCAAATAGATTGAGAAGGGATTTATA,23.898542404174805
AAATCCAATTAGATTGAGAAGGGATTTATA,23.59674072265625
AAATCCAAGTAAAATAAAGGAGGTTTGAAA,39.631168365478516
AAATGCATGTATATAGAGAAGGGATTTGAA,22.354337692260742
AAATGCTACAATAAATAGGGGTGAGAAACA,23.43684959411621
AAATGCTACATTAAATAGGGGTGAAAGATA,43.34414291381836
AAATGCTCAATTGAAAAGGGGGATAAGATA,24.986148834228516
AAATGCTCAATTGTAAAGGGGGATGAAACA,36.44052505493164
AAATGGAAATAAGAATCGAGGGGAAAGATA,27.833303451538086
AAATGGATAAAAGAATCGAGGGGAAAGATA,45.236629486083984
AAACAAGTTTTAAGAGAGAGGAGACTATCA,34.69308090209961
AAACAAGCTTTAAGAGAAAGGAGATTGTAA,35.888851165771484
AAACAAGCTGTAAGAGAGAGGAGATTGTTA,25.867570877075195
AAACATATGGCAAGAGAGAGGAGATTGATA,41.127986907958984
AAACATATGGCAAGAGAGAGGAGATGCGAA,27.440881729125977
AAACATTATAAAGACGAGGGCTGAAGCGAA,29.677457809448242
AAACATTATAAAGACGAGGGGTGAATGATA,19.713504791259766
AAACATTACAAAGACATGGGGTGAAAAGCA,37.44785690307617
AAACATTACAAAGACGTGGAGGGATTGCAA,28.364120483398438
AAACATTACAAAGACGTGGGGTGAAAATCA,17.72761344909668
AAACAGATCAAAAGGGAGGAGGGATTGCAA,45.05446243286133
AAACAGATCAAAAGGGAGGGGTGAAAATCA,33.8181266784668
AAACTCTGATATTTAAGGGGGGCTGAAATA,12.197199821472168
AAACTCGTAGTATATAAGGGGGTAAAAATA,30.277124404907227
AAACCTAACAACGTAGAGGGGTTAGAAATA,34.99578094482422
AAAGATTAATGTGTAAGGGTGTTGTCATAA,30.99542999267578
AAAGATTAATGGGTAAGGGGGTTGTCAATA,25.697660446166992
AAAGACCTCATAAGAAGGGGGAAGTTTGTA,23.790956497192383
AAAGTAATCATAAGAAGGGGGAAGTATGTA,26.10959815979004
AAAGTATAAAGACAAAAGGGGAAATCCGAA,22.982088088989258
AAAGTATAAAGAGAAGAGGGTAAATCGGAA,30.58500862121582
AAAGTATAAAGAGAAGAGGGGGCTACATTA,22.592130661010742
AAAGTGAAACAATTAAGGGGTAAATCGGAA,20.871824264526367
AAAGTGAAACAATTAAGGGGGGCTACATTA,25.603586196899414
AAAGTGAAACAATTAAGGGGGGCTTCAATA,20.91383171081543
AAAGTGAGATTAGAAAAGGGGGGTTCATTA,20.688966751098633
AAAGTGAGAGTAGAAAAGGGGGCTTCAATA,23.82280921936035
AAAGTGTACGTAAAAGGAGGGAGATACATA,41.94160461425781
AATAAAAAGGGAGTGAGGGGAAAGGAAACA,26.02335548400879
AATAAATAGAAATGAAAGATGATGATAAAA,17.701059341430664
AATAAATCTGAGATAGGGAAGGGTTTTAAA,20.796436309814453
AATAATAAGATATACGGGGTGGGAACAACA,31.95919418334961
AATAATAGCAAAAACGGAAGGAAATATAAA,35.793357849121094
AATAATGTTTTTACAGATGAGTTATAAACA,31.845544815063477
AATAACTATTCTTTAGAAGGAGGGATAATA,33.77838134765625
AATATACTAGATATATGGGGAGGACAATTA,24.0931453704834
AATATTCAGATAAAAGGGGATGTGATTTAA,22.73482322692871
AATATTCTTCAAAAAGAAAGAGGATAGGTA,32.90070343017578
AATATTCTTCAAAAAGAAAGGGGATAGGTA,35.27926254272461
AATACAAAAGGAGTGAGGGGGAATAGCAAA,32.1609001159668
AATACTTAAGTTTAAATGGGGGTGATTTAA,29.09737205505371
AATACTTAAGGTAAAAAGGGGGAGATACTA,31.09776496887207
AATACTTAAGGTAAAAAGGGGGTGATACTA,24.998231887817383
AATACTTAAGGTAAATAGGGGGTGATTTAA,23.32553482055664
AATACTTAAGGTTAAAAGGGTGTGATTTAA,31.159832000732422
AATACTTAAGGTTAAAAGGGGGTGATACTA,25.463382720947266
AATACTTTTGAGAAAAGGATGGGAATACTA,45.756649017333984
AATACTTTTGAGAAAAGGATGGGAATACGA,51.913692474365234
AATACTGAAGGTAAAAAGGGGGTGATACTA,30.541765213012695
AATACGAATGAGGAGGAAGGAGGAAAAGCA,34.42123031616211
AATAGTATTATATAGAGGTGAGGAATACTA,9.887375831604004
AATTAAACGAGTGAGAGGAGAGTTATGACA,12.598515510559082
AATTAAAGAAAGCAGAGGAGAGTAATGACA,32.210994720458984
AATTAAAGAAAGGAGAGGAGAGTAATGAGA,52.618919372558594
AATTAAAGATAGGAGAGGAGAGTAATGACA,39.59074401855469
AATTAATTAACATTTAGTGGGAGATACGAA,30.07742691040039
AATTAATTATGACTAGGGGGAAAGAAATAA,29.511911392211914
AATTAACAAAATACGAAAGGGGGATACGAA,42.19287109375
AATTAGAAAATTAAAAGAGTGTAAAGCGCA,28.978403091430664
AATTAGTTTAAAAGTGAAGATAGAATATCA,25.220109939575195
AATTTAAGAAAAATTGGGGAAGTTATGACA,28.02027702331543
AATTTTGCATTATGAAGAGGGAAGAAATAA,19.0408992767334
AATTTCTTTAACAATTGGAGTGAATAAAAA,29.70393180847168
AATTTCTTTATATGAAGAGGGAAGAAATAA,28.992395401000977
AATTCAAAAAACATAGGGGGGAAGAAATAA,18.556840896606445
AATTCAAAAAACCAGGAAGGATGAATATTA,28.30088996887207
AATTCTTTCAAGGAAGGGGGGAAGAAATAG,17.30837059020996
AATTGATATTAGATAGGAGAGGAAATTAAA,34.97688674926758
AATTGTTAAAACAATGTAGGGTGATGGATA,27.93609619140625
AATTGTTTAATGGAAGCGGGGGGATTGTCA,19.751630783081055
AATCATTCAATGAAATGGGAAGAAAACGTA,26.42938804626465
AATCAGATATAAACTGAGGGGGGTGAATGA,51.712379455566406
AATCTTTAAATGAAAAGAGAAGAATATGAA,23.057668685913086
AATCTTTAAATGAAATGTGAAGAATATGAA,29.497323989868164
AATCTGAATTATCGAAAGGGGAAGAAATAA,12.757065773010254
AATGAAGTCAAAAACGGGAGGAAATATAAA,38.24313735961914
AATGATAGCGTCGAAGAGGGGAAATATAAA,46.34486770629883
AATGATAGGATTGGTGGGGGGGGGTTACGA,34.14814376831055
AATGATGGCAAAAACGGGAGGAAATATAAA,45.84953689575195
AATGTAACTAAAATGGGGAGGTAATCGGAA,44.46327590942383
AATGTTATCAAAAAGGGGAAAAAAACGAAA,38.84494400024414
AATGTTACCAAAAAGGGGAATAAAAAAGTA,32.3875617980957
AATGCGATTAAACAAGAAGGAGGAAGAGCA,48.678314208984375
AATGGAAAGGAAGAAAGGGGGGTGAAGTCA,21.913724899291992
AACAAAAGTATCATAAGAAAGAGAAGATTA,16.695180892944336
AACAAAGTGAAAGGAAAGGAGATAAGCAGA,38.05624008178711
AACAAAGTGAAAGGAAGAAAGAGAAGATTA,33.2857551574707
AACAATAAAATTCAAAGGGGGGTGAATTCA,44.933143615722656
AACAATATTACTCAAAGGGGGGTGAATTCA,56.62752151489258
AACAATAGTATTATAAAGGAGAGACAAATT,5.9000444412231445
AACAATAGTATTATAAAGGAGGTAAGTAGA,7.737066268920898
AACAATAGCAGTTAAAGGGAGGTAAGTTGA,19.833139419555664
AACAATCGCTGTGAGAGGGGGGGAAAAGTA,37.08317947387695
AACATACCAAGAATAGGGAAGGGGAAAGAA,23.722654342651367
AACATACCAAGAATAGGGGTGGGACAAATA,24.922889709472656
AACATTAGTTGTGAAAAGAAGGGGAAAGAA,11.765098571777344
AACATTAGTTGTGAAAAGGTGGGACATATA,32.89015197753906
AACATCACAAGAATAGGGAAGGGGAAAGAA,3.461961030960083
AACACAAATAAATAAGAGGTGAAACGGTAA,12.386369705200195
AACACAAATAAATAAGGAAAGAGAAAAAAA,27.526973724365234
AACACAAGAAAAGGATAGGTGAAACGGTAA,19.533960342407227
AACACAAGAAAAGGAGGAAAGAGAAAAAAA,22.807329177856445
AACACGAAAATAGTTAAGGGGTGATTACAA,29.010705947875977
AACACGAAAATAGTTAAGGGGGAGCTAATA,21.63661766052246
AACACGAAAGTAGTAATGGAGGTAAAAATA,26.587554931640625
AACAGAAATTTTAGTGAGGGGGGGGAATGA,17.102731704711914
AACAGCAATTTTAGTGAGGGGGGGGAATGA,1.1578705310821533
AACTAAATTTAAATGAAGGGGTCGATATCA,27.694974899291992
AACTAATATCAAGAAGGGAAGTTGAAAGTA,23.226940155029297
AACTATTTAAATAGGAAGAAGAGCGTAATA,2.044473171234131
AACTATTTAAATAGGAAGGGTGGAAGTGTA,23.99420738220215
AACTATTTAAGACAAAAGGGTGGAAGTATA,22.72516441345215
AACTATTTAAGTCAAAAGAAGGGCGAAATA,18.767019271850586
AACTATCTAAGTCAAAAGGGGTGAAAAGCA,49.557640075683594
AACTATGTAAGTCAAAAGGGTGGAAGAGCA,36.71484375
AACTACACATATTTTGGGGAGGAGAAAAAA,51.85313034057617
AACTACTCTCATAAAAAGGGATGAAGGATA,62.00862503051758
AACTACTCTCATAAAAAGGGTGGAAGAGCA,43.30417251586914
AACTACGAACGTAAAAAGGGGAGATGATTA,48.206790924072266
AACTACGCAAGTAAAAAGGTGTGAAGGATA,41.89651870727539
AACTACGCAAGTAAAAAGGGGTCAATAAGA,34.34899139404297
AACTACGCAAGTCAAAGGGGGGGGAGATTA,22.362314224243164
AACTTTAGTAAAAAATAGGGGAGGTCTACA,33.213016510009766
AACTTTTAGCAAAAAAGGTGGTAGAAATTA,56.97406005859375
AACTTTTAGCAAAAATAGGGTGGGTTTATA,45.2357063293457
AACTTGAAACTAAAATAGGGTGGGTTTATA,37.70638656616211
AACTTGATACTAAAAAGGGGAGGATGGGAA,24.467613220214844
AACTTGTAACATAATAAGGAGGATTCAATA,28.7259578704834
AACTGAAGTAAGGGGAGAGGGGGATAAAAA,30.74335479736328
AACCACTAGAATTTTGGGGAGGAGAAAAAA,27.646549224853516
AACCTTAAAACTAGAAGGGGGGAGAAAAAA,16.756959915161133
AACCTTATTAATGAGAAAAGGGGAAAGAAA,23.939950942993164
AACCGTAAAAAAAAAGAGGGGGGTAGTCTA,25.91786766052246
AACGATAGTAAATAAAGGGGGTGGGTCAAA,34.73593521118164
AACGATGATAAATAAGGGGGGGGATTACGA,34.960811614990234
AACGCAATAAAAGGAGAAAAGAGAAAAAAA,34.750762939453125
AACGGTAAAAAAAATGGAGGTGTGTATAAA,28.642072677612305
AACGGTAAAAAAAATGGAGGTGTGGAGTAA,30.280155181884766
AAGAAAAAATAGAAAATGGGTTGAGTAGAA,25.58479118347168
AAGAAATAATATAAAAAGGGGTTTTGGTAA,31.595537185668945
AAGAAACTTTGGAGGAGGGAGAAGTAAACA,21.753881454467773
AAGAATGTATATGCAGAAGGGGTGATATGA,32.00774383544922
AAGAATGTATATGCAGAAGGGGTGATAGTA,20.682750701904297
AAGAATGCAAATGAAGGAGGGTTAGAAGGA,25.091236114501953
AAGAAGATCTATGCAGAAGGGGTGATATAA,38.51136779785156
AAGATAAAATAAAAAAGGGCTGGATGTTTA,34.825618743896484
AAGATAAAATAGAAAACGGGTTATGAGACA,24.179861068725586
AAGATAAATCAAAAAAGGGCTGGATGATTA,24.070280075073242
AAGATAAATCAGAAAATGGGTTGAGTAGAA,51.49137878417969
AAGATAAAGCATAAAAGGGGTGGATCATTA,32.1787223815918
AAGATAAAGCATAAACGGGGTGGATGATTA,24.25104331970215
AAGATAAAGCTTAAAAGGGGTGGATCATTA,42.33296585083008
AAGATATAAGATAAAATGAAGTGAAGAAAA,22.08683967590332
AAGATATAAGATAAATTGAAGTGAATAAAA,24.8642520904541
AAGATATAGGATAAAATGGAGTGAATTAAA,7.883551597595215
AAGATAGTTATAATAAAGGGGAAGAGACGA,34.57264709472656
AAGATAGTTATAATAAGGGAGAATAAAAAG,41.90585708618164
AAGATAGTCATAATAAAGGAGAATAAAAAG,44.380550384521484
AAGATTGTTATAAAAAAGGAGAATAAAAAG,28.68377685546875
AAGATTGTTATAAAAAAGGGGAAGAGACCT,15.255091667175293
AAGATTGTTATAAAAAAGGGGAAGAGACCG,12.175374031066895
AAGATGAGAAAATAGAGGGAAAGATAATCA,62.73090744018555
AAGATGGAGATAATAGGGGAGAAAGAGACA,26.722097396850586
AAGACCTTGAAAGAAAGAGAATGAAGAAAA,24.143585205078125
AAGACCTTGAAAGAAAGAGATGAGAAAATA,20.633800506591797
AAGACCTTGAAAGAAAGAGAGTGAAGAAAA,27.118711471557617
AAGACCTTGAAAGAAAGAGAGGAGAAAATA,24.823301315307617
AAGTAAGTAAAGCATGAGGAGGATAAATGA,31.810407638549805
AAGTAAGCAAAAAAAAAGAGGTCGTAAATA,28.827903747558594
AAGTATAATAAAGGAACGAGGTGGGTAATA,14.929910659790039
AAGTATAATGAAGGAAAGAGGTGTGAAATA,3.764389991760254
AAGTACTCTTAATAAGGGAAGGTGAAAATA,42.93902587890625
AAGTTTACTAATTAGATGGAGGAGTGAATA,25.16421127319336
AAGTCAATTTAATTAGAGGGGGATCATTTA,32.05991744995117
AAGTCAGTAGAAAAAGAGGAGGGAAACAAA,26.009572982788086
AAGTCAGTAGAAAATGAGGAGGGAAATATA,37.21782302856445
AAGTCTTAGTATAAGGAGAAGGGATTCAAA,19.258342742919922
AAGTGAGTAAAAGATGAGGAGGATCATATA,21.284587860107422
AAGTGAGTAAAAGATGAGGAGGAGCGAATA,22.379758834838867
AAGCAAGTCAATGAAGGGGGGAGACTATCA,44.80728530883789
AAGCACAAATTAAGAAAGGGGATAAGGCAA,26.05616569519043
AAGCACTAATTAATGAAGAGGAGACTATCA,17.581424713134766
AAGCTAGTGAATGAAGGGGGGAGACTATCA,15.297425270080566
AAGGGAATAAAAGATGAGGAGGATTGAAAA,22.304140090942383
AAGGGAGTAAATGATGAGGAGGATTGAAAA,30.62238311767578
ATAAAAAATACTATCAGAAGAATAATAAAA,13.011391639709473
ATAAAAATCATTCAGAATGGGAGGAAACAA,19.801189422607422
ATAAAAATCATTCAGAGTGGGAGGAAACAA,7.377048492431641
ATAAAAATCAGTGAAGAGATGTTGTTAAAA,21.676889419555664
ATAAAAACATTCAAAAAGGGTAAGGACGAA,33.73345184326172
ATAAAAACATTCAAAAAGGGTTTGTTAAAA,39.52362060546875
ATAAAAAGTAAAAAAAAGAGTCAAATTACA,34.84355163574219
ATAAAATATGTTGAAAAGGCGATATTATCA,36.404945373535156
ATAAAATATGTTGAAAAGGCGATATTATGA,35.162384033203125
ATAAAACATTTCGAAAAAGAGTTTTTAATA,44.35636520385742
ATAAAACATTTCGATAAAGAGTTGTTAATA,34.17210006713867
ATAAATAACAGGAAAGAGGGAGTAACGTAA,21.47664451599121
ATAAATATTTACTAAGAGGGAGTAGTGTGA,27.50245475769043
ATAAACTCTTTAGAGGGGGAATTAATAAAA,19.334936141967773
ATAAAGACTTACGATAGGGGGGTGGAATGA,34.60520553588867
ATAAAGTATATTGTAACGGGGGTGTTATGA,4.863563537597656
ATAAAGTATGTTGAAAGGGGATAACAAGAA,35.505836486816406
ATAAAGTATGTTGATAGGGGGGTATTATGA,34.427188873291016
ATAAAGTATGTTGATAGGGGGGTGTTATGA,21.5759220123291
ATAAAGTATGTTGAGAGGGGGGTATTATGA,15.347184181213379
ATAAAGTATGTTGTAAGGGGGGTGTTATGA,21.257722854614258
ATAAAGCAATTCGTAAGGGGGGTGTTATGA,49.070716857910156
ATAATTGTAAAAAGAGAAAGGTGTATATAA,24.76930809020996
ATAATTGTTAAAAGAGAAAGGTGTAAGAAA,11.271071434020996
ATAATTGTGAAAAGAGAAAGGTGTAAGAAA,23.48475456237793
ATAATCTAAGAGAAAGATGGGAAAAATAGA,17.65570640563965
ATAATCCATTATAAAGATGGGAAAAATACA,39.27542495727539
ATAACTGTTTTGGTAAAGGAAGGATTAACA,26.07028579711914
ATAACCATATGTTTGAAGGGAGGATTAACA,48.06094741821289
ATAACCTCTTGAGAAGAGGGGTAAGTTATA,22.395549774169922
ATATAAAAAAAATAACGGGGATGGATATCT,21.540102005004883
ATATAAAAACTCAACGAGGAGTGGAAATAA,36.4593620300293
ATATAAAATAAAAAACGGGGGGAATCATCT,34.08922576904297
ATATAAAATAAATAAAGGGGATGTATATCT,12.586978912353516
ATATAAAATAAATAACGGGGGGAATTATCT,3.379004716873169
ATATAAAATAAATAACGGGGGGAACCCACG,29.95854949951172
ATATAAAATAAATTAAGGGGATGGATATCA,24.90764617919922
ATATAAAATAAATTACGGGGATGGATATCA,45.43091583251953
ATATAAAATTAATAGAGATGGGAATCCACA,24.284345626831055
ATATAAAATTAATAGAGGGGATTGATATCT,17.702421188354492
ATATAAAATTAATCAAGATGGGAATCCACA,24.03563690185547
ATATAAAATTAATCAAGGGGATTGATATCT,16.656558990478516
ATATAAACATTTTACGAGGAGGTGATATAT,27.174470901489258
ATATAATATTCGAAAGAGGGAGATAGGATA,24.899953842163086
ATATAATAGTCGAAAGAGGGAGATAGGATA,26.482685089111328
ATATAATAGTGGAAAGAGGGAGATAGGATA,15.439900398254395
ATATATCTGAAATAGAGGGGGAGAGTCTTA,21.06317138671875
ATATTAAATAACAAAGGGAGCGGGTGAATA,33.795101165771484
ATATTATACTCGAAAGAGGGAGATAGGATA,35.7269401550293
ATATTACAACTTTAAAGGGAGGGGTAAATA,28.458829879760742
ATATTAGCTTGAAAATGGGAGGGGTGAATA,29.361236572265625
ATATTTTATAATAGAGGGAGAGGGTGAATA,33.9511604309082
ATATTCAACTAAAGATGAGAGGTGAGAAAA,45.51921463012695
ATATCAAAAGCTAGAAGGAGGGACTTGATA,42.61136245727539
ATATCAAAAGCTAGAAGGAGGGACTTGTAA,34.4913215637207
ATATCATTAAATAGAATGGGGAAAGTACGA,13.208555221557617
ATATCTAATAATAGAATGGGGAACGTACGA,36.17041015625
ATATGAACATTATACGAGGAGGTGATATAA,0.8932042121887207
ATATGTCTAATTTAGAGGGCGAGAGTCATA,21.832677841186523
ATATGTCTAATTTAGAGGGGGAGAGTCTAA,22.439939498901367
ATATGCTAGTTTGAAAAGGGGAAAGTCTAA,59.64196014404297
ATATGGTAGTATGAAAAGGGGTAAGTGCAA,33.20322799682617
ATATGGTAGTATGAAAAGGGGTAGGTGCAA,45.71499252319336
ATATGGTAGTATGAAAAGGGGTGAGTCTAA,61.76469039916992
ATACAAGAAATGACTGAGAGGAGATTAAAA,10.059807777404785
ATACATACTATTAAAGAGAGGAGATTAAAA,27.8385066986084
ATACTAAAAAATTAAGAAGATAGTGAAAAA,26.406721115112305
ATACTAATTATAACAGAGGTGGGAGTAACA,30.127107620239258
ATACTAAGAAATAAAGAAGGGGACCGATAA,16.798627853393555
ATACCTTCAAAAGAAAGAGGGATAAATATA,35.34597396850586
ATACCTTCAAAAGAAAGAGGGATAAGTCTA,41.22708511352539
ATACGACATAAATGATAAGGGGGGAATTTA,36.17452621459961
ATACGACATGAAGAAAGAGGGATAACGTTA,11.538846015930176
ATACGACATGAAGGAAGAGGGATAACTCTA,22.472881317138672
ATACGAGATAAGAAAGAGGGGAGGATTACA,34.476158142089844
ATACGAGATAAGAAAGAGGGGGTACTAGAA,16.101964950561523
ATACGTAATATTAAAGATGGAAGGTTAAAG,40.94567108154297
ATACGTTTAATATTAAGGGGGGTACTGTGA,1.8937656879425049
ATAGAAAATAAATAACGGGGGGAATTCACG,30.698135375976562
ATAGAATATTGAAGGGAAGGAGGTTAGATA,22.977798461914062
ATAGAATTTACTCGAGGGGGGGAAGTATAA,30.53074073791504
ATAGTAATTATAAAAGGAGGTTTAGCAAAA,16.066587448120117
ATAGCTTCCAGAAGAAAGGAGGGATTAGAA,27.643600463867188
ATAGCGTACAGAAGAAAGGGGTGTTTAGTA,50.404170989990234
ATAGCGTACTGAAGGGAAGGAGGTTAGAAA,45.715423583984375
ATAGGATATAGAAGAAAGGGGTGTTTAGTA,36.75083541870117
ATAGGATATTGAAGGGAAGGAGGTTAGATA,26.760744094848633
ATTAAAAATATTCTATAGGGGTAAGGGATA,25.858898162841797
ATTAAAAATATTCTATAGGGGGGTCTAGAA,1.3069928884506226
ATTAAAAAGGCGAATGGGGGGGGTTTAGAA,16.15825843811035
ATTAAATTTCATTAAAATGAGGAATTTATA,36.73362350463867
ATTAATATGATATACGGGGTGGGAACAACA,24.563220977783203
ATTAATATGATAGGTAAAGGGGGAACAACT,10.612669944763184
ATTAATACATTTAAAAAGAGAGGATAAGCA,23.075464248657227
ATTAACGTAAAGAAAAAGTGAGGATAAGGA,61.29652786254883
ATTATTTAGATGACAAACGGGAATATATCA,34.4432258605957
ATTATGTATATAGGAAGGGTGAAATTGAAA,45.68339538574219
ATTACAAAGGAGTAAACCGGGGGAAAAAAA,44.6517448425293
ATTACAGAGATTAAAGAGGGTTTAGGAATA,23.945205688476562
ATTTATATAAAAAAAATGGGATTATAGTAA,6.927552223205566
ATTTATATTAAATAAAAGGGGATGAATTCT,28.694927215576172
ATTTATACATTTAAAAAGAGAGGATAAGGA,3.969778537750244
ATTTATTAGATATATAGGAGGAAAATCATA,2.2803471088409424
ATTTAGAATTAAAATTGGAGGAAAATCATA,20.754472732543945
ATTTAGAAGTATAATTGGAGGAAAATCATA,14.876476287841797
ATTTTATTCTACTATAAGGGAGGGTTAAAA,65.6971664428711
ATTTTATTCTACTATGAGGGAGGGTTAAAA,56.7811164855957
ATTTTATTCGACTATGAGGGAGGGTAAAAA,43.427825927734375
ATTTTATGATTAAAATAGTGGAAAATTATA,18.93045425415039
ATTTTATGATTAAAATAGTGGTTAATTAAA,3.361889123916626
ATTTTATGCTAAAATTGCAGGTTAATTAAA,20.555953979492188
ATTTTATGCTAAAATTGGAGGAAAATTATA,39.84280776977539
ATTTTTATAAAAAAAATAGTATTTAAGTAA,43.648216247558594
ATTTTTATAATAAAAATGGGGGTAGGTAGA,37.54280090332031
ATTTTCTTGATAAAAATGGGGGTAGGTAGA,31.08609962463379
ATTTTGAATATAAGAAAGTGGTTAATTAAA,35.172706604003906
ATTTCAATCATCAGAAAGGGGAAGAAAACA,20.300519943237305
ATTTGATTTTTTGAAAAGGGGAAAATCTAA,29.53647804260254
ATTCATCTAAAACAAGAAAGGGAATAGTTA,34.46616744995117
ATTCATCTAAAAGAAGAAAGGGAACTTTTA,46.059326171875
ATTCTAAAAGCACAAAGGGAGGAATAGTTA,27.228097915649414
ATTCTAAAAGCACAAAGGGAGGATCTTTTA,32.268741607666016
ATTCTATAAGCACAAAGGGAGGAATAGATA,33.17644119262695
ATTCTATGTATAAAAGAGAGGGTTGAGTTA,37.603031158447266
ATTCCACAGTTTAAAGAGGGGAAAATCTAA,22.90022850036621
ATTGAATAATAATTGGAGGGGTTATACAGA,26.988527297973633
ATTGTTACTAAAAAGGGGAGGTCTACAATA,33.62156295776367
ATTGGACATTATATAAAAGGAGAGAGATTA,56.44778823852539
ATCAAAATAAACTGAAAAGGAGAGAGATTA,32.87751388549805
ATCAAAACAAATGAGAGGGAGGTATCCATA,18.300800323486328
ATCAAAACAAACTGAAAGGGGAACTTTTAA,21.07621192932129
ATCAATAAGTATTAGAGGGGAAGCAAAGAA,11.129416465759277
ATCAACAAAGGGAAAAGGGGAAGGAAAGAA,17.195758819580078
ATCAACTAAGGGAAAAGGGGAAGGAAAGAA,23.011686325073242
ATCATTAAGGTAATAGGAGGGAGACATACA,29.50018882751465
ATCATTAAGGTAATAGGAGGGGGGTTCTTA,14.182121276855469
ATCATTGTAAACTGAAAGGGGAAGTTCTAA,25.917665481567383
ATCACTATGTAAAAAAAGGGGACCATGCAA,48.211673736572266
ATCTAAAAGGAGTAAAGCGGGGGAAAAAAA,30.20054817199707
ATCTATATGTAAAAAAAGGGGACCATGCAA,47.77906036376953
ATCTATATGTAAAAAAAGGGGTCCATGCAA,46.21806335449219
ATCTACAAAGGGAAAAGGGGAAAAATAAAA,17.476774215698242
ATCTACACAGGGAAAAGGGGAAAAATAAAA,18.843416213989258
ATCTTATATATTAAAGAGGTGTTTTGAATA,24.923213958740234
ATCTTACTATAAAAAAAAGGGAGAAGACAA,19.440670013427734
ATCTTAGATGAAAATAAAGGGGGAAGACGA,12.57331657409668
ATCTTAGTTGAAAAAAAAGGGTGAATCATA,26.635595321655273
ATCTTAGTTGAAAAAAATGGGATACTAATA,27.016387939453125
ATCTTCGTTGAAAAAAAAGGAAGAAAAAAA,19.995649337768555
ATCTTCGTTGAAAAAAAAGGGTGATTCATA,36.045692443847656
ATCTTGTATATTAAAGAGGTGTTTTGAATA,33.58641052246094
ATCTCAAGTGTATAAGAGGGGTGATTCATA,31.824234008789062
ATCTCCAGTGTATAAGAGGGAACAAAAGAA,12.53549575805664
ATCTGCAAATATCAAAAGGGGAAAGTCTAA,21.050369262695312
ATCCTCGATTTAAAAAAGGAGAATGTATAA,13.496766090393066
ATCGACGATTTAAAAAAGGAGAATGTATAA,0.9797461032867432
ATCGAGATATAGTAAAGGGGGAGTAAAACT,26.22052764892578
ATCGAGATATAGTAAAGGGGGGTTTGGTAA,18.582317352294922
ATCGTAAACATTAAAAAGGGGAGTAAAACT,45.011478424072266
ATCGTATTTATTAAAAAGGGGTTTTGGTAA,24.380342483520508
ATCGTATTTATTAAAGAGGGGTTATGGTAA,8.259801864624023
ATCGTACTATGAATAAGGGAGAGATAAGCA,2.788637399673462
ATCGTCCTATAGTATAGGGGGGGTAAAAAA,16.07431411743164
ATCGCAAACATTAAAAAGGGGTTTTGGTAA,26.697263717651367
ATGAAATAATATTAAGAAGGAACTAGATTA,24.807130813598633
ATGATATAGGATACAAGGGGTGGAGGATTA,44.33256149291992
ATGAGAAAAAGGATAGGGGGATGGTAGTCA,22.205698013305664
ATGAGTAAAAGGATAGGGGGTTAATTCTCA,59.887535095214844
ATGAGTATAATGATAGGGGGTGAATGTTTA,32.21867370605469
ATGTAATATTTGAAAGGGGAGTGTTTCCAA,27.701074600219727
ATGTAATATTCGAAAAGGGAGTGTTTCCAA,21.794836044311523
ATGTAATATTCGAAAAGGGAGCGTTCTTCA,29.060285568237305
ATGTAATTTTTGAAAGGGGAGTGTTCTTCA,29.760862350463867
ATGTATAATAGGAAAGGGGGTGTTTTACAA,22.450122833251953
ATGTATAATTGCCAGAGGGGGGATATAAAA,27.079551696777344
ATGTAGAATTAAAATTGGAGGAAAATCATA,25.199405670166016
ATGTAGCACAGGAAAGGGGGGGTTATACAA,37.135841369628906
ATGTAGCACAGGAAAGGGGGGGTTTTACAA,43.2484245300293
ATGTTATAATATAAAGGGGGGGTTATACAA,31.05927085876465
ATGTTATAATATAAAGGGGGGGTTTTACAA,39.830039978027344
ATGTTATAATATAATGAGAGGGAACGAAAA,3.0903024673461914
ATGTTATAATATAGTGAGAGGGAACGAAAA,29.178770065307617
ATGTTATAATATAGTGAGAGGGAACGAACA,26.983814239501953
ATGTTAGCTTCAAAAAAGGAATAAATAACA,56.54496765136719
ATGTTAGCTTCAAAAAAGGAATAAGTAAAA,45.4263916015625
ATGTTTAATAGCAGAGGGAGGGTAAGAATA,30.040433883666992
ATGTTCAACAAAAGAGGAGGGCGATGAATA,20.72201919555664
ATGTTGATTTATAAATGGGGGGTTTAACTA,50.539546966552734
ATGTTGATTTTAAAATGGGGAGTTGATATA,47.53077697753906
ATGTTGATTTTAAAATGGGGAGGTGATATA,42.37900161743164
ATGTCTTTATATGGAAGGGTGAGAATATTA,15.70673656463623
ATGCACGTTGATAAGGGGAGGGAATAGATA,36.25979232788086
ATGGATTTATATAAGAGGGGGTAATCGCTA,40.9434928894043
ATGGTAAACAGCTAAAGGGGGGAAAAACCA,23.066871643066406
ATGGGACATTATAGAAGAGGAGGAACAAGA,52.01102066040039
ACAAAAAGTAAAAAAAAGAAGTTGTTAAAA,30.057435989379883
ACAAATACTATTAAAGATGGGGAGATTAAA,47.75642776489258
ACAAAGATAAAAGAAAGTGAAGAGATTAAA,52.488224029541016
ACAAAGGTGAAAGAAAGGGGTTGGGAGATA,44.88590621948242
ACAATATGATAACAGAGGGGTTGGTAGATA,55.967952728271484
ACAATTCAAAGTTAAAAGGTGGAATCATGA,31.343128204345703
ACAACAATGAGACAGGGGGGGGAGTCATCA,20.059362411499023
ACAACCATGAGACAGGGGGGGGGGCAAATA,19.825977325439453
ACAAGAATCAAATATAAAGGGGATCGAACA,22.75106430053711
ACAAGAACTCATCAAGGGGGGAGACGATGA,30.44329261779785
ACAAGTATTTAAAAAGAGGGGAAAAATACA,29.01848793029785
ACAAGTATTTAAAAAGAGGGGAGACGATGA,38.51408767700195
ACAAGTATTTAATACAAGGAGGGAATCTCA,70.97891998291016
ACAAGTATTCACCAAGGGGGGAGAAATACA,36.43034744262695
ACATAAAACTAAAAAAGGGATGGTGACAGA,30.55015754699707
ACATAAATCTAAAAAAGGGATGGTAATATA,32.474220275878906
ACATAAACTAAATAGCAGGGGAAGTGAACA,42.698612213134766
ACATATAACTAACAAAGGGATGGTTTGAGA,37.4520378112793
ACATATAACTAACAAAGGGGGGAGAACAGA,26.231523513793945
ACATATAACTAAGAAACGGTGGAGTTGAGA,34.70722198486328
ACATTAGAAATCAAAAGAGGAGGTTCCTTA,23.130037307739258
ACATTAGAAATCAAAAGAGGGGGAAGATAA,0.9099721908569336
ACATTTATTAATGTAAGGTAGGGAAGATAA,28.86168098449707
ACATTTATTAATGTACGGTAAGGTTCCTAA,0.9728273153305054
ACATTTAGTAAAGTAAGGTAGGGAAGATAA,18.46673011779785
ACATTTCACTAAAAAAGGGGGCAGTGAATA,25.34588050842285
ACATTGAATTAATGCGAGGAGTAAATAATA,35.88273620605469
ACATTGAATTAATGCGGGGGAGGATTAATA,44.41229248046875
ACATCAGAAAATAATGAGGAGTAAAAAATA,22.180871963500977
ACATCAGAAAAGAATGAGGAGTATATTTAA,35.935081481933594
ACATGAACTAAATAGGGCGGGAGGTGATCA,22.189802169799805
ACATGAACTAAATAGGGGGGGAAGTGATCA,19.208349227905273
ACATGAACTAAATAGGGGGGGAGGTGATCA,28.077539443969727
ACATGAAGTAAATAGGGGGGGAGGAACAGA,35.52297592163086
ACATGAAGTAAATAGGGGGGGAGGTGATCA,29.528379440307617
ACATGTAACTAACAAAGGGGGGAGAACAGA,34.1923828125
ACATGTAACTAACAAAGGGGGGAGTGATCA,25.858930587768555
ACACCAATATTTAAGAAGGGGTAAGTATCA,92.88710021972656
ACACCAGAAAAGAATGGGGGAGGATTAATA,34.700469970703125
ACAGACATATACGAAGAGAGGGTATAAATA,49.57175064086914
ACAGGAAAAAATCAAGGGGGTGATATCACA,34.29667282104492
ACAGGAAAAACAGTATGGGGGGATATCACA,39.27885818481445
ACTAAAATTCGTTAATGGGGGGATATCACA,40.493473052978516
ACTAATAATAAAGCTATGGGGGGATTAGCA,27.25962257385254
ACTAATTTAAATGAGAAAGTGGGATTAGGA,51.21049118041992
ACTAATTTAAATGAGAAAGTGGGATTGTGA,37.54465103149414
ACTAATTTTATTAAAGAGGAGCGAATAGGA,18.955541610717773
ACTAATGAAAATAAAAAGAGGGGACTATTA,29.860231399536133
ACTAATGATAAAAATGTGGGGTGGTGAGGA,37.8126335144043
ACTAATGATAATAAAAAGAGGGTACAATTA,19.50130271911621
ACTAATGTTATTAAAGAGGAGCGATAAACA,16.520090103149414
ACTAATGTTAGTCAAAGTGGGGGGTAAACA,47.761932373046875
ACTAATGGTAGTCAAAGTGGGGGAAGAAAA,33.17952346801758
ACTATATATGATAAAATGGAGTGAAGAAAA,46.00361251831055
ACTATATATGATAAAATGGAGTGGTAAACA,45.59628677368164
ACTATATAGTATAGAGGAGCGGTACAAACA,15.962544441223145
ACTATTAATAATGAAAATGATGTAGAAAAA,45.73489761352539
ACTATTTAATATAGAGGAGGGGTTAATACA,4.7179436683654785
ACTATTTAGTATAAAAAAGGAGGTAATAAA,39.387752532958984
ACTATTCAAAGTTAAAAGGTGGGGCAAATA,34.72652816772461
ACTATTCAGGGTAAAAAAGGAGGTAATAAA,25.986595153808594
ACTAGAAAGGGTAAAAAAGGAGGTAATAAA,26.91359519958496
ACTTAAGATAAATAAGGGGAGGGTGCGTCA,31.193567276000977
ACTTACATATAAAGTTAGGGGGGAGAAATA,24.44625473022461
ACTTTGCATAAATAGAAAAGGGTTTAAAGA,40.77275085449219
ACTCAAATTATTAAAGAGGAGCGATTTATA,25.585025787353516
ACTCATATTATTAAAAAAGGGAAATAAACT,8.391947746276855
ACTCATTTTATTAAAGAGGAGGAAATATAA,62.11053466796875
ACTCAGATATTAAGTTAGGGGGGAGAAAAA,28.247560501098633
ACTCAGTTATTAATAAATGGGGGATTATAA,29.14874839782715
ACTCTTTTTATTAAAGGGGAGGGTACATTA,22.658769607543945
ACTCTTTTTCTTAAAGGGGAGGGAGCGTCA,24.77227210998535
ACTGAAGTTAAATAAGAGAGTGAAGCGTCA,57.84994125366211
ACTGAAGTTAAATAAGAGAGTGATACATTA,35.75092315673828
ACTGAGAAAACATAAGAAGGGGGGGTACCA,1.3388856649398804
ACCATCTGTTAGAAAAAGGGGATATATACA,22.163564682006836
ACCACAAATTAATAAGAGGGGATAAGATGA,22.39972496032715
ACCCTAAGGAAAAAAGGGGGAAGCATAAAA,37.74565505981445
ACCGGAAAGATAGTAAGAGGGGGATAATCA,17.55674934387207
ACGAAATAATATAAAAAGGGGTTTTGTAAA,41.47727584838867
ACGATATATGATAATGGAGGATTCTAAAAA,69.96668243408203
ACGTCTTAGTATAACGAGAAGGGATTTATA,24.72905158996582
AGAAAAAATATATGAAAGGGTGTACACGAA,29.290414810180664
AGAAAAAATATATGAAAGGGTGTACACGCA,28.46116828918457
AGAAATAGTACAAGAAAGGGGCGATTGGAA,39.331390380859375
AGAAATAGTACAAGTAAGGGGCGAATGGAA,44.0482063293457
AGAAATAGTTCAAGAAAGGGGCGAATGGAA,26.7647762298584
AGAAATGATCAAAAAAGGAGGATAGAAGCA,19.483118057250977
AGAAAGAATTAAGAACAAGGAGAAGAAATA,45.02639389038086
AGAAAGAATCAAGAAGAAGAAGAAGAGTTA,43.80018615722656
AGAAAGAATCAAGAAGAAGAGGAAGAGTTA,44.327335357666016
AGAAAGAATCAAGAAGAAGAGGAAGAGGAA,38.47954559326172
AGAAAGAATCGAGTAGAAGAGGAAGAGTTA,39.17282485961914
AGAAAGCTCAGAAAGAGGGAGGGTTATTTA,37.666969299316406
AGAAAGCTCAGAAAGAGGGAGGGTTATGAA,36.5333137512207
AGAATACATATCTGAGAGGAGGGTATATCA,69.0960693359375
AGAATACACTGTGTAAGGGGGATATTAAAA,21.82882308959961
AGAATTATACTAATAACGGGGGAAGGAAAA,22.212514877319336
AGAATTATACTAATAACGGGGGAAGGAATA,23.51023292541504
AGAATTAGAATAATAAAGGCGGAAAACTCA,23.714014053344727
AGAATTTTAAAAAGAGAAATGGGGATGTAA,37.55646896362305
AGAATTTTAAAAAGAGAAATGGGGATGTTA,36.61928939819336
AGAATTTTCAAAAGAGGAGAGGTGAGATAA,35.35363006591797
AGAATCAAAAAAAGAGAAATGGGGATGTAA,26.94072914123535
AGAATCAACACAAGAGGAGAGGTGTGAAAA,12.697382926940918
AGAATCAACACAAGAGGAGGGGGAGGCATA,11.804741859436035
AGAATCTTTACAAAAATGGAGGTGAGATAA,10.271748542785645
AGAATCTTTACAAAAATGGGGGTAGGCATA,21.803997039794922
AGAACTAATTGAAAGTGGGAGGGGTCATTA,31.90682601928711
AGAAGAAAAAAGAAGGCGGGGAGTAAAACA,25.347566604614258
AGAAGAAAGAAATAAAAGGGTGATTTAGAA,9.073593139648438
AGAAGAATGAAAGGACGGAGGGTGCAAAAA,19.533445358276367
AGAAGAACTCATCAAGGGGGGAGAAATACA,30.6981258392334
AGAAGACATATCTAAAAGGGTGATTTAGAA,24.427644729614258
AGAAGTAACGTAAAAAAAGGATGTTTAGAA,37.63523864746094
AGATAATTTATTGAAAGGGGTGGCCTATAA,9.490609169006348
AGATAATTTATTGAAAGGGGTGGCCTAGAA,2.972543954849243
AGATAATTTTATTAAAGGGGGTGGGTTTAA,22.965539932250977
AGATAATTTTGTTAAAGGGGGTGGGTTGAA,37.65299606323242
AGATTAAAAGCTAGAAAGAGGGACTTGATA,76.46131134033203
AGATTATAAATAAGAACGAGGGGGTGATAA,23.194496154785156
AGATTATAGATAAGAACGAGGGGGTAATAA,2.3752541542053223
AGATTTAAAAAAAAGACGGGGAAGCCATTA,20.484058380126953
AGATTTAAAAGAAAGACGGGGAAGTTAATA,15.926530838012695
AGATTTAAAAGAAAGACGGGGAGGTGATAA,14.842171669006348
AGATTTAATAACAAATGGGAGGGGCCATTA,5.999480247497559
AGATTTAATAACAAATGGGGGAAAATTTAA,3.9206173419952393
AGATTTAAGGATATAAAGGAAAAAAAAGCA,2.8891441822052
AGATTTATAATACTAGAAAGGAAAATTTAA,4.254540920257568
AGATGATCTTTTAAAGGGAGGGACTTGATA,35.19600296020508
AGACAATAGATCAGGAGGAGGGTATTAAAA,10.521882057189941
AGACATTATATAACGGAGAGGGTGAGATAA,18.609052658081055
AGAGATATAATATTAAGGAGGATAGAAGCA,38.58103561401367
AGAGATAGTACAAGAAAGGGGCGAATGGCA,39.46786880493164
AGAGATAGTTCAAGAAAGGGGCGAATGGAA,37.899478912353516
AGAGTATACTGTGTAAGGGGTATTTTAAAA,29.468290328979492
AGAGTACAATGAGTAAGGGGGATATTAAAA,29.06569480895996
AGAGTACAATGAGTAAGGGGGATATTCACA,59.04775619506836
AGAGTACAATGAGTAAGGGGGTGAACCATA,30.49932289123535
AGAGGATACTGTGTAAGGGGGATTTTAAAA,34.67757797241211
AGTAAATAAATGAATAAGGGAATATTTACA,15.37499713897705
AGTAAATAAATGAATAAGGGATGAACCATA,29.38823890686035
AGTAAAGATAGGAATAAGGGATTAACCATA,24.68755340576172
AGTAATAAAATGAATAAGGGATGAACAATA,33.8452262878418
AGTAATAAAATGAATAAGGGATGACCCATA,29.956438064575195
AGTATTTAATTAACAAGGGGAGTATTCAAA,35.81675720214844
AGTATTTAAGTAACAAGGGGAGCATTCATA,26.996044158935547
AGTAGACATATCGGACGGAGGGTGGAAAAA,54.566856384277344
AGTTAATAAAAAAGAGTAGGGAAGTTTAAA,8.71674633026123
AGTTAGTAAAATAAAAAAGGGAAATTAGGA,3.79236102104187
AGTTAGTAAAATAACAAAGGGAAATTAGGA,11.513055801391602
AGTTAGTAAAATAGAGTAGGGAAGTTTAAA,21.826677322387695
AGTTTACATTTAAAAGAAAGAGATTGGAAA,29.076549530029297
AGTTTACATTTAAAAGAAAGGAAAATTTGA,27.390871047973633
AGTTTACATTTAAAAGAAAGGAAAATGAAA,24.311002731323242
AGTTTACATTTAAAAGAAAGGGATTGTTGA,11.091682434082031
AGTTTTTATATAGAACGGGAGGATTGGACA,27.34218978881836
AGTCTTTAAATGAAAAGAGAAGAAAACGTA,22.283456802368164
AGTGAATATATCGATAAGGGGGGGGTTCCA,33.68083953857422
AGTGTATAATTAAAAGAGAGGGTACTGAGA,26.356382369995117
AGCAAAAATATATGAAAGGGTGAAATGTAA,28.140409469604492
AGCAAATATAATCGAGGGGAGGAAGTATCA,31.020071029663086
AGCAATATGAAATGAAAGGGTGGGGTCAAA,26.790630340576172
AGCAATATGGAATGAGAGGGTGGGGTCAAA,34.994956970214844
AGCAACATGAAATAAAAGGGTGAAGAAATC,22.974214553833008
AGCACATATTTACATAAGGGGGGGGTAAGA,28.18858528137207
AGCTATTTTAAAGAGAGGGGGGTAATTATA,27.029617309570312
AGCTGACACGAAGAGACGGGGGTAATTATA,40.31284713745117
AGCTGACACGAAGAGAGGGGGGTAATTATA,39.27096939086914
AGCCAATGAAAATATAAGGATGGTATAATA,8.627354621887207
AGGTAAATTATAATAAGGAGGTATTCGATA,33.884761810302734
AGGTCTATATATGAAGGGGAGGTTGCAATA,31.46794891357422
AGGTCTATATATGAAGGGGAGGTGTATTGA,47.02724075317383
AGGTGATAATCTAAGAAGGAGGAGTAAAAA,27.553491592407227
AGGCAGATTAATAAAAAGAGGGAACAAAAA,16.437705993652344
AGGCAGATTACTGATAAGAGGGAACAAAAA,25.42632484436035
AGGCTACCGAAAAAATAGGGGAAATTATTA,37.02392578125
AGGCTTTAGATAATAAGGGGGACATTATCA,106.71651458740234
AGGGATAAGCACATAAAAGGGTTTATAATA,88.1917953491211
AGGGATATAAAGAAAAGGAAGGATTTGTGA,37.87772750854492
AGGGTAGGAATAACAGAGGGGGGGATAAAA,45.42422866821289
TAAAAAAAAAAGCAAAAGATGTGGTAACAT,49.220088958740234
TAAAAAAAGAAAGAAGGGGAAAGTATTGCA,37.186614990234375
TAAAAAAAGAAAGTAGGGGAGGCAATTGGA,26.449649810791016
TAAAAAATGATATAAGGGGAAAGTATTGCA,5.714930534362793
TAAAAAATGATATAAGGGGAGGCAATTGGA,19.005573272705078
TAAAAAATGGAAGAAGGAGGGGGAGTATCA,30.712505340576172
TAAAAATTAAGTTACAAAAGGTAATATACA,44.13175582885742
TAAAAATTGTGTATAGGAGGGGGAGTTCCA,21.411643981933594
TAAAAACATAAAGAAGAGGATAGTTCAAAT,23.60198402404785
TAAAAAGTTGAGCGAAAGAGGAGAAAGTAA,34.795982360839844
TAAAAAGTGAAAGAACGGGAGGGACATGGA,39.670433044433594
TAAAATAATAAAATGAGAAAACGAATAATA,45.62336349487305
TAAAATATTATCGAAAGGGAGGGACTTGGA,36.49781036376953
TAAAAGACAAAAGTGAAAGCGGAGTTAATA,52.959327697753906
TAAAAGACAAAAGTGAACGCGGAGTTAATA,51.83976364135742
TAAAAGACTATAGAAAAAGTGGAGTTAATA,46.899417877197266
TAAAAGCAAAACTTAGAAAGGGGAACAACA,33.843231201171875
TAAAAGCAAAACTTAGAAAGGGGAACATCA,31.458200454711914
TAAAAGCAAAGATTAGAAAGGGGAACATCA,17.06032371520996
TAAAAGCATAGAATTGAGAAGAGAATTTCA,13.531991004943848
TAAATTAAGGACAAGAGGGAGTGACTGTAA,19.93653678894043
TAAATTATTAACTAAGCGAGGAGGGAAAAA,31.24391746520996
TAAATTTTAAACAAAGGAAAGAATGCGATA,22.309656143188477
TAAATTTTAAACAAAGGAAAGAGGGAAAAA,22.57238006591797
TAAATTTTAAACTAAGCGAGGAATGCGATA,36.62492752075195
TAAATTTTTAACTTAGCGAGGAGGGAAAAA,38.145931243896484
TAAATCAAGGACACGAAAGGGGGTAAAAAA,40.14787673950195
TAAATGATAAAATTAAGAGGGGAATGTGCA,6.513334274291992
TAAATGATAAAATTAAGAGGGGGGTACTTT,19.785844802856445
TAAACGATAAGAAGCAAGGAGGAATGTGCA,35.74675369262695
TAAACGATAAGAAGGAAGGAGGGGTACTTT,30.078283309936523
TAAACGGTAACAAGGAAAGAATGATAAAAA,28.028093338012695
TAATAAATGAAAGAAGGGGATGGAGTACCA,26.70708656311035
TAATAATTATTTATAGGAGGGGGAGTACCA,13.52038288116455
TAATAATTAGAAGTAGGGGGTGTAACGACA,23.164731979370117
TAATAATTAGAAGTAGGGGGGAGAAAGTAA,31.636598587036133
TAATAATTCTAACGAAAGAGGAGAAAGTAA,31.83138084411621
TAATAAGTAGTAAAAATGGGGTGGCATATA,59.889286041259766
TAATAAGTAGTGAAAATAGAGAATATCAGA,49.39314651489258
TAATAAGTCTATTAAGGAGAGAAAATCAGA,7.133934020996094
TAATAAGTCTATTAAGGGGGGTGGCATATA,33.536705017089844
TAATATATGATGTAAGAGGCGGGATAAACT,35.99087905883789
TAATTAAATTATCAATGGGGGAAATAGTGA,21.387075424194336
TAATCAAATGAAGAGAAAGGGTGATATGAA,34.00551986694336
TAATCATTAAACAAAGAGAGGGAATTGCCA,41.96091842651367
TAATCACTAAGATGAGGAGGGGCAAATACA,33.474727630615234
TAATCGTGAAAACAAGAAGGAGGTTAGAAA,29.78081703186035
TAATGAAGAAAAAATAAAGGAGGTCAGAAA,33.46669006347656
TAATGAAGCATAATAGAGAGGAGATCCATA,10.183287620544434
TAATGTAAAAAAAATAAAGGAGGTTTGAAA,44.88618087768555
TAATGTAGAAAAAATAAAGGAGGTTTGAAA,46.11081314086914
TAATGCCTTAAAAAGAAGAGAGAAGTTACA,19.75948143005371
TAATGGAAATATGAAAAGAGATATAGTACA,53.785728454589844
TAATGGATATAAGAAAAGAGAGAAGTCACA,50.79446792602539
TAACAAAAAAAAGAAAAAGATAACTCAAAA,35.319068908691406
TAACAAAAAAAGTTGAAGGAGAAACTTACA,29.608135223388672
TAACAAAAGTAAGAAAAAGAGAACTCAAAA,34.45463943481445
TAACAAATGTAAGAAGGGGAGAGACTAGCA,9.495810508728027
TAACAATAATAGTTAGTAGGGAAATCAGTA,18.689279556274414
TAACAATAATAGTTAGGAGGGAAATCAATA,18.069368362426758
TAACAATAATAGTTAGGAGGGAACACAATA,2.9343600273132324
TAACAATAATAGTTAGGAGGGAACTCAATA,21.69285774230957
TAACAATAGTAGTTAGGAGGGAACACAATA,66.61568450927734
TAACAATTATCTGAAAAGAGGGACATGATA,45.136653900146484
TAACATATTGTTTATGAGAAGAGGTTAAGA,25.886646270751953
TAACTTAACTAGAAAGGAGGGAGAGTACAA,38.59981155395508
TAACTTAACGAGCAAAAAGGGAGTAAGAAA,43.2702522277832
TAACCTATATATGTTAGGGGGAGAGTACAA,28.1638126373291
TAACCTATAGAGAAAGGAGAGGTATTACCA,17.322622299194336
TAACCTTATAAACTAATGGAAGAATGAACA,24.7841854095459
TAACCTTACATATTAAAGGGAGAAACGACA,23.564590454101562
TAACCTTAGATATTAAAGGGGAGAGTACAA,44.35625457763672
TAAGAAAATAAACTACTGGAAGAATGAACA,9.528987884521484
TAAGAAAAGATATTAAAGGGGAGAGTACAA,28.979745864868164
TAAGAATAATAGTATGGAGGGATAAACCCA,16.276973724365234
TAAGAATAGAACTAAGAGGGGAGCGTAACA,35.709136962890625
TAAGAATAGAACTAAGGAGGGATAAACCTA,48.82046890258789
TAAGAACAGAACTAAGAGGGGAGCGTAACA,44.647335052490234
TAAGAACTAGGTTTAGAGGGGATAAGGAAA,33.64236068725586
TAAGACTAAAATCAAAAAGGGGGTAAGAAA,29.476749420166016
TAAGACTAATAGTATGAGGGGAGCGTAACA,14.321548461914062
TAAGAGACTATATAAGAGGAATTGTAAGAA,41.621639251708984
TAAGCTCGTAAATAAAGGGGAGAACGACGA,33.92796325683594
TATAAAAAAAATGAAAAGGAGGGAACACTA,50.762454986572266
TATAAAAATAAACTGAGGGGAAATAACTAA,24.540184020996094
TATAAAAATACAAGGAGGGGTTATAAGATA,30.0654239654541
TATAAAAATGAACTGAGGGGAAATAACATA,27.70973777770996
TATAAAAATGAACTGAGGGGATAGTTAAGA,17.699359893798828
TATAAAAACTGATTGAGGGGAAATAACAAA,46.788856506347656
TATAAAAACGTATGGAGGGGTAAAAACAAA,28.838542938232422
TATAAAAAGACAAGGAGGGTAAATAACAAA,31.83026695251465
TATAAAATCATTGTGAGGGAGAAATGAGTA,11.402897834777832
TATAAAACCAAAATAGAAAGGAAAATGTGA,23.7840518951416
TATAAATAAGTTTTGAAGGAGCGAATAAGA,39.40082931518555
TATAAATAAGTTTTGAAGGAGCGAATCCGA,42.065940856933594
TATAAATAAGTTTCAAAGGGGTAAATAAGA,31.485410690307617
TATAAATAAGTTTCAAAGGGGTAAATCCGA,18.752023696899414
TATAAATTACTAGAAAAGGAGATTAAAAAG,14.696385383605957
TATAAATTACTAGAAAAGGAGTGATTAAGA,32.13996505737305
TATAAATCTGAATGAAAGAGGTGAACAGGA,46.21537780761719
TATAAACTGAAAATAAGGGGTTCATATACA,40.60637283325195
TATAAACTGAAAATTAAAAAGTGAATGAAA,32.84398651123047
TATAAAGAGGGAAATGGGAAGTGAATGAAA,23.147180557250977
TATAATAAATAGTAAGAGGAATTAATTAGA,28.301456451416016
TATAATAACGAATTAAGGGGAATGTTACAA,43.889183044433594
TATAATTAAGTTATAAGGGATTTAATTGTA,7.597221374511719
TATAATTAAGTTTTAAAAGGGTTTAGATGA,39.134674072265625
TATAATTAAGTTTTAAAAGGGTTCAGATGA,31.535329818725586
TATAATTATCCGATAGGAGGGTTTATTATA,25.939538955688477
TATAATGAATAGTAAGAGGGGTTTATAAGA,24.40569496154785
TATAATGATCAGTTAGGAGGGTTTATAAGA,27.255788803100586
TATATAATTCAATAGGGAAGGAAATCGACA,40.95073699951172
TATATAATCATTGTGGGGGGAAATAGAAAA,24.04058265686035
TATATATAAGGAACAAAGGAGTGAGTTGAA,34.45197296142578
TATATATCAGTAAATAAGGAGTGAATTGCA,34.59009552001953
TATATATCAGTAAATAAGGAGGAATAGTAA,27.150503158569336
TATATTGAAAAAAATTAAGGGAGGTTTACA,28.496809005737305
TATATTGTATAGTAAGAGGGATTAATTAGA,44.178470611572266
TATATGATTATCAAGACGGAGGAATAGTAA,33.012611389160156
TATACAAATGATTTAAGGGAGTGGTTGTAA,31.69843292236328
TATACAGTACATTAAAGGAAGTGCATGAAA,49.60349655151367
TATAGAAAAAAAAATTAGGGGAGGTTTACA,29.94161033630371
TATAGAAAATAGTAAGAGGGATTAATTAGA,26.215559005737305
TATAGAAGAAAAAAGAAAGGGGAAGATCCA,25.15696144104004
TATAGTATTATCAAGACGGAGTGAAGTGCA,17.047870635986328
TATAGGAATACAAAGAGGGACGATAGAAAA,25.911420822143555
TATTAACTTTTAGGGAGAGGAGGTTTGTAA,15.713223457336426
TATTAACTTTTAGGGAGAGGGGATATCTGA,33.10886764526367
TATTAAGTTGAACGAAAGAAGGAAAATTAA,27.553606033325195
TATTATAAAAAAAAAATAGGATTTTACGAA,44.83839797973633
TATTAGGTATTGAAAAAGGGGACTGAGACA,46.5029296875
TATTTATAAAACGATAAGAAGAGATTCAAA,20.34278678894043
TATTTTAACTATAAAAAAGGGAGTAGCTCA,25.605792999267578
TATTTTGAGCAGAAAAAAGGGAGTATCTCA,25.170198440551758
TATTTTGTATAGAAAAAGCGGGGGTGAAAA,28.931638717651367
TATTTTGTATAGAAAAAGGGGAGTATCTCA,18.4333438873291
TATTCATCTAACGAAAGAGGGGCGTGAAAA,36.672115325927734
TATTCATCTAACGAACGAGGGAGTATCTCA,14.83812427520752
TATTCTACATAGAGTGGGGGGGGACTTACA,42.61845779418945
TATTCTCATTAGAAAAGAGAATGGAAATCA,34.414634704589844
TATTGATGTAAAGAAAGGGGAGTGAGTCCA,31.444843292236328
TATCAATTTAAAGAAAGCGGCAAACTAACA,27.804296493530273
TATCATTTTATTATAGAGGAGGAATGGAAA,20.031631469726562
TATCATTGTATTAAAGAGGAGGAATGGTTA,17.83820152282715
TATCTAATTCAATAGGGAAGGAAATAAACA,12.723155975341797
TATCCATTAATAAAAGCGGGAACATTATCA,14.980450630187988
TATCCAGTTAAAGAAAGAGGAGAGGTAATA,32.251102447509766
TATCGTTAAAAATACAAGGGAGAGGGAATA,27.51723289489746
TATGATCACCTTAAAAGAGTGGAAACGACA,35.110870361328125
TATGTTCTGTAATTAAGAGGGTAGGAAAAA,8.797760963439941
TATGCAATATTGAAAAAGGATGATTTAGCA,32.59741973876953
TATGCTACATAGAGAAAGAGGGAATTAGCA,29.00618553161621
TATGCTTTTTAGAAGAAGAGGGGAATTTCA,13.935076713562012
TATGGATTACTATTAAGGGGGTGGAAAAAA,20.296937942504883
TACAAAAACTAGGAGAAGAGGGGAATTTCA,27.979001998901367
TACAAATGCGTAAATAAAGGGAAATTAAAA,82.4922103881836
TACAAATGCGTATAAAGAGGGAAATTAAAA,35.32356643676758
TACAAGTTAGACGAGGGGAGGGGGTAAATA,33.215877532958984
TACATAATGACCGAGGGGAGGGGGTAAATA,28.906253814697266
TACATAAGAAAGAATAAGGGTTATTAATTA,21.68326759338379
TACATATCAGAAAATGGGGGGGGGTGATAA,45.53023147583008
TACATCATTGAAATAAGGGGGTGATTTTCA,26.503225326538086
TACATCATTGAAATATGGGGGTGATTTTAA,33.026161193847656
TACATCGAAAAAAGATAGAGGGGTAACAAA,35.62589645385742
TACACATATTAACATAAGGGGGTGTATGAA,37.50871658325195
TACACCAATTATGAAAAAGAGGAGAAATGA,29.074626922607422
TACACCAGTTAGGAAAAGGAGGAGAACAAA,27.216333389282227
TACACCAGTTTTGAAAAGGAGGAGAAATAA,23.05277442932129
TACACGTGTAGAAAGAGGGGGTGATTTTCA,32.952857971191406
TACAGAATAAAAAATGAAGGGGTATATAAG,71.20467376708984
TACAGAAGAAAAAATAGAAGAGAATTGACA,56.75783920288086
TACAGAAGAAAAAATAGAGGAGAATTGACA,13.389721870422363
TACAGATAAAAGCAGAAAGGGTTATATATA,28.804819107055664
TACAGATATAAACAGATGGGGGTATAATAA,81.43350982666016
TACAGATATAAACAGATGGGGGTATAATTA,68.06169128417969
TACAGATATAAGCAGAAAGGGTTATATAAA,46.13544845581055
TACAGATATAAGCAGAAAGGGTTATATATA,34.36974334716797
TACTAAATGAAAGAAGGGGATGGACTTGAA,31.111814498901367
TACTAAATGAAAGAAGGGGATGGACTTGTA,28.586854934692383
TACTAATAATAAAAAAAGGGGGGTATAACT,24.741294860839844
TACTATATGATGTAAGAGGCGGGATAAACA,25.163034439086914
TACTTAGTCAGTAAAAAGGGGGGTATAACT,26.74620246887207
TACTTAGTCAGTAAAAAGGGGGGCATAACA,26.38435935974121
TACTTTTAATAAAAATAGGGTGGGTAAAAA,13.594307899475098
TACTTTTAGAAAAAATAGGGTGTTATGTTA,15.154711723327637
TACTCATCCTAAAAATAGGGTGGAAAAAAA,32.530357360839844
TACTGAACGAGAAAAAGAGGAGAATTGATA,28.18681526184082
TACCGAAGAAAAAATAAAGGGGTATATACG,24.027162551879883
TACGATAGTAAATAAAGGAGAGGATCTATA,57.72945785522461
TACGATAGTAAATTAAGGGGAGGAACTATA,33.90376281738281
TAGAAATTTAATATATGAGAGTGGAAGGAA,3.792325735092163
TAGAAATTTAATCTAAGGGAAGTAGGAGTA,34.47507095336914
TAGAAATTTAATCTGAGGGGAGTAGGTGTA,29.98419189453125
TAGAATAAAAGCAAAGAGGGAGAGTCTGTA,16.836578369140625
TAGAATAAGAGCAAAGAGGGAGTGTCAGTA,14.61184024810791
TAGATAAATGGTTTAAGAAGGTAGTACATA,54.56637191772461
TAGATAACAGAGTCGAGGGGGGGAAAATAA,25.869266510009766
TAGATATCTAAACATGGAGAGGGAAGAGCA,37.55619430541992
TAGATACGTATGTAGAGGCGAGTAAGTACA,8.370347023010254
TAGAGAAATTTCATTGGGGGATAATAAAAA,27.697322845458984
TAGAGGTCAATAATAGAGGGGAGATCAAAA,9.190071105957031
TAGAGGTGAAAAAGAAAGGGGTGACAGAAA,24.935813903808594
TAGTAAAGAATAATAGAGGGGAAGATTGTA,14.51537799835205
TAGTAAAGAATAATAGAGGGGAGATCTTAA,44.171104431152344
TAGTAATTTAACAATGTAAGGAGATCATAA,20.25994300842285
TAGTAATTTAACAATGGGGGGTATTTTACA,21.514183044433594
TAGTATAATTCACAATGGGGGTATTCTAAA,24.8893985748291
TAGTATAATTCACAAGGCGGGTACTTTAAA,24.72811508178711
TAGTATTGAGGAGGTAGAGGAGTGTAATAA,26.288667678833008
TAGTATTGAGGAGGTAGAGGGGAAATAACA,3.8298707008361816
TAGTACCGTTATAAAAAAGGAGATATAACA,34.7031135559082
TAGTACCGTTATAAAAAAGGAGTGTATTAA,25.196996688842773
TAGTACCGTTATAAAAAAGGGGAAATGACA,37.42914962768555
TAGTAGAGTATAATAAAGAGGAGGTCATTA,26.88013458251953
TAGTAGAGTATAATGAAAGGGGTGTAATAA,35.77617263793945
TAGTAGAGTATATTAAAAGGGGATATAACA,43.5635871887207
TAGTAGAGTATTAAAAGAGGAGTGTATTAA,27.27062225341797
TAGTTTAGAGGAGGTAGAGGGGATATAACA,21.15302085876465
TAGTTTAGAGGAGGTAGAGGGGGAATAACA,19.98487663269043
TAGTTTTGATGAGGTAGAGGGGGAAGAAAA,23.9066104888916
TAGTGCGAATTAATGAGGGGGGGAAAACAA,47.23420333862305
TAGTGCGAATTAATGGAGGGGGAATATTCT,47.281917572021484
TAGCTATATAGAAAGAGGGGGGGAAAACAA,56.0794677734375
TAGCTATATAGAAAGGAGGGGGAATATTCT,31.3737735748291
TAGCTCGAATTATTGAGGGGGGGAAAACTA,42.86349105834961
TAGGTTATGCATAAAGAGAGGGATACTAAA,14.958407402038574
TAGGGATTTTATAGAGGGGTGGGTATAATA,59.96630859375
TTAAAAAAAAACCAAAGAAGCAAATAGAGA,20.12937355041504
TTAAAAGTTAGTGAAGATAGGGCAACTTTA,27.390769958496094
TTAAAAGTTAGTGAAGAGAGGGAAACCTTA,19.66383934020996
TTAAAAGCTGAAGAGGGAAGACGGATATTA,31.60133171081543
TTAAAAGCTGAAGAGGGGGGAAGAGATTTA,15.879947662353516
TTAAATAAAAACCAAAGAAGACGGATAGTA,17.802881240844727
TTAAATAAAAACCAAAGGGGAAGAGATTTA,20.499605178833008
TTAAATAATAGTAAGAGGGTAAATAAACAA,20.902456283569336
TTAAATACAAAAAGAGAGAGACGGATATTA,37.4754753112793
TTAAATACAAAAAGAGAGGCGGTAACTTCA,30.125085830688477
TTAAATAGAAAAACAAGGAGGGTAATAGGA,15.827536582946777
TTAAATAGAAAAACAAGGAGGGTAATGGGA,25.696996688842773
TTAAATAGTTCAAAAAAGAAGCGAAGTACA,21.313135147094727
TTAAATAGTTCAAAAAAGAAGGGGAAACAA,19.269634246826172
TTAAACGATACAAAAAGGAGGTGGAAATGA,25.56831169128418
TTAAACGATACAAAAAGGAGGGGGAAAAGA,31.03612518310547
TTAAAGTATGTTGATAGGGGGGTATTATGA,3.361729621887207
TTAAAGGATAAAAGGGAGAGCGGAAAAAGA,28.854984283447266
TTAATAATTTGAGTTAAAGGAGAATTAGAA,60.191680908203125
TTAATTTATTGAAACGGGGAGGAGTGATAA,4.03134298324585
TTAATTGCAAATAACGAGGAGGAGTGATAA,12.97855281829834
TTAACATAAATGAGTTAGGAGGAAACTACA,40.02041244506836
TTAACTCAAATGAAAATGGAGAATAAGACA,37.39965057373047
TTAAGAAAAAGATGAACAAGGAGTAAGAAA,17.10504913330078
TTAAGAAAAAGATGAAGGGAGAGTAAGAAA,8.081694602966309
TTAAGATTAAAAATAAAGGAGGATTGGACA,53.60173797607422
TTAAGATTAAAATAAAGAAGGAGTAAGAAA,26.652894973754883
TTAAGATTAAAATAAAGGGAGAGTAAGAAA,9.797125816345215
TTAAGAGATGGTAAAGAGAAGGAAACCTTA,15.256074905395508
TTAAGTCTAAAAATAAAGGGGGATTGGACA,32.6537971496582
TTAAGTCTAAAATAAAGAAGGAGTAAGAAA,27.433210372924805
TTAAGGAAAAAACGAAAGAGGAGAGAGACA,19.52924919128418
TTATAAAATACAATAAGGGGTTTATTTAGA,46.7783088684082
TTATAAAATACAATAAGGGGTTTATTTCGA,60.056400299072266
TTATAAAATACAATTAGGGGTTTAATTAGA,31.5987491607666
TTATAAAATACAATTAGGGGTTTATTTAGA,31.457843780517578
TTATAAAATTATTAAATGAGTGAATCGACA,30.293886184692383
TTATATCAAATGAAAATGGAAGTTAAGACA,16.64852523803711
TTATTTTAAAAAAAGAAGAGTGATTATAAA,15.260432243347168
TTATTTTAAGCGAAAAGGGGTGATTATAAA,16.85045051574707
TTATTTTAAGCGAAAAGGGGTGATTATATA,22.58772850036621
TTATTTTAAGCGAAAAGGGGCGATTATAAA,16.269638061523438
TTATTTCGTAAAAATAGGGGGCAGTAAATA,22.481849670410156
TTATTGTAAAATACAATGGGTGGAAAATAA,34.01919174194336
TTATGAATAATAGAGGGGAGAGGGTTAATA,27.039411544799805
TTACAAAATATTAGGTGAGAGGATGTAACA,34.00632095336914
TTACTAATAGGAAATTGGGGGGGTGCATAA,38.90679931640625
TTACTTTTTAAATATAGGGAGGTGTACAAA,10.549308776855469
TTACTTTTTATATATAGGGAGGTGCAAAAA,16.052194595336914
TTACTTTTTATATATAGGGAGGTGCTCAAA,12.270967483520508
TTACGCAAAAAACGAAAGAGGAGAGAGACA,4.532729148864746
TTAGATTTAACAAGAGGGAGGGTTGAGACA,59.02128219604492
TTAGATTCTATAGATAGGGAGGTGAAAGAA,16.280338287353516
TTAGTAATAAACCAAGAGGGGTTAGTTAGA,18.408092498779297
TTAGCAAATAGAAAGCGGAGGGAGATTATA,15.097391128540039
TTAGCAAATAGAAAGCGGAGGGAGTTGATA,14.593356132507324
TTTAAAAATATAGTATAGGGGAAAATTATA,41.18292999267578
TTTAAAAATATAGTATAGGGGAAATAGAGA,43.92974853515625
TTTAAAAATATAGTATTGGGGAAATAAGTA,68.98650360107422
TTTAAAAATACAAAGAGGGTAAATAAACAA,27.96176528930664
TTTAAAATATGTGAAGAAGAGAAAACTTGA,43.64653396606445
TTTAAAACTAAAATATAAAGATTGTTAACA,30.46504783630371
TTTAAAGAAAAACAGAGGGGAGATAAAAAA,31.90639877319336
TTTAAAGATAGAAAGAAGGTCGTTAAAAAA,25.849424362182617
TTTAAAGATAGAAAGCGGGTAAATAAAAAA,51.96951675415039
TTTAAAGATAGAAAGGAGGTGGATAAAAAA,9.308283805847168
TTTAATAAAATAAATAGGTTAGATAAAAAA,31.05141258239746
TTTAATAAAATACAGAGGGTAGATAAAAAA,44.596343994140625
TTTAATAATATAAATAAGGAAGTGTTCGGA,18.888635635375977
TTTAATAATATAAATAAGGCAGAGAAAAGA,31.60673713684082
TTTAATAATATAAAGGAGGTAGAGTTTAGA,29.980920791625977
TTTAATAATATAAGGTGGGTAGATAATAAA,40.22500991821289
TTTAATAATATCAGGAAGGTAGATAAGAAA,36.72219467163086
TTTAATAATATCAGGAGGGTGGTGAAAAGA,24.35996437072754
TTTAATAATATGCAAAGGGTAGATAAGAAA,20.93256950378418
TTTAATAATATGCAAAGGGTGGCGAAAAGA,41.563541412353516
TTTAATAATCTAAGGAGGGTAGATAAGAAA,24.465909957885742
TTTAATATAAAATTAAAGGGCGGGATTCAA,70.38211822509766
TTTAATTAGGTTATAAGGGATTAAATCATA,76.46739196777344
TTTAATTTTAATTAAAGGAAATAATTCATA,36.19710922241211
TTTAATTTTAATTAAAGGAACTAATTTAAA,38.862003326416016
TTTATATTACAAAAAAAAGAGGCACAGATA,31.139225006103516
TTTATTATACAAAAAAAAGAGGCACAGATA,53.076011657714844
TTTAGTATGAGACAAAAGGGGGAGTGAAAA,38.41193389892578
TTTAGTATGAGACAAAAGGGGGAGTGAAAT,29.875276565551758
TTTTAAGATAGTTGAAAGTGAGTTTAGAAA,45.364463806152344
TTTTAAGATAGTGTAAAGGGTGATTAGAAA,36.90822219848633
TTTTAAGAGTATTGAAAGGGAGTGTGGAAA,22.332046508789062
TTTTAAGGTAGTGTAAAGGGTGAATAGAAA,30.916913986206055
TTTTATTAGATCCGAAAGGGGGAATATTAA,33.51624298095703
TTTTATCAACTAGAAAAAGGGGGATGGACA,33.11434555053711
TTTTATGATAGTTGAAAGGGAGTTTAGAAA,40.42205810546875
TTTTAGCAAAAGCGAAAGGGGGAATATTAA,21.925527572631836
TTTTAGCAACTAGAAAAAGGGGGATGGACA,33.75629806518555
TTTTAGGAAAATTGAAAGGGTGTGTAGAAA,27.303239822387695
TTTTTAGATGCACAAGGGGGGTTAATTAAA,45.87498092651367
TTTTCAAATTAATGAAAGGAGGATAATTAA,16.816022872924805
TTTTCAAATTAATGAAAGGAGGATAATGGA,20.471778869628906
TTTTCTTAAAAGCGAAAGGGGGAATATTAA,20.902271270751953
TTTTCTTAAAAGCGAAAGGGGGAATATGGA,28.344982147216797
TTTCAAGAGTATTGAAAGGGTGAATAGAAA,44.489070892333984
TTTCTACATATAAATAGGGAGTAAGGCAAA,27.771589279174805
TTTCTACATCTAAATAGGGAGAGTAACAGA,29.02025032043457
TTTGAAATTATGGGGAGGGGATAAATAGTA,44.65779113769531
TTTGAATATAAAAAAGAAAGGTGTCTTATA,39.31942367553711
TTTGTATATAAATAAAATGGAATAAATAAA,37.19129180908203
TTTGTATATATGGGGAGGGGATAAATAGTA,31.16303062438965
TTTGCAATTAAATAAAAGGGAGTAAATAAA,39.84000778198242
TTTGCACTTTAGAAAAAGGGAGTAAATAAA,33.63562774658203
TTCAAAATAAACACAAAGGGTAAGGACGAA,18.542808532714844
TTCAAAATATGTGAAGAAAGATTGTTAACA,36.88907241821289
TTCAAACATATAAAAAGGGTTGATAAGACA,33.69749450683594
TTCAAACATATAGAGAGGGTAAATAAAAAA,27.311416625976562
TTCAAAGATAGAAAGAGGGTTAATAAAAAA,42.4394645690918
TTCAATATTATAAATAGGGGTGATTTCAGA,24.58127784729004
TTCAATTAAAACTAAAATAGGGAAACTAAA,29.98818016052246
TTCAGGGATTATATAAAGAGGGGATACAAA,24.01953125
TTCTAAGATAGTGTAAAGGGTGAATAGAAC,19.73113441467285
TTCTAAGTTTAGTAGGGGGGGGGAAACATA,12.215188980102539
TTCTATGATTAGTAGGGGGGGGGAAATATA,19.92121696472168
TTCTACGTATAAAATGGAGGCGGGAATATA,16.251895904541016
TTCTCATATTTACATAAGGGGGGGGTAAGA,27.55806541442871
TTCGAGCTATAGTATAGGGGGGGTAAAAAA,18.331735610961914
TTCGCAATTAAATTAGAAGGTATAAAAAAA,27.115816116333008
TTCGCAATTAAATTGGAAGGTATAAAAAAA,43.122005462646484
TTGAAAATTAAATTAGAAGGTGGTAAAAAA,25.275819778442383
TTGAATGTAAGAAATAAGTGATTTAGTATA,28.26687240600586
TTGAAGTGAAGAAAAAAAGAGGCAGAGATA,30.607379913330078
TTGATATTAAAAAAAAAAGAGGCAGTTATA,26.367666244506836
TTGATATTAGAAAAAAAAGAGGCAGTTATA,15.219970703125
TTGATATTAGGAATGAAGGAGGTAGATACA,41.35602569580078
TTGATATCAAGAATGAAGGAGGTAGATACA,36.924949645996094
TTGTAAAATTTTATAAGGGGGGAGTTGTCA,14.382121086120605
TTGTAAATTAAATTAGGAGGTTTAACATAA,44.42348861694336
TTGTATGATTGCAATAAGGGGGCAATAAAA,14.211007118225098
TTGTTATAATATAAAGGGGTGTTACTAATG,26.515901565551758
TTGTTATAATATGAAGGGGGGTTACTAATG,26.04853057861328
TTGTTATAATATGAAGGGGGGGGCCAAAGA,34.345848083496094
TTGTTATATGACAAAGGGGGGATAATTCGA,30.121746063232422
TTGTTATATGACAAAGGGGGGCTAATTCCA,39.92723083496094
TTGTTATATGCTAAAAGGGGGATAATTCCA,26.002634048461914
TTGTTAGAATATAAAAGGGAGGGAATATTA,33.689292907714844
TTGTTAGAATATAAAGGGGGGATAATTCCA,84.584716796875
TTGTCTTTATATGAAAGGGAGGGAATATTA,34.380794525146484
TTGTCTTTATATGAAAGGGTTAGAATATTA,13.265288352966309
TTGTCTTTATATGAACGGGGGATAATTCCA,24.437509536743164
TTGTCTTTATATGGAAGGGAGAGAATCTTA,22.071895599365234
TTGGAAAAATGTAAAGGGGAGGAAGACACA,18.153146743774414
TTGGAAAAATGTAAAGGGGAGGAAGAGATA,40.780296325683594
TTGGAAAAATGTAATGGGGAGGAAGAAATA,41.869834899902344
TCAAAAAAAAATCAAAGGAATCAAATAACA,34.5172233581543
TCAAAAAAAAATCAAAGGAATCAAAGTACA,32.9340934753418
TCAAAAAAAGGTAGTAGGGGGGGTTTACCA,20.040380477905273
TCAAAAAAAGGTAGTAGGGGGGGTTGTACA,24.023038864135742
TCAAAAAAAGGTAGTGAAGGGGGTAAGTGA,15.261134147644043
TCAAAAATAGATAGAAGGGGGGGTTGTACA,22.1863956451416
TCAAAAATAGAGAGAGAAGGGGGTAAGTGA,28.294536590576172
TCAAAAATAGAGAGAGGAGGGTTACTAGCA,32.98432922363281
TCAAAATTTAATAAAGGAGGGTTACTAGCA,22.87804412841797
TCAAAATTTAATCAAGAAGGGGGTAAGTGA,27.26787567138672
TCAAAATTTAAGAAAGAAGGATATTACAAA,38.87083053588867
TCAAAATTTGTTTAAGAGGAGGGTATCATA,30.90122413635254
TCAAAATTGAAAAAAGAAGGGGAATAATAA,17.609119415283203
TCAAAATTGAATAAACAAGGGATTAGATGA,12.446118354797363
TCAAAATTGAATAAACAAGGGGTTAGATGA,23.517297744750977
TCAAAATTGAATAAACAAGGGGTTAGCATA,16.76962661743164
TCAAAACAATTATAAATAAGGGGTATAACA,32.22856521606445
TCAAATATTAATGAGCGGGAAGGATTATCA,18.88118553161621
TCAAATATCTTAAATAAGGGGCAATGATAA,17.9241943359375
TCAAATTATAAAAAAGAAGGGGAATGATAA,19.814577102661133
TCAAATTATAATAAAGAAGGATAATAAGTT,5.515477180480957
TCAAATTATAAGAAACAAGGGGTTAGCATA,23.069910049438477
TCAAATTATACTAAAGAAGGATAATAAATT,27.146554946899414
TCAAATTTTAAATATGGGGTGGTGATTTAA,29.633445739746094
TCAAATTTTAATACAGAAGGTGAACAATGA,21.4361515045166
TCAAATTTTACTAAAGAAGGGGAATGAACT,29.078401565551758
TCAAATTTTACTAAAGAAGGGGAATGATAA,35.29814910888672
TCAAATCTTACTAAAGAAGGGGAATGAACT,44.08681869506836
TCAAAGAGGAAAAGAAGGGGGAGGCAAAGA,27.909955978393555
TCAAAGAGGACAAGAAAGGGGAGATAAAAA,24.5605525970459
TCAATAAATGAGTAAAGAGTGGGATATACT,26.062152862548828
TCAATTAAAATTTGTAAAGGGGGACACTAA,27.9592227935791
TCAATTAACAATAGAAAAGGGGGTAATTTA,5.7718048095703125
TCAATTAACATTAAAACAGGGGGTAACTAA,29.100522994995117
TCAATTATTATTTATAAAGGGGGTAAGTCA,4.058350086212158
TCAATTACAATGTATAAAGGGGATAAGTCA,27.507360458374023
TCAATCATAGAGAGAGAAGGGGGTAAGTCA,38.34153366088867
TCAACTTATACAAAAGAAGGGGAATGATAA,27.363067626953125
TCATAAGAAGTAGTAGAGGAGGGGATTAAA,32.00568771362305
TCATTTACTATAACAGGGGGGTAGAAACTA,29.511898040771484
TCATTTCATAAATAGGGAGGGAGGTAGTTA,26.253738403320312
TCATTTCACTAAAAAGGGGGGTAGCAACTA,27.075138092041016
TCATTGAAACAAGAAAGGGGGTTAGACACA,12.561042785644531
TCACTATTGTTTATAGGAGGGGGAGTAGAA,33.25234603881836
TCACTAGTTATTTTAAGGGAGGGGATAACA,11.320622444152832
TCACTAGTTATTTTAGGGGAGGGGATAACA,21.88261604309082
TCACTTAATTATTAAAGAGAGAGGAAGACA,19.301204681396484
TCACCTAACAATATAAGGGGGTACTAAACA,14.873371124267578
TCAGAACAGAAAGAATGAAGGGATAGAATA,35.30173873901367
TCAGAAGTAAGAAAAATGAGGGGTAGAATA,13.812283515930176
TCAGAAGTAAGAAAAATGAGGGGTAGGAAA,24.802047729492188
TCAGAAGTAAGAAAAAGGGGAAGAGAAATA,21.013242721557617
TCAGAAGTAAGAAAAAGGGGAAGAGAGAAA,26.39974021911621
TCAGAAGTAAGAAAAGTGAGGGGTATAAAA,27.7873592376709
TCAGATAAAAGAGAAATGAGGGGTTATAGA,69.33885192871094
TCAGATAAAAGAGAAATGAGGGGGATGACA,67.80752563476562
TCAGTAGTTATTTTAGGGGAGGGTTATAGA,8.683367729187012
TCAGTAGTTATTTTAGGGGAGGGGATAACA,9.19262981414795
TCAGTAGGTATTTTAAGGGAGGGGATAACA,10.251822471618652
TCTAAAATGAATAAACAAGGGGTTCGATGA,27.1063289642334
TCTAAATTTAATAAAAAAAGGAGTCAAAGA,26.361316680908203
TCTAATATTAATGAGAGGAAATAATTAATA,22.041847229003906
TCTAATTTGGAAAGAAGGGGGAAATTGATA,29.98871612548828
TCTAATGATATCAAGAGGGTGGATAAAAAA,35.84711456298828
TCTATTTAATATAGAGGAGGGGTTAATAAA,1.7314659357070923
TCTACTTTGGAAAGAAGAGGGAAATTGATA,37.053565979003906
TCTACTGATATCAAGAGGGTGGATAAAAAA,29.987939834594727
TCTAGTATTATTGAAAGGAGGAGCTAAATA,17.795589447021484
TCTAGCTAATATGAGAGGGGGAGCTAAAAA,38.662113189697266
TCTTAAAAAGAAAAGGGGAGAAAATTTGAA,34.74200439453125
TCTTAATTTAGTTAAAAGGGGGTTAAGATT,28.677263259887695
TCTTAAGATAGTGTTAAGGGAGTATAGATA,13.111534118652344
TCTTATAAAGAAAACAGGGGGAGCTAAATA,51.0391960144043
TCTTCTTTCAAGAGAACGGGGGAATATTAA,18.47653579711914
TCTCTAAATATATATATGGGGTAATTTAAA,26.180810928344727
TCGAAAAATGCAATGGAGGAGGTGATATAA,34.9869499206543
TCGAAAATAAATTAAGAAAGGTAATTGATA,38.49253845214844
TCGAAAATTGCAATGGAGGAGGTGATATAA,33.214080810546875
TCGATATCAGTAAAAAAAGGTTAGTAAATA,27.012601852416992
TCGTATTCAAATAAAAAAGGTTAGTAAATA,15.374857902526855
TCGTATTCAAATAAAATGGAGGGGGAGACA,26.364501953125
TCGTTTTTATATGAAAGGGAGTAAGGTAAA,27.129169464111328
TCGGGGGAGATTAAAGAGGGGTGAATAACA,63.2376823425293
TGAAAAAAAAATCAAAGGAATCAAATAACA,31.196157455444336
TGAAAAAAAAACCAAAAAAGGGAAACGTTA,22.872211456298828
TGAAAAATTAATTAACTAAGGGTGTTAACA,23.818689346313477
TGAAAATAAAATCAAAGGGCAGATTAAGTA,20.672468185424805
TGAAAACTTAAGTAACAGGGGTAGTTTACA,37.07305908203125
TGAAATAACACAAAAAATGGGCAATGCTAA,26.80558967590332
TGAAATAGCACAAAAAAGAAGCAAATAATA,24.63471221923828
TGAAATTTTAATACGGAAAGGGAATGATAA,24.42366600036621
TGAAAGAATAAAGAAAGAAATCAAATAAAA,31.25662612915039
TGAAAGAATAAAGAAAGAATTCACATAACA,36.5983772277832
TGAAAGAATAATTCAGAGGGGATATGTTAA,47.246429443359375
TGAATAAAAAACCAAAAAAGGGAAACGTTC,18.588876724243164
TGAATAAATAAGTGAAAAAGGAGAAAGTTA,16.47379493713379
TGAATAAAGGATATTAGAGGGTAAAAACGA,26.97072410583496
TGAATAATGAAGGAGAAGGGTGGGATCCAA,25.551897048950195
TGAATAATGAAGGAGAAGGGTGGGATCCGA,26.292001724243164
TGAATAATGAAGGCGAAGGGTGGGATCAAA,29.50101089477539
TGAATAACACAATGAAAAAGGTGACAAAAA,30.15242576599121
TGAATAAGTAATTCTGGGGGGTGACAAAAA,38.52976608276367
TGAATACATAATTCAGAGGGGTGACAAAAA,25.661062240600586
TGAATTAAGGATATACGAGGGTAAATACGA,1.8505406379699707
TGAATTCACTACAAAACGGGGGAGTAAACA,32.9674072265625
TGAATGAGTAGAAAAAAAGAGCTGAAAATA,11.27659797668457
TGAACTAATAATTAAAAAGGGAAGTACGAA,37.704898834228516
TGATAAAAGAAAAAGAGGAGGGATCACGAA,41.35331344604492
TGATATACATGGGAATAGGAGGGAATAACA,18.13018226623535
TGATATACTAGATAATAGGAGGGAATTACA,13.42235279083252
TGATGAAAAAAACAAGAAGAAGGTCAAAAA,19.49416160583496
TGATGATAAGATAAAAAGTAGAGACCTACA,7.159341812133789
TGATGTTAATGACAAAAGGGAGAGGTGATA,33.28120040893555
TGATGTTAAGATAAAAAGGAGAGACCTACA,6.395328044891357
TGACAAAAAATCAGGGGGAGGGTTAAGAGA,34.30328369140625
TGACAAAAAAGTGAAAAGGAGAGACCTACA,26.638574600219727
TGACTAAAAAAACAAAAAAGGGAAACGTTA,23.5839786529541
TGACTAAAAAACCAAAAAAGGGAAACGTTA,18.262737274169922
TGACTAAAGGATATTAGAGGGTAAAAAAAA,20.4914493560791
TGAGAGGAGATTAAAGAGGGGTGAATAACA,39.546749114990234
TGTAAAAACATTGTGAGGGGATAATAAGTA,13.891186714172363
TGTAAAAACGTTGAGAGGGGATAGTATGAA,17.657289505004883
TGTAAAATCATAAAAGAAGGATCAAGAATA,24.351072311401367
TGTAAAATCATTGTGAGGGAGGTGTTAACA,9.492424964904785
TGTAAATTTAAAAAAGAAGGATCAAGAATA,29.13105583190918
TGTAAATTTAATGTGAGGGAGGTGCTAACA,4.831263542175293
TGTAAATTTTTTAAAAGGAGTAAATTGTGA,41.598087310791016
TGTAAATTGAAAAAAAGAGAGGAACTTTTA,26.88429832458496
TGTAAAGTTAAGTTAAAAAGGAAGGTAACA,27.1405086517334
TGTAATATTAAAGAGGGGGGATCTAAAATA,51.62920379638672
TGTAATATTAATGAGGAAGGATTGATTAAA,14.6206636428833
TGTAATATTAATGAGGGAGGTTTTACAAAA,29.23192596435547
TGTAATATCCACATAAGGGGTGGTATAAAA,10.26159954071045
TGTAATATGAACGCAAAGGGTGGAATAAAA,43.873985290527344
TGTAATATGAACGCAAAGGGTGGTATAAAA,32.152225494384766
TGTAATATGGAATCAAAGGGTGGAATAAGA,31.038869857788086
TGTAATATGGAATCGAAGGGTGGAATAAGA,47.39817810058594
TGTAATACTCATTAAAAGGGAGGGATCAAA,15.580765724182129
TGTAATACTCAGTAAAAGGGAGGGATCAAA,13.251476287841797
TGTAATTTTAAAAAAAGGGAGGAACTTTTA,31.394210815429688
TGTAATTTTAAAAAAGAAGGATCAAAAATA,29.773164749145508
TGTAACATTAATGAGGGAGGATTTATAAAA,22.9406795501709
TGTAAGATTAATGATGAAGGATTAACAATA,16.955039978027344
TGTAAGCCGATAAAAAGAGAGGAAAAACTA,29.31398582458496
TGTATTTTGTAATCAAAGGGTGGTATAATA,28.670063018798828
TGTACAGTTAATTAAAAAGGGAAAAACAGA,18.9290771484375
TGTACAGTTAATTAAAAAGGGAAATACGAA,17.922574996948242
TGTACAGTTAATCAAAAAGGGAAAAACAAA,28.631221771240234
TGTACGATATAATAAAGGGGAGGGATCAAA,25.75261116027832
TGTTAAAACAATAAAAGCGGGGGAAATATA,26.405195236206055
TGTTATTAATGTAACAGGGAGGGAATTATA,30.829008102416992
TGTTATCAAAAGGGAAGGGGGGATTGAGGA,44.750972747802734
TGTTGATGATGGAAAGGGGGGCGATAAAAA,24.932661056518555
TGTTGTTATTATATAGGGCAGCGATAATAA,45.8077392578125
TGTGAAAATATCGATAAGGGGGATATGCAA,41.18596649169922
TGTGCAAATATGGATAAAGAGGAAGTAATA,30.885046005249023
TGCAAATATGGATATGGGGGGCGGTAAAAA,30.123023986816406
TGCAATATGAAAGCAAAGGGGGGGGTAAAA,38.34292221069336
TGCAATGAATAATATAGGGGGGGAATAACA,20.89271354675293
TGCAATGAATAATATAGGGGGGGAAGAACA,17.238191604614258
TGCATAACATAATATAGGGGGGAACAACTA,12.841179847717285
TGCATAACGAAGGAGAAGGAGGGAAAAGAA,30.8925724029541
TGCATTGTAGAAAAAAGAAGGTTTAAAAAA,32.472862243652344
TGCTAATATGGATATGGGGGGAGGTAAAAA,24.196962356567383
TGCTAATGTGGATATGGGGGGAGTTAAAAA,19.808502197265625
TGCTAGTTTATTATAGGGGGGAGGTAAAAG,12.574575424194336
TGCTAGCTTATTATAGGGGGGAGGTAAAAA,17.674108505249023
TGCCAAAATTGAAGAAAGGGAGGGGTCAAA,17.932260513305664
TGCCAATTTAAAAAGTGGGGGGAATATTTA,33.828433990478516
TGCCAATTTAAAAAGTGGGGGGAATATTCA,28.682313919067383
TGCCAATTTCAAAAGTGGGGGGAATAATCA,8.315120697021484
TGCCAATTTCAAGAGTGGGGGGAATAATTA,25.50153350830078
TGGAAAATTTTTAAAAAGAGTGGTATAATA,34.27446746826172
TGGAATATTCACTTAAGGGGTGGTATAATA,42.832786560058594
TGGACAAACTATAGAAAAGGGCAGATTACA,38.17033767700195
TGGTTAATAACATAAAGGGGAGAATATAAA,50.33098220825195
TGGTTAATGACAGAAAGAGGAGAATATTTA,22.62322425842285
TGGTTAATGACAGAAAGGAGAGAATATAAA,27.148324966430664
TGGTTAATGACAGAAAGGGGAGAATACAAA,26.531465530395508
TGGTTAGATGCTAAAAGGGGGTATATGAAA,25.782197952270508
TGGTTAGATGCTAAAAGGGGGGATATTAAA,40.03165817260742
TGGCTAGCCAAAACAAAGGGAGAATTATTA,27.797195434570312
TGGCCTATATATGAAGGGGGGGATAAATAA,44.613494873046875
TGGCGTAAATAAATAGAGAGGTTAAAATAA,66.1546401977539
TGGGAATAAATTATAAAGAAAGAAATGTAA,21.855030059814453
TGGGCAAATATTAAAAGGGAGATCAAATAA,13.699402809143066
CAAAAAAACAATAGAAGGGGCTAGAGAGTA,33.66627502441406
CAAAAAATCAAAGATGGGGGTGTGAAACAA,21.53648567199707
CAAAAAAGGAAAGATGGAAAGGTGAAACAA,18.139808654785156
CAAAATATCAAAGATGGGGGTAGTCATAAA,39.346466064453125
CAAAATCATAAAGAAAATGGAAAATCGGTA,34.39139938354492
CAAAAGATGACAATAAGGGGGAATGAAAAA,23.71344566345215
CAAAAGATGACAATAGGGGGGAATGAATAA,27.93288230895996
CAAAAGATGACAATAGGGGGGAATGGATAA,28.62135124206543
CAAAAGATGTCGAAAGGGGGGAATGAAAAA,25.250333786010742
CAAAAGATGTCGAAAGGGGGGAATGGAAAA,23.91539764404297
CAAAAGTAAACAATAGGGGGGAATGGAAAA,23.44084358215332
CAAAAGTAATCGAAAGGGGAGAATGAAAAA,28.126550674438477
CAAAAGTAATCGAAAGGGGGGAATGAAAAA,25.223268508911133
CAAAAGTAATCGACAGGGGAGAATGAAAAA,28.536840438842773
CAAAAGTAACCGAAAGGGGGGAATGAAAAA,29.050275802612305
CAAAAGGATCAAAAAAAGAAAGTAATACTA,23.714412689208984
CAAATAAAGCATAAAAAGGAAGTAATACTA,30.684961318969727
CAAATATGAAATAAGAAAGAAATAATACTC,25.687192916870117
CAAATATGAAATAAGAAAGAAGTAATACTA,34.90517044067383
CAAATATGAAAGAAGGGGAGGCGAATATTA,24.62428855895996
CAAATATGAAAGAAGGGGAGGCGAATATGA,30.461523056030273
CAATAGAAAATACAGGGGGATAAAAAATCA,32.445011138916016
CAATTAAAAAAGTATTAAGGGATGCAATTA,23.34047508239746
CAATTATAATATTGAAGAGAAAATTATAAA,58.913841247558594
CAATCGTCTATAGCAGAGGGGGAGCAAATA,27.91852378845215
CAACCTCTTAAATTAGAGGGGGAGCAAATA,1.433209776878357
CAAGTAATACATGAAAAAGGGAGGTTATTA,20.77618980407715
CAAGTAATACATGAAAAAGGGAGGTTGTTA,40.36499786376953
CAAGTATTTAAAGATGAGGGAAATATAAAA,28.47519874572754
CAAGTCATATAAGAAGAAGGAAATATAAGA,80.61070251464844
CAAGGCAAATACAAAAAAAGGGTATAAGTA,23.41497039794922
CATAAACAATAATGAAAGAAGATATGAGTA,27.93147850036621
CATATCAAAAATAACAGGGGTGGATTCAGA,14.036988258361816
CATTAATTACTAATGGAGGGGGTAAAATCA,41.41539764404297
CATTAATTACTAATGGAGGGGGTATAAGAA,45.17618179321289
CATTAATCGGAGATAAGGGGTGGTAAATCA,31.065406799316406
CATTAACAAAACAGAAGGGAGGGGATTTCA,37.54877853393555
CATTATAAAAACGAAGGAGATGGTAGATCA,14.383710861206055
CATTATTGTAAAATTAGGGGGGGTAAATGA,26.635595321655273
CATTATGAAATAAAGGGGTAGGGGATTAAA,45.4812126159668
CATTATGAAATTAAATGGAGTGGGAAAATA,43.46836471557617
CATTATGAAATGAAATGGAGGGGGTTTACA,40.82978057861328
CATTAGTACAATAAATGGAGTGGGAAGATA,48.93106460571289
CATTAGTTCAAAAGGAGGGGGGGGATTTCA,30.0297794342041
CATTAGTTCAACAGAAGGGAGGGGATTTCG,35.256736755371094
CATTTATCTGAGAAAAGGGAGGGTCTTTTA,18.03001594543457
CATTTACAAAAAAGGGGGGGGGGGATTTGA,45.22111511230469
CATTTACAACAAAGGAGGGGGGAGACAGTA,26.35213279724121
CATTCAAGAGAGGAAGAGGGGTGAGTTACA,49.370670318603516
CATTCACTAAAAAGGAGGGGGGTGCGATTA,35.656463623046875
CATTCTATTAAAGAAAGAGGAAAAGGAATA,37.988494873046875
CATTCTATTAAAGAAAGTGGAAAAGGAATA,30.561967849731445
CATTGTCATAAATGGAGGGGGAGGTAAAAG,24.473617553710938
CATTGTCATAAATGGAGGGGGAGGTAAAGA,39.17506408691406
CATCAACAAAGTAGAAAGGGGAGGTAAAGA,29.541826248168945
CATCAGTATTTAAGAAGGGGGGTGAAGTCA,19.692853927612305
CATGATAAAATAAAGGGGTAGGGGATTAAA,49.41978073120117
CATGTATTAAAAGATGAGGGAAATATAATA,20.354196548461914
CATGTCTAATAACAAAGAGGAAAATAAATA,16.9774112701416
CATGCTATTAAAGAAAGAGGAAAATAAATA,43.013118743896484
CATGCTATTAAGGAAAGAGGAAAATGAAAA,49.61518478393555
CATGCTATGAAAGAAAGAGAAAGGTAAATA,35.86328125
CATGCTTGATATAAAAAAAGGGGAACTATA,29.72858428955078
CATGCTGTTAAAGAAAGAGGAAAATGAAAA,26.416767120361328
CATGGATTATATAAAATGAGGGGTATTAGA,47.67409133911133
CACACATATTAACAGAAGGGGGTGTATGAA,32.219520568847656
CACAGCATGAAAGAAAGGGAGAAAAAATAA,17.498788833618164
CACTAAAAAAGCCAAAGGGGGTGATTAGGA,25.968090057373047
CACTAAATATTTGAAGAGGGAAGAATTTCA,7.1606125831604
CACTAAATATTTGAAGAGGGATTTTTAACA,37.17555236816406
CACTAACAAACATAAAAAGGAAGAATTTAA,24.3358097076416
CACTACAAAGTTGAAAAAGGTGGGTTAATA,33.707420349121094
CACTTAGAAAGCTAAAGGGAGTGGAAAAAA,38.80842971801758
CACGTAATAAAAATGGGAAAAGAAAAAAAA,31.123815536499023
CACGGATTTAAATAAGTGGGAGGAAAAAAA,43.90385437011719
CAGAAAAGAAACGAAGAGAGGGGGCAAATA,18.076276779174805
CAGAATAAAAATTAAGAAAGGTAATTGATA,34.070556640625
CAGAATCCAAAATAAAGGGGATAAGAACAA,11.564868927001953
CAGATAAAATTAATTGGGGAGAAGTGTAAA,32.735572814941406
CAGACCGTAAAAATAGGGGGATGGATAGAA,32.37440872192383
CAGAGCCCAATAATAAGGGGGTTAGAAAAA,14.800004005432129
CAGTAAATAAGCTGAAGGGAAGTTTTAAAA,35.4767951965332
CAGTATTATTAAGAGAAGGGGGGTTTTACA,42.40085220336914
CAGTTAACTAATAAAATAGAGGATTTAACA,21.374536514282227
CAGTTAACTAATAAAATGGAGTATTTATCA,27.601465225219727
CAGTTAACTAATAAAATGGAGGTAATAGTA,18.275146484375
CAGTGAGGAAAATAAAAGGAGGAACAAATA,12.116890907287598
CAGCAATTTAAAAATTGGAGGGAATATTTA,28.393177032470703
CTAAAAAAGATAGAAGGGGAAAGAGAGGAA,19.77107048034668
CTAAAAAAGACAGAAGAGGAGCGAATTACA,22.9316463470459
CTAAAAATCATTGAAGAGGAGCGAATCACA,21.030385971069336
CTAAATAATATGAGAAGGGAAGTAAGGTAA,12.846896171569824
CTAAACAATAAATAAGAGGAGCGAAAGTAG,21.06578254699707
CTAAACAATAAAGAAGAGGAGCGAAAGTAA,35.89628219604492
CTAAACAATAAAGAGGGGGTAAGGATAAAA,33.669246673583984
CTAAACAATAAAGAGGGGGTAAGGATAAGA,23.16341209411621
CTAAACAAGATAGAAGGGAAAAGGATAAGA,20.249731063842773
CTAAACGAACAAATAAGGGGGAATGAAAAA,14.780924797058105
CTAATATTTAATTCAAAGGGTGAAATATCA,11.739013671875
CTAATTAACAGAGAAGAGGAGAAGTTCTAA,44.1657600402832
CTAATTATAATAAGAGGGGGGAAGTTTTAA,20.88492774963379
CTAATTATAATAAGAGGGGGGCGAATGTAA,24.035573959350586
CTAATTGAAAGTAGAGAGGGTGCAATATAA,72.16666412353516
CTAATCCAATAATGAGGGGGGAAGTTTTAA,21.095163345336914
CTAATGATTAATTGAGAGGGTGCAATATAA,47.06306457519531
CTAACTATAAATTGAGAGGGTGCAGTATAA,46.25332260131836
CTAAGCCAAAAATAAGGGGGAGGTATCTCA,13.540226936340332
CTATATAATATTTAATGGGGAGTTACTAGA,31.389362335205078
CTATTTCATAAAGCAAAGGGGGTGTATATA,42.565345764160156
CTACTTTATGAAAAAGAAGGTTAGTAATTA,41.77784729003906
CTACTTTTTAAAAAAGAAGGTGCGAGAATA,9.8803071975708
CTACTTTTTAAAAAAGATGGTGGAAAAATA,27.2392578125
CTACTTTTTATAGAAGGGGAATGAAAAATA,20.813261032104492
CTAGATATTATTTGAAAGGTGGAGATTAAA,63.8810920715332
CTAGTTAACAGAGAAGAGGAGCGAATGTAA,45.23569107055664
CTAGCAATAAAAAAAGGTGAGGATCTAATA,69.95162200927734
CTAGCAATAAAAAAAGGTGAGGATGGAATA,81.96206665039062
CTAGCAGTAAAAAAAGACGAGTGGGTAACA,57.71989059448242
CTAGCAGTAAAAAAAGCTGGGGATGGAATA,38.98964309692383
CTAGCAGTAAAAAAAGGTGAGTGGGTAACA,78.83560943603516
CTAGCAGTAAAAAAAGGTGGGGATCTAATA,64.18401336669922
CTAGCAGTAAAAAAAGGGGAGTGGGTAACA,45.48617172241211
CTAGCAGTAAAAAAAGGGGGGGATGGAATA,38.55813980102539
CTTAAATAACTCAATGAGGAGTGGGTAACA,33.09838104248047
CTTAAATAACTCAAGGGGGAGTGGGTAACA,41.944854736328125
CTTAAATAACTCACGGAGGAGTGGGTAACA,41.101505279541016
CTTAAATTACTCAAGGAGGAGTGGGTAAAA,57.576786041259766
CTTAAATTACTCAAGGAGGAGGGTTTACCA,33.87520980834961
CTTAATAATTCAATGGAGGGGAAATAAGGA,25.86859130859375
CTTAATAATGTGAGAAGGGAGTGGGTAAAA,22.736120223999023
CTTAATAATGTGAGAAGGGAGGGTTTACCA,25.81874656677246
CTTTAAATTTCAATGGAGGGGAAATAAGGA,18.750011444091797
CTTTAAATTTCAATGGAGGGGAAAGAAAAA,24.304346084594727
CTTTAAATTTCAATGGAGGGGAAAGAAGGA,21.917036056518555
CTTTAAATTGTGAAAAGGGAGGGTTTACCA,31.008520126342773
CTTTAATTTTAAATAAGGAGAATATAAAAA,18.913339614868164
CTTTAATTTTAAATAAGGAGAGTATAAGGA,45.12937545776367
CTTTAACTTTAAATAAGGAGAATTTAAGGA,11.302597045898438
CTTTAACTTTCAAAAAAAGGTGGTAAATAA,30.218381881713867
CTTTAACTTTCAACAAAAGGTGGTAAATAA,35.56459426879883
CTTTATAATATTTAAAAAGGTGGTAAATAA,22.5355224609375
CTTTATAATATTTAAAAAGGTGGTATAAAA,20.635805130004883
CTTTATAATATTTAAATGTGGATAATAAAA,31.350866317749023
CTTTATATTAAAATTAGTGGGGGTAAAAGA,26.328031539916992
CTTTATTTTAAAATCAGGGGGGGTATATGA,14.173370361328125
CTTTATTTGAAAACTAAGGGGGGTATATCA,25.17436981201172
CTTTATTGTAAAAATAGGGGGTGATTATCA,2.070068359375
CTTTTATTACTAATGGAGGGGGTATAAGCA,16.470041275024414
CTTTGATTTTATACGCAGAGGTGAATACAA,25.501033782958984
CTTTGACATGAATAAAGGAGGAAATTTAGA,38.11251449584961
CTTCCACAAAAATTGAGGGGGAGGAAAATA,36.28237533569336
CTTGATATTATGAAGAGGGGTTGGAAAATA,27.87316131591797
CTTGTATTTATGAAGAGGGGTTGGAAAATA,31.33715057373047
CTCATCAAAAATAACAGGGGTGGAAACTAA,75.81983184814453
CTCATCACATAATGAGGGGGAAGAAAAAAA,15.672999382019043
CTCATCCAATAATGAGGGGGAAGAAAAAAA,18.600439071655273
CTCTAAATTTAAATGAAGGTGTGAACAAAA,27.161314010620117
CTCTTAATTTAAATGAAGGGGTCGATATCA,36.7158317565918
CTCGAAAAGTGAAAAAAGGAGAAGGAATCA,22.246313095092773
CTCGAAAGACTTGTAGGGGAGGGAAAAAAA,24.9993839263916
CTCGAAAGTTTTCAAGGGGGTGGAAAAATA,28.706912994384766
CTCGAAAGTTTTCAAGGGGGTGGAATAAAA,33.3663444519043
CTCGAAAGGTTTCAAGGTGAGGGAAAAAAA,23.765850067138672
CTCGATATAGTAAATAGAAGGGGTTGCAGA,19.928173065185547
CTCGATATAGTTGAAGGGAGTGGAATAAAA,43.10072326660156
CTCGGTATAGTTGAAGGGAGTGGAAAAATA,38.032630920410156
CCAATTTAAAAAAATAGAAGGGGTTGCAGA,21.709135055541992
CCAATTTAAAATGAAGGGAGTGGATAAATA,21.311965942382812
CCATAGATATAAAAGGGAGAGTGAAAGATA,58.2915153503418
CCACGTAATAAAAAGAGGGTGTGGAAAAGA,30.034639358520508
CCAGACAAAATAAAGAGGGAGGAATTATAA,25.37942886352539
CCAGACAAAATAAAGAGGGTGTGGAAAAGA,28.521284103393555
CCAGTTTAATGAGAGAGGGAGGAATTATAA,2.907977342605591
CCAGTTTAATGAGAGAGGGAGGATTTATTA,29.845897674560547
CCAGTTTAATGAGAGAGGGTTTGGAAAAGA,25.963830947875977
CCAGCTAAATTAAAGAGGGAGGAAGAATTA,36.66824722290039
CCAGCTAAATTAAAGAGGGAGGAAGAATGA,30.304346084594727
CCAGCTAAATTAAAGAGGGAGGATTCATTA,37.387168884277344
CCAGCTAAATTAAAGAGGGAGGATTCATGA,39.91281509399414
CCAGCTAAATGAAAGAGGGAGGAATTATAA,31.394210815429688
CCTACATGTTAAAGAGAGGAGTTGTAAAAA,28.32795524597168
CCTTAAATTCAAAAAGAGGAGTTGTAAAAA,28.599346160888672
CCTTAAATTCAAAAAGAGGGGTGTACGAAA,53.54836654663086
CCTTAAATTCAAATAGAGGGGTGTACGAAA,45.52280807495117
CCTTTTATATAAATAAGGAGATGAATCATA,27.52313232421875
CCCTAAATTAAAAAATAGGAAGTAATACCA,25.60686683654785
CCGAAATTTAATTAAGAAAGGTAATTGATA,24.712627410888672
CCGAATAAATATATTGAAGGGAAAAAACAA,80.25724029541016
CCGTCTTTATATGAATGGGAGTGAATAACA,32.292789459228516
CGAAAAAAATATAAAAACAGGGAAGTTTTA,31.492168426513672
CGAAAAAAATATAAAAACAGGGAAGTCGTA,26.571149826049805
CGAAAAAATGTACAGAGGGGAGGGATTTTA,31.383691787719727
CGAAAAAATGTACAGAGGGGAGGGATCGTA,24.6660213470459
CGAAAAAATGGAAAGAGGGGGGAAGGTTTA,27.972013473510742
CGAAAAAATGGACAAAGCGGGGAAGGTTTA,24.810346603393555
CGAAAAAAGGAGAAGAGGGGGGAAGGTTTA,29.231897354125977
CGAAAAAAGGAGATAAGGGGGGAAGGTTTA,13.364673614501953
CGAAAAACGGAAAAAAGGGGAGAGATCGTA,24.331167221069336
CGAAAATACGATAAAAGGGGAGAAAGATCA,24.265649795532227
CGAAAAGACGATAAAAGGGGATGAAGATCA,29.952037811279297
CGAAAGATGACAATAAGGGGGAATGAAAAA,21.2802677154541
CGAATATACGATAAAAGGGGAGAGATCGTA,23.576684951782227
CGAATAGATTTAGAAAAGGGGATTGAACCA,12.80757999420166
CGAACATTAAGATAGTAGGGGGGATTCAAA,25.740116119384766
CGAAGAAGTAGAAAAATAGAGAGAATAAAA,43.62637710571289
CGATAAATTCACACAAAGGGGGGATTCAAA,28.27239418029785
CGACAAAATTGACGGGGGGGGGAAGTTTTA,25.636703491210938
CGACAAAGGAAAAAAAAGAAGAAAATGGCA,27.282514572143555
CGACCTTTTATATAAGGGGAAGGAAAAATA,27.61325454711914
CGTAAAAAAAAAGAGGAGGGGTGATTTAAA,31.42838478088379
CGTAAAAGTAACTGAAAGGGGGAATATCAA,34.25632095336914
CGTAAAAGTTAATGAAGGGGGAATTTCGAA,28.26844596862793
CGTAAAGATAACTGAAAGGGGGAATATCAA,20.27165412902832
CGTAAAGATTAATGAAGGGGGAATTTCGAA,25.983213424682617
CGTAATATTAATGAGGGGGGTGGTATAAAA,37.19882583618164
CGTACTTAAAACAAAAAGAGGATAGTGTAA,24.137975692749023
CGTAGTAATAAGAATAAGGAGGGCATGTAA,19.391271591186523
CGTTATTTCAATATTAGGGGGGCTTTATCA,3.8664498329162598
CGTTTTTCTAGAAAAGATGGGGAAATCTAA,20.907917022705078
CGTGTATATAAAAGAAAGGAGCTGTACATA,39.117210388183594
CGTGTATATAAAAGAAAGGAGGTGTGGTAA,30.06446647644043
CGCATATAATTAGAAAGGGGGATGTACATA,16.460302352905273
CGCATATAATTAGAAAGGGGGATGTGGTAA,15.404853820800781
CGGAAGAAATAAGAAAGGAGGTTTTAATCA,34.117069244384766
CGGATAACACGAAAGAGAGGGGAATATATA,22.652883529663086
CGGACATTTGAAGAAAGAGGGGAATATATA,29.6561222076416
CGGTACATAAAAAAAGGGGGATTGATATTA,49.381290435791016
CGGTTAAAACGAAAGAGGGGAGAATATATA,32.21743392944336
GAAAAAATGGAAGAAAGTGAGGGATTTAGA,30.424175262451172
GAAAAATTTCGGGAAAGGAGGGAGTTAGAA,25.816699981689453
GAAAAACCTTATAGAAGGGTAGAGATAGAT,1.2426613569259644
GAAAATCTTTATAAGAGACGGGATGAGACA,15.928791999816895
GAAAACATCAAACAGTGGAGGGTAAAGAAA,37.48579788208008
GAAATACAAAAGAACGAGGGGTCATAAACA,13.534069061279297
GAAATACAAAAGGACGAGGGGTCATAAATA,14.960990905761719
GAAATGGATTTGAAAGAGGAGTCATAAACA,28.133007049560547
GAAAGAATAATTATTGGGGGATAATAGATA,39.99028396606445
GAAAGTCGAAAACAGGGGGGGGTGTGAACA,25.50867462158203
GAATAAAGTATCTATGGGGGGGAATAAGTA,10.446166038513184
GAATAATAAAGAAAGGGGAAAAGATAGGAA,31.08364486694336
GAATAATAAAGAAAGGGGAAATGATAAACA,38.73367691040039
GAATAATAAAGAAAGGGGAGTGAGCACATA,23.96754264831543
GAATAATAATTAAAGGGGGATTGAATTAAA,28.47808265686035
GAATAATAACTAAAGGGGGAGGGGATTAAA,45.055912017822266
GAATAATAGTTAAAGGGGGAGGGGATTAAA,30.3702335357666
GAATATAAAATAATTGGGGAGGGGATTAAA,40.21299362182617
GAATATAACAAAACAGAGGGGAACGACAAA,43.77212905883789
GAATAGAAAATACAGGGGAATTAAAAATCA,53.1265983581543
GAATAGAAAATACAGGGGGAGCGGATTAAA,57.02132034301758
GAATAGAAAATTGAAGGGGAGCGGATTAAA,33.24748229980469
GAATAGAAAATTGAAGGGGTGAAGAAAAAA,34.31494903564453
GAATAGAATATATAAAGGGGGAGGGGCCTA,45.0161018371582
GAATTAATGTAACAGGGGGTGATCAAAAAA,36.61297607421875
GAATTAATGTATGAGGGGGGGAAGAAAAAA,28.257593154907227
GAATTCATACTAAATGGGGAGGGGTGTAAA,39.05638122558594
GAATCGTGTATAGTAGAGGGGGAGCTAATA,21.063064575195312
GAATGATGAGAAATTAAGGGGAAGAAAGTA,16.128116607666016
GAATGCATAAAAATTTGAGGGGGGTAAACA,37.265499114990234
GAACAATTTTTTAGTGGGGGGGGGCAAGAA,23.97125816345215
GAACATTTTTTTAACAAAGGGAATAAGACA,26.811555862426758
GAACAGGACTAGAGAAGGGAGTAATAATTA,20.43390464782715
GAACTTTAAATAAACAGAGGGAATAAGGCA,34.79960632324219
GAACTTTAAATAAGTGGGGGGGGGCAAGAA,24.0249080657959
GAACCTAATAAAAAGGAAAGGGGAAAAAAA,33.1733283996582
GAACCTTTTAAATTAGAGGAGGTTAGAAAA,43.89771270751953
GAACCGAATAAAAAGAAAAGGGGAAGAAAA,23.772489547729492
GAACCGAATGAAAAGAAACGGGGAAGAATA,24.312753677368164
GAACCGTTTAAATTAGAGGAGGTTAGAAAA,19.679460525512695
GAAGAATGATATTGAGGGGAGGAATTGGTA,50.79961013793945
GAAGACTATAAGAAGAGGGGGAGGTGCCTA,32.64927673339844
GAAGACTATAAGAAGAGGGGGAGGGGATTG,30.867727279663086
GAAGAGAATATATGAATGGAGTAAAAATTA,26.669275283813477
GAAGAGAATATTAAAAGGGGGAGGGGGCTA,26.574495315551758
GAAGAGAATATTAGAATGGAGTAAAAATTA,27.755571365356445
GAAGAGAACGTTAATAGGGAGGAATGGAAA,31.713071823120117
GAAGAGTATAAGAAGAGGGGGAGGGGATTA,29.908100128173828
GAAGAGTATATTGGAATGGAGTAAAAAATA,26.59836769104004
GAAGAGTATATTGGAATGGAGGAATTGGTA,25.999635696411133
GAAGAGTACTAGAGAAACGAGGTATTGGTA,43.926422119140625
GAAGAGTACTAGAGAAAGGAGTAAAAAATA,27.856508255004883
GAAGAGTGATATTAAGGGGAGTAATAATTA,37.2756233215332
GAAGAGTGATATTGAGGGGAGGAATAATTA,52.489219665527344
GAAGAGGTTAAAAAAAGAGGAAAATAATTA,42.120121002197266
GAAGTCAAGGATAAAAGGGGGATAAAAGAA,13.278098106384277
GAAGTCAAGGATAAAAGGGGGCTAAGGATA,22.74595832824707
GAAGTGGTAGTGAAAGGGGGGAAGAAAGAA,17.39639663696289
GATAAAACAAATAATAGGGTGAAATATCGA,13.793694496154785
GATAAATCTGAGATAGGGAAGGGAGTGAAA,29.439409255981445
GATAAATCTGAGATAGGGAAGGGTTTTAAA,19.186635971069336
GATATATACGTAACTAAGGAGGGAGTAATA,23.837100982666016
GATATTAAAACTTTGGAAGGGTAAAACACA,29.335630416870117
GATATTAGTCAAAAAGGGGAGAAAAAGACG,21.691543579101562
GATAGATATACAATAAAGAGGACAATAACA,36.71073532104492
GATAGTAATAAAATTAAGGGAACGAAAACA,16.123289108276367
GATAGTAATAATAGATGAGGAGGTTTGTAA,25.12890625
GATAGTAATAATTTAGAAGGGATGAAAGCA,50.320491790771484
GATTATAAAATAATTGGGGAGGGGATAGAA,20.95722770690918
GATTATAAAATACGGCGGGAGGGGATTAAA,40.7135009765625
GATTATATGTTTAAGGAGGGGGGTGGCAAA,33.02840805053711
GATTATTAGAAAAAATAGGGGGTAATATTA,30.987621307373047
GATTATTAGAAACAATAGGGGGTAATACTA,31.46653938293457
GATTTTTAGAAAAAATAGGGAGGATCTACA,29.024450302124023
GATTTGTTTTTCCAAAGAGGGGTAATATAA,13.219528198242188
GATTCAACAAAAAGAGAGAAAGGATAAGGA,26.1818904876709
GATTGTAAAATAATTGGGGAGGGGATTAAA,41.335636138916016
GATTGTAATAATCTAGAGGGGAAATAAACA,19.35930824279785
GATCAAGCTAAAGAAAGAAGGGCGAAAACA,27.331628799438477
GATCCAGCTAATGAAAGAAGGGAAAAAAAA,21.3508243560791
GATCCTAAGGGAAAAGAGAAGTGAAAAACA,18.969636917114258
GATCGATAAACAATAAAGAGGAGAATAACA,39.503421783447266
GATGAATTTCTAAATAAGAGTTAGTTATCA,25.6341609954834
GATGAATTTGAATGAAGGGGAGGAACTTCA,29.864835739135742
GATGTCTATAATTCAAGAAGGAAGAAATAA,26.03883171081543
GATGTGAGTAAATAATGGGGAGGAACTTCA,26.474424362182617
GATGCGTAAGATTAAGGGGGGATATATATA,33.68130111694336
GACAAATAGTAAAAAAAGAAGATACTATGA,27.0612850189209
GACAAAGAAAATTCAAAGGGGGAAGAAGTA,34.43600082397461
GACAATAATAAATAAAAAGGGTGGGCCAAA,33.2293701171875
GACAATAATAAATAAAAGGTGTGGGCCAAA,22.259483337402344
GACATAAATTAGGCAAGGAAAGGGTAGCAA,17.159231185913086
GACTATCGAAAAATGGGGGGGGCAATGTAA,27.170867919921875
GACTTAGATAAAGAAAAAGGTGGGTAATCA,25.822702407836914
GACTTGAGTTTTAAGAGGGGGGTGTATTTA,24.298105239868164
GACTCATTAAAATGTAAAGGGGATACTAAA,26.947643280029297
GACGAAGTGAAATAAAGAGAGTTGTAAAAA,25.89427375793457
GACGTAAGCATTAAAAGGAAGGTATATATA,22.93602180480957
GACGTTAGTCAAAAGGAGCGGGAAGAAGTA,30.57061195373535
GAGAAAGAAAATCCAAAGGGGGAAGAAGTA,26.89534568786621
GAGAATAATAATTCAAAGGGGGATGAAGTA,24.43010902404785
GAGAAGTATTAGAAAGCGAGGAGGGTGAAA,38.984676361083984
GAGATTAAAATTTGGGAAGGGTAAATTACA,61.99638748168945
GAGATTAATAAGTTGGAAGGGTAAAACACA,36.71043395996094
GAGATCTATTAATATAAGGGGAGATGACCA,68.69759368896484
GAGATGTATTTGAAAGAGAGGAGAGTGAAA,36.6626091003418
GAGAGAATCGATTAAAAGGTGGGTATAATA,21.744590759277344
GAGAGTCCATAGATAAGGGGGTTAAAAAAA,25.413124084472656
GAGTAATTAGGAAATGAGGAGGTAACCAAA,23.015193939208984
GAGTAATTTAACAATGGAATGAGATCATAA,25.679431915283203
GAGTATAATTCACAAGGAAGGAGATCATAA,9.897612571716309
GAGTAGAATGAATAAAGGGTGAAAAATAAA,21.188478469848633
GAGTTTCTTAGGAAGGGGGAGGTAATAGTA,19.2498836517334
GAGTCTATTTAGAAGGGAGGGATATAAAAA,26.764692306518555
GAGCATAATCGTAAAAGGGGGTGGGACACA,16.593847274780273
GAGGATAATCGTAAAAGGGAGGAATTGGTA,36.19449234008789
GAGGTTAGTCAAAAGGAGGGGGAAGAAGTA,15.406123161315918
GTAAAAAACGAGCAAAAGAGGGGAGTATGA,28.51140594482422
GTAAAATATTCGAAAGAGGGAGATAGGATA,28.362722396850586
GTAATAATAATAGAATAGGAGGTTTACTGA,50.5953483581543
GTAATATATAAGTATAGAGGGAATTGCACA,31.9053897857666
GTAATACAAATGAAAAAAAGGGACAATATA,26.253698348999023
GTAATAGATATAACAGACGACGTAATGTCA,23.444921493530273
GTAATTTCTATATCAGAGGGAGGTATATTA,11.611621856689453
GTAATGATAAGAAATTGGGGGGGTTAACAA,25.823617935180664
GTATAAGTAGAAGTAGAGAAGGGGATTAAA,23.124794006347656
GTATATGCTAAAATTAGGGGGCGTTTAATA,35.51628494262695
GTATATGGTTAAATCAGGGGGTATTAGTCA,41.44221878051758
GTATTATAAAATCATAAGAGGCTAATGATA,37.25065994262695
GTATTATAATTAGAGAGGAGTGGTAAAAGA,23.367334365844727
GTATTACAGAAAAGAGGGGGAAGACAATAA,47.24702072143555
GTATTTAACTAATATGAGGAGAGTAGTACA,22.157644271850586
GTATTGTTAAAAGAGTGAGGGGGTGCAACA,25.678373336791992
GTATGAATAATAGAGGGGAGAGGGTTACCA,21.405807495117188
GTACAGATAGGATAAAAGGGGAGGTTACAA,13.847092628479004
GTACTACAAATTGGTGAGGGGGGAAAAAAA,28.749303817749023
GTACTTTTTAAAATAGGGGATTAGAATATA,10.291241645812988
GTACCAAAAATTAGAAAAAGGGGAAGTACA,22.67238426208496
GTACCACAAATTAGTGAGGGGGGAAAAAAA,28.124963760375977
GTACCACAAACTAGTGAGGGGGGAAGAAAA,17.459741592407227
GTACCAGAAATTAGAAAAAGGGGAAAAAAA,39.67518615722656
GTACCGAATGAAAATAAAAGGGGAAGAAAA,24.164628982543945
GTACCGATAGGATAAAAGGGGGGAAAAAAA,37.65788269042969
GTACGAAATCAAAAGGGAGAGGAATTCACA,26.09602928161621
GTAGATTAGTAAAAGGGGGAGAGCATAATA,26.480344772338867
GTAGTAATGGAATAGAGGGAATGAATTACA,24.344398498535156
GTAGTGATAAGAAATTGGGGGGTAAAAGTA,17.5454044342041
GTAGTGTTAAAAGAATGAGGGGGTGCAAAA,41.35134506225586
GTAGCTGTAATTTTAAGGGGGGAGACATAA,7.917726516723633
GTAGGGAATTTTGAGAGGAGGGAGTTAATG,15.997328758239746
GTAGGGAATTTTGAGAGGAGGGAGTTAACA,27.744455337524414
GTTAAAAAGAAAATGAGGAGTGAGTTAACA,26.598093032836914
GTTAAAACGAAAATGAGGAGGGAGTTAATG,18.894380569458008
GTTAAAGAATACAAAAAGGTAAATAAAATA,30.980915069580078
GTTAAAGAACACAAAAGAGGGATATTATTA,110.76183319091797
GTTATATATAACACGAGGGATGGAAATATA,25.016494750976562
GTTATATATGTCGGGAGGGGGGGATAAAGA,34.544189453125
GTTATATATGTCGGGAGGGGGGGATCGAAA,34.33049774169922
GTTATATACCTCAAGAGGGAGGAAAATATA,22.730253219604492
GTTACAGTATAAATAGGGAGTGAGTAAAGA,30.11873435974121
GTTTAATATTCGAAAGGGGGAGATAGTATA,26.368444442749023
GTTTATAAATAATAGAAGGGGGAGAATTCT,30.30821418762207
GTTTATAAAGAATAAAAGGGGTTGATATGA,34.73575210571289
GTTTATAAAGAATAAAAGGGGTTGTTATGA,36.23220443725586
GTTTATAAAGAATAGAAGAGGTATAGATTA,61.21298599243164
GTTTATATCGAATAAAAGGGGTTGTTATGA,36.40163040161133
GTTTATATCGAATAGAAGAGGTATAGATTA,66.78157806396484
GTTTATCCTAACTATAGGGAGGTTTCAAAA,41.68723678588867
GTTTACTAAGAATAAAAAGGGAGTCAAGAA,18.020002365112305
GTTTACTAAGAAGAGGGGGGGCGTCAAGAA,20.565025329589844
GTTTTCTTAATAAAAATGGGGGTAATTAAA,42.6997184753418
GTTTGTAAAGAATAGTAGGGGATGAAATAA,19.916650772094727
GTTCATTAAGAATAGTAGGGGATGAAATAA,31.942834854125977
GTTCTTATTGAATAAAGGGATGAGTAACAA,32.24380111694336
GTTCTTATTGAATAAAGGGGGGATAACTGA,28.552518844604492
GTTGAAATGAGAATGGAGGGGGATAACTGA,34.29891586303711
GTTGAAATGAGAATGGAGGGGGATAGGAGA,28.368759155273438
GTTGAAATGTGAATGGAGGATGAGTAACAA,35.040348052978516
GTTGAAATGGGAATGGAGGGGGGTAAGTAA,40.93808364868164
GTTGAAGAATAAGAAAAGGGGTGTTAGTGA,42.79094314575195
GTTGATAAAGAATAAAAGGGGGGTAATTAT,25.068387985229492
GTTGATAATAACTAGAAGGGGATGAGTTCA,33.84646224975586
GTTGATAATAACTAGAAGGGGGTATCATAA,31.329179763793945
GTTGATAATTAGAAGAAGAGGATGAGTTCA,32.7180061340332
GTTGATAATTAGAAGAAGAGGGTATCATAA,25.61403465270996
GTTGTAATCGAAGAGAGGAGGAGTAACAAA,31.467050552368164
GTTGTTATTGAATAAAGGGATGAGTAAAGA,29.77751922607422
GTCAAAAATCAAATAGAAGGAAGTTACACA,24.851882934570312
GTCTATATTTCTGAAAAGGGGGGAACTATA,49.87686538696289
GTCTATATTTCTGAAAAGGGGGGGAACAAA,42.43813705444336
GTCTTATTTAATGAGGGGGAGGGGGTACTA,25.127405166625977
GTCTTATTTAAGGAAAAGGGGTGCATTTTA,25.501304626464844
GTCTTATTGAATGAAAAGGGGTGCATTTTA,36.832908630371094
GTCTTTATGATTGAGAGGGAGGAAACATAA,22.738985061645508
GTCTCTAACTAAGAGAGGGAGGATACAAAA,39.984493255615234
GTCGTACTATGAATAAGGGGGAGTTACAAA,21.17494010925293
GTGAAAAATAAAATAGAAGGGAGTTAGAAA,6.250831127166748
GTGAAATCAGATTAGGGGGGGGCAATGAAA,46.34482192993164
GTGAAACATATAAATAGGATAGTGTAAATA,20.995670318603516
GTGACCAAAAAAGAAAGGGAGAAATTCGTA,37.91064453125
GTGGAAACTTATTAAGGGGAGGAAAACTTA,14.988627433776855
GTGGACAATCATAAGAGGGATGGAAAAAAA,27.080392837524414
GTGGCAATGAGGAAAGCGGAGGAAGAAACA,44.92250061035156
GTGGCAGTGAGGAAAAAGGGGGAAGTATAA,38.03125
GTGGCAGTGAGGAAAAAGGGGGAGACAAAA,46.285255432128906
GTGGGATAAAGTTTAAGGGGGGAGACATAA,47.31869888305664
GCAAAAATGTTATAGGGGAAGAAAATAGAA,4.225917816162109
GCAACATTACAAAAGAGAGAGGTAATGAAA,28.9435977935791
GCAACATTACAAAAGAGAGGGGTAAGGAAA,26.356252670288086
GCAACTTTACAAAAGAGAGAGGTAATGAAA,30.03534507751465
GCATAAAATAATTAAAGGGGGAAATACTAA,32.549861907958984
GCATAATAATTAAAGGGGTATGGAATTAAA,33.020751953125
GCATAATAACTAAAGGGGGATTGAATTAAA,36.5062255859375
GCATAACTAATAAAGGGGGAGAGGGTTAAA,30.804147720336914
GCATATTAAATAAAGAAGGAGTAAATGAAA,29.35552406311035
GCAGAAAATAATTGAAAAGGAAGGGATAAA,40.143245697021484
GCAGAAAATAATTGAAGAGGAAGAGATAAA,52.977230072021484
GCAGAATTGAAGATAAAGGGGAGGTTGTTA,41.57313919067383
GCTAAAATTACTGAAAAAAGGAGGTAATCA,34.47116470336914
GCTAAATAATCAATAGGAAGGGAGTAATCA,35.70261764526367
GCTAAATAATGAATAGAAAGGGAGTAATGA,19.471370697021484
GCTAAATAATGAATAGGAAGCGGGTTAATA,30.325538635253906
GCTAATTAGATTCAAAAAGAGAAGTAATTA,38.10393524169922
GCTAATTAGATTCAAAAAGAGAGGTTAATA,26.283462524414062
GCTAATTTTAATTAAAAGGGGTTATAAAAA,52.08792495727539
GCTTATTAAAAAAAGGGGGAGAGTGTTAAA,28.00653648376465
GCTCATTAAGAATTAAAGGGGGTACAAATA,22.40468978881836
GCTCATTAAGAATTAAAGGGGGGTAATTAA,18.69980812072754
GCTCATTTATAATCAGAGGGAGGTAATTAA,34.647789001464844
GCTCATTTATAATCAGAGGGGGTACAAATA,17.773616790771484
GCTCATTTATAATCAGAGGGGGTGTAATTA,28.341341018676758
GCTGAAGAGGAATTAAAGGGGGGTAATTAA,26.531164169311523
GCTGAAGTAGAATTAAAGGGGGGTAATTAA,16.380250930786133
GCCAAATCAATATATAGGGGGAATGTGAAA,29.274887084960938
GCCAATTTTAATTAAAAGGGGTTATTAATA,17.43817710876465
GCCATTACTATAAAAGAGGGGGGTATGACA,31.94962501525879
GCCATTACTACAAAAGAGGGGGGAGATAAA,33.91010284423828
GCCATTTTTATAAAAGAGGGGGGAGATAAA,26.689716339111328
GCCATTTTTATAAAAGAGGGGGGTATGACA,36.3071174621582
GCCTAAAAAAATGATAGGGGGGGTATATTA,20.140291213989258
GCCTAATAATATGATAGGGGAGAGTTACAA,11.540926933288574
GCCTATAAATAGAATAGAGGGGGTAAGAGA,32.46993637084961
GGAAAAAACGATGAGAAAGGGGGGTCGTAA,29.526559829711914
GGAAAAAAGGATAAAAGGAGAATAAGCACA,24.874528884887695
GGAAAAAAGGATAAAAGGGGAATAATCACA,1.0016701221466064
GGAAAAAAGGATAAAAGGGGAATAGTCATA,20.809499740600586
GGAAAAAAGGATAACAAGGGAGGATTGCAA,47.62786102294922
GGAAAAATGAAAAGAAGGGGGACAATGCAA,37.51043701171875
GGAAAAATGAAAAGAAGGGGGAGGTCGTAA,36.783260345458984
GGAAAAATGAACAGAAGGGGGAGGTCGTGA,33.93130874633789
GGAAAAGAGGATGAGAAAGGGGGAATGCAA,59.80601501464844
GGAAAGTCATAACAGAGGGGGGGGAAGAAA,36.46818923950195
GGAATAAAAGATATAAGAAGGATTGTTATA,0.9205471277236938
GGAATAATTGGATGGGAGGGGAGGTAAACA,38.774444580078125
GGAATAAGAACAAGAAGGGGGGATGTTATA,22.919984817504883
GGAATATTGCAAAAAGTGGAGGATAGATAA,28.51041030883789
GGAACAATGAAAAGAAGGGGGTAAATCCCA,24.646411895751953
GGAACATGTCAAGAACAGGGGGTAATAATA,39.866912841796875
GGATAAAAGATAAAGAGGAGGGATCACGAA,28.44320297241211
GGATATAATTAAAAGAGGAGGGAAGGCGAA,35.266658782958984
GGATATAATTTAGAGAGGAGAGGAAAAGAA,7.175409317016602
GGATTAAAGTAAAAGCGGAGGGAAGGCGAA,27.893657684326172
GGATTAAAGTTAGAGAGGAGAGGAAAAGAA,18.55942726135254
GGATTTATTAATCAAAGAGGGGAAGAAATA,12.216562271118164
GGATTTATTAAGATACGAGGGGAGGAAATC,16.039525985717773
GGATTTATCAATCAAAGAGGGGAAGAAGAA,1.0293402671813965
GGATTTATGGATATAAGAGGGGAAGAAATA,5.232940673828125
GGATTTACTAATCAAAAGGAAAAAAAAGAA,22.40968894958496
GGATGAACATAAGAAAGTGGGAGGTAAAGA,33.285457611083984
GGATGAACATAAGAAAGGGATTTGTAATAA,28.694320678710938
GGATGAACATAAGAAAGGGGTTTGTAATAA,32.37664794921875
GGATGAACATTAGAAAGGGGGAGGTAAAGA,35.952232360839844
GGACAAAGTAAAAAAAGGGTTTTGTAATAA,33.125057220458984
GGACAAAGTACAAAAAGGGGGATGTAAAGA,36.088436126708984
GGACCTATCGAAAAAAGAGGGATATAAGAA,24.89752769470215
GGAGTGACTATATAAGGGTGGGGTAATAAA,33.582393646240234
GGTAAAACTTAAAGAAGGAGGAAGTTCCAA,21.940185546875
GGTAAAACGAAAGAGAGGAGGGAGTTAACA,28.06109046936035
GGTAAATATAAATAAGGAGGGAGGAAAACA,11.93641185760498
GGTAAACCTAAATAAGGAGGGCAGATAAAA,44.08846664428711
GGTAAAGATAAAAAAGGAGGGAAGATAGAA,26.896617889404297
GGTAAAGATAAAAAAGGAGGGCAGATAAAA,32.47990798950195
GGTAAAGATAATTAAGGAGGGAAGATAAAA,36.530948638916016
GGTAAAGATAATTAAGGAGGGGGAGTAATA,31.331315994262695
GGTATAAAAATCAATAAGGAGAAGATAAAA,40.452754974365234
GGTATAAAAATCAATAAGGAGGGAGTAATA,24.754804611206055
GGTATATAACTCGAAGGAGGGAAGATATAA,16.35277557373047
GGTATATAAGTGGAAGGAGGGAAGATAAAA,42.28749084472656
GGTACTTAAAACAAAAAGAGGATAGTGTCA,19.981327056884766
GGTAGACCTAAATAAGGAGGGAAGATAGAA,23.400575637817383
GGTTAAGCTTAAAAAAGGAAGAATAATTTA,49.59587478637695
GGCAATTTCCATAAAAGGGGGGGTACTTAA,47.98662185668945
GGCATCAACAGAAAGAAGGAGAGTATAAAA,8.094374656677246
GGCAGAGAAATTAAAGAGAGGAGTAATATA,28.92905616760254
GGCTAATATGGAGATGGGGGGAGGTAAAAA,29.924903869628906
GGCTTTTATTGAAAGAGAGGAGGTTAATTA,24.443944931030273
GGCTTTTATTGAAAGAGAGGGGGGATTATA,24.366212844848633
GGCTGAGATTTATAAGAAGGGGGGATTATA,20.923171997070312
GGCCAAAGTTGAAGAAGGGGGGAAGTTTAA,20.727893829345703
GGCGTAATATGAATTAGGGAGAGATAATCA,55.51520538330078
GGGATATACATAGAAAAAGAAGGAATGTAA,32.95893478393555
GGGATATACATAGAAAGAGAAGGAATGTAA,16.3748836517334
GGGATACAAATAGAAAGGAAAAGAATGTAA,20.300325393676758
GGGATACAAATAGAGAGGGGGTTAAAATAA,18.400428771972656
