GTGTTTAAAATTAAAGTTTAAATATTTGGATTCGCGAAATAAAGCGTTTACAATATATGTA,0.79506
GTGTTTAAAATTAAAGTTTAAATATTTGGATTCCCCAAATAAAGCGTTTACAATATATGTA,0.80137
GTGTTTAAAATTAAAGTTTAAATATTTGGATTACGGAAATAAAGCGTTTACAATATATGTA,0.82661
GTGTTTAAAATTAAAGTTTAAATATTTGGATTCCGTAAATAAAGCGTTTACAATATATGTA,0.86447
GTGTTTAAAATTAAAGTTTAAATATTTGGATTCTCGAAATAAAGCGTTTACAATATATGTA,0.88971
GTGTTTAAAATTAAAGTTTAAATATTTGGATTCTCCAAATAAAGCGTTTACAATATATGTA,0.89602
GTGTTTAAAATTAAAGTTTAAATATTTGGATTGCCCAAATAAAGCGTTTACAATATATGTA,0.90233
GTGTTTAAAATTAAAGTTTAAATATTTGGATTCCCGAAATAAAGCGTTTACAATATATGTA,0.97174
GTGTTTAAAATTAAAGTTTAAATATTTGGATTATCAAAATAAAGCGTTTACAATATATGTA,0.97174
GTGTTTAAAATTAAAGTTTAAATATTTGGATTCGACAAATAAAGCGTTTACAATATATGTA,0.99698
GTGTTTAAAATTAAAGTTTAAATATTTGGATTGCGCAAATAAAGCGTTTACAATATATGTA,1.02222
GTGTTTAAAATTAAAGTTTAAATATTTGGATTTCGAAAATAAAGCGTTTACAATATATGTA,1.15473
GTGTTTAAAATTAAAGTTTAAATATTTGGATTCCGCAAATAAAGCGTTTACAATATATGTA,1.1989
GTGTTTAAAATTAAAGTTTAAATATTTGGATTTGACAAATAAAGCGTTTACAATATATGTA,1.21783
GTGTTTAAAATTAAAGTTTAAATATTTGGATTGGGCAAATAAAGCGTTTACAATATATGTA,1.26831
GTGTTTAAAATTAAAGTTTAAATATTTGGATTGCGTAAATAAAGCGTTTACAATATATGTA,1.38189
GTGTTTAAAATTAAAGTTTAAATATTTGGATTGTCGAAATAAAGCGTTTACAATATATGTA,1.44499
GTGTTTAAAATTAAAGTTTAAATATTTGGATTACCCAAATAAAGCGTTTACAATATATGTA,1.55226
GTGTTTAAAATTAAAGTTTAAATATTTGGATTAGCCAAATAAAGCGTTTACAATATATGTA,1.5775
GTGTTTAAAATTAAAGTTTAAATATTTGGATTAGTCAAATAAAGCGTTTACAATATATGTA,1.62167
GTGTTTAAAATTAAAGTTTAAATATTTGGATTTTTTAAATAAAGCGTTTACAATATATGTA,6.31
GTGTTTAAAATTAAAGTTTAACGGGTTGGATTTTTTAAATAAAGCGTTTACAATATATGTA,8.203
GTGTTTAAAATTAAAGTTTAAAGCATTGGATTTTTTAAATAAAGCGTTTACAATATATGTA,8.20931
GTGTTTAAAATTAAAGTTTAACCGCTTGGATTTTTTAAATAAAGCGTTTACAATATATGTA,8.22824
GTGTTTAAAATTAAAGTTTAACCGGTTGGATTTTTTAAATAAAGCGTTTACAATATATGTA,8.22824
GTGTTTAAAATTAAAGTTTAAAGGATTGGATTTTTTAAATAAAGCGTTTACAATATATGTA,8.25979
GTGTTTAAAATTAAAGTTTAACAGCTTGGATTTTTTAAATAAAGCGTTTACAATATATGTA,8.29134
GTGTTTAAAATTAAAGTTTAACACCTTGGATTTTTTAAATAAAGCGTTTACAATATATGTA,8.31658
GTGTTTAAAATTAAAGTTTAATGGATTGGATTTTTTAAATAAAGCGTTTACAATATATGTA,8.32289
GTGTTTAAAATTAAAGTTTAAGATGTTGGATTTTTTAAATAAAGCGTTTACAATATATGTA,8.33551
GTGTTTAAAATTAAAGTTTAACCCATTGGATTTTTTAAATAAAGCGTTTACAATATATGTA,8.34813
GTGTTTAAAATTAAAGTTTAACTATTTGGATTTTTTAAATAAAGCGTTTACAATATATGTA,8.35444
GTGTTTAAAATTAAAGTTTAATTGCTTGGATTTTTTAAATAAAGCGTTTACAATATATGTA,8.36706
GTGTTTAAAATTAAAGTTTAAGCAGTTGGATTTTTTAAATAAAGCGTTTACAATATATGTA,8.37968
GTGTTTAAAATTAAAGTTTAAGGACTTGGATTTTTTAAATAAAGCGTTTACAATATATGTA,8.38599
GTGTTTAAAATTAAAGTTTAAACCCTTGGATTTTTTAAATAAAGCGTTTACAATATATGTA,8.41754
GTGTTTAAAATTAAAGTTTAAACAGTTGGATTTTTTAAATAAAGCGTTTACAATATATGTA,8.43647
GTGTTTAAAATTAAAGTTTAAGCTGTTGGATTTTTTAAATAAAGCGTTTACAATATATGTA,8.44278
GTGTTTAAAATTAAAGTTTAACTCCTTGGATTTTTTAAATAAAGCGTTTACAATATATGTA,8.44909
GTGTTTAAAATTAAAGTTTAAGAAGTTGGATTTTTTAAATAAAGCGTTTACAATATATGTA,8.4554
GTGTTTAAAATTAAAGTTTAAAGCCTTGGATTTTTTAAATAAAGCGTTTACAATATATGTA,8.46171
GTGTTTAAAATTAAAGTTTAAAGGGTTGGATTTTTTAAATAAAGCGTTTACAATATATGTA,8.48695
GTGTTTAAAATTAAAGTTTAAGCGGTTGGATTTTTTAAATAAAGCGTTTACAATATATGTA,8.49957
GTGTTTAAAATTAAAGTTTAACTAGTTGGATTTTTTAAATAAAGCGTTTACAATATATGTA,8.49957
GTGTTTAAAATTAAAGTTTAAGAGATTGGATTTTTTAAATAAAGCGTTTACAATATATGTA,8.52481
GTGTTTAAAATTAAAGTTTAAGCCATTGGATTTTTTAAATAAAGCGTTTACAATATATGTA,8.55005
GTGTTTAAAATTAAAGTTTAATACCTTGGATTTTTTAAATAAAGCGTTTACAATATATGTA,8.57529
GTGTTTAAAATTAAAGTTTAACGCATTGGATTTTTTAAATAAAGCGTTTACAATATATGTA,8.60053
GTGTTTAAAATTAAAGTTTAAGGCCTTGGATTTTTTAAATAAAGCGTTTACAATATATGTA,8.63839
GTGTTTAAAATTAAAGTTTAACCACTTGGATTTTTTAAATAAAGCGTTTACAATATATGTA,8.6447
GTGTTTAAAATTAAAGTTTAAGACGTTGGATTTTTTAAATAAAGCGTTTACAATATATGTA,8.65101
GTGTTTAAAATTAAAGTTTAACATCTTGGATTTTTTAAATAAAGCGTTTACAATATATGTA,8.68256
GTGTTTAAAATTAAAGTTTAAGAACTTGGATTTTTTAAATAAAGCGTTTACAATATATGTA,8.7078
GTGTTTAAAATTAAAGTTTAAGTGGTTGGATTTTTTAAATAAAGCGTTTACAATATATGTA,8.7078
GTGTTTAAAATTAAAGTTTAACGGATTGGATTTTTTAAATAAAGCGTTTACAATATATGTA,8.72042
GTGTTTAAAATTAAAGTTTAAAGCGTTGGATTTTTTAAATAAAGCGTTTACAATATATGTA,8.73304
GTGTTTAAAATTAAAGTTTAAGTCATTGGATTTTTTAAATAAAGCGTTTACAATATATGTA,8.82769
GTGTTTAAAATTAAAGTTTAAGTGATTGGATTTTTTAAATAAAGCGTTTACAATATATGTA,8.87817
GTGTTTAAAATTAAAGTTTAAACGGTTGGATTTTTTAAATAAAGCGTTTACAATATATGTA,9.01068
GTGTTTAAAATTAAAGTTTAACCCCTTGGATTTTTTAAATAAAGCGTTTACAATATATGTA,9.38928
GTGTTTAAAATTAAAGTTTAAATATTTGGATTTTTTAAATAAAGCGTTTACAATATATGTA,6.31
GTGTTTAAAATTAAAGTTTAAATATTTGGATTTTTTAAATAAAGCGTATACAATATATGTA,6.681157152
GTGTTTAAAATTAAAGTTTAAATATTTGGATTTTTTAAATAAAGCAGTTACAATATATGTA,7.64623143
GTGTTTAAAATTAAAGTTTAAATATTTGGATTTTTTAAATAAAGCGGGTACAATATATGTA,7.794675525
GTGTTTAAAATTAAAGTTTAAATATTTGGATTTTTTAAATAAAGCAGGTACAATATATGTA,8.314323687
GTGTTTAAAATTAAAGTTTAAATATTTGGATTTTTTAAATAAAGCGGTTACAATATATGTA,8.982462861
GTGTTTAAAATTAAAGTTTAAATATTTGGATTTTTTAAATAGAAAGGTTACAATATATGTA,9.610347599
GTGTTTAAAATTAAAGTTTAAATATTTGGATTTTTTAAATACATTGGTTACAATATATGTA,9.913006528
GTGTTTAAAATTAAAGTTTAAATATTTGGATTTTTTAAATAGCTGGGTTACAATATATGTA,10.3670653
GTGTTTAAAATTAAAGTTTAAATATTTGGATTTTTTAAATAAATCGGTTACAATATATGTA,11.04810653
GTGTTTAAAATTAAAGTTTAAATATTTGGATTTTTTAAATATGTGGGTTACAATATATGTA,11.35076546
GTGTTTAAAATTAAAGTTTAAATATTTGGATTTTTTAAATAAAGCGTGTACAATATATGTA,13.73351837
GTGTTTAAAATTAAAGTTTAAATATTTGGATTTTTTAAATACTCATGTTACAATATATGTA,15.93803515
GTGTTTAAAATTAAAGTTTAAATATTTGGATTTTTTAAATACGCGTGTTACAATATATGTA,17.25320103
GTGTTTAAAATTAAAGTTTAAATATTTGGATTTTTTAAATACTCGTGTTACAATATATGTA,17.40455396
GTGTTTAAAATTAAAGTTTAAATATTTGGATTTTTTAAATATCCGTGTTACAATATATGTA,17.85856581
GTGTTTAAAATTAAAGTTTAAATATTTGGATTTTTTAAATAAAGCTGTTACAATATATGTA,18.48452697
GTGTTTAAAATTAAAGTTTAAATATTTGGATTTTTTAAATAGGTATGTTACAATATATGTA,19.59903059
GCATGAAACTTTTCACCCATTTTTCGGTGATAAAAACATTTTTTTCAGATAAACTGAACGG,2.105839537
GCATGAAACTTTTCACCCATTTTTCGGTGATAAAAACATTTTTTTCAGTTAAACTGAACGG,2.226173303
GCATGAAACTTTTCACCCATTTTTCGGTGATAAAAACATTTTTTTCATTTAAACTGAACGG,2.346507068
GCATGAAACTTTTCACCCATTTTTCGGTGATAAAAACATTTTTTTCGTATAAACTGAACGG,2.627284949
GCATGAAACTTTTCACCCATTTTTCGGTGATAAAAACATTTTTTTCATGTAAACTGAACGG,2.727574396
GCATGAAACTTTTCACCCATTTTTCGGTGATAAAAACATTTTTTTCCCGTAAACTGAACGG,3.248998095
GCATGAAACTTTTCACCCATTTTTCGGTGATAAAAACATTTTTTTCTTGTAAACTGAACGG,3.269055984
GCATGAAACTTTTCACCCATTTTTCGGTGATAAAAACATTTTTTTCAGGTAAACTGAACGG,3.309171763
GCATGAAACTTTTCACCCATTTTTCGGTGATAAAAACATTTTTTTCGATTAAACTGAACGG,4.011116466
GCATGAAACTTTTCACCCATTTTTCGGTGATAAAAACATTTTTTTCTGGTAAACTGAACGG,4.332015554
GCATGAAACTTTTCACCCATTTTTCGGTGATAAAAACATTTTGCGAGTGTAAACTGAACGG,4.411785699
GCATGAAACTTTTCACCCATTTTTCGGTGATAAAAACATTTTAGTAGTGTAAACTGAACGG,4.50062125
GCATGAAACTTTTCACCCATTTTTCGGTGATAAAAACATTTTTTTCCTTTAAACTGAACGG,4.67294539
GCATGAAACTTTTCACCCATTTTTCGGTGATAAAAACATTTTCTTTTGATAAACTGAACGG,4.974383712
GCATGAAACTTTTCACCCATTTTTCGGTGATAAAAACATTTTTTTCTGTTAAACTGAACGG,5.074076036
GCATGAAACTTTTCACCCATTTTTCGGTGATAAAAACATTTTTTTCGTGTAAACTGAACGG,5.455121651
GCATGAAACTTTTCACCCATTTTTCGGTGATAAAAACATTTTTTCAGTGTAAACTGAACGG,5.477730882
GCATGAAACTTTTCACCCATTTTTCGGTGATAAAAACATTTTCAACTGTTAAACTGAACGG,5.596178283
GCATGAAACTTTTCACCCATTTTTCGGTGATAAAAACATTTTGACGTGATAAACTGAACGG,5.625790133
GCATGAAACTTTTCACCCATTTTTCGGTGATAAAAACATTTTTATATGGTAAACTGAACGG,6.040301753
GCATGAAACTTTTCACCCATTTTTCGGTGATAAAAACATTTTTTTCCTGTAAACTGAACGG,6.618343526
GCATGAAACTTTTCACCCATTTTTCGGTGATAAAAACATTTTTTTATGGTAAACTGAACGG,7.106246936
GCATGAAACTTTTCACCCATTTTTCGGTGATAAAAACATTTTTATCTGGTAAACTGAACGG,7.343114596
GCATGAAACTTTTCACCCATTTTTCGGTGATAAAAACATTTTTTTCTGATAAACTGAACGG,7.400519787
GCATGAAACTTTTCACCCATTTTTCGGTGATAAAAACATTTTGGTATGGTAAACTGAACGG,7.520785697
GCATGAAACTTTTCACCCATTTTTCGGTGATAAAAACATTTTTTTGTGGTAAACTGAACGG,7.668817806
GCATGAAACTTTTCACCCATTTTTCGGTGATAAAAACATTTTTATAGTGTAAACTGAACGG,8.645927439
TATTCAGTCTGCTTTGAGCATATTGGTTTGAATGCCGTTAAGTTTGCCGTATACTAATAGT,0.033266519
AAATCGGCTTCTTTATTAAAAAACAGTTGTAACTTTAATTGTTACAGTTTAAAATCAATTT,0.049958618
GAGCTTTACTAAAAAATAAAAATGAAACCTGAATCTCTTTATCTCCGTCTAACCTAACGGA,0.165743375
GCAATCTCTTTTTTCTTTTGGGATTCTTATGGAATTTTTATTAATTTAATATAATCGCTTA,0.182469097
CCTTGTTTTTTTATGCATAAACCCCCCATGCTGATTTACTTCTCTCTTTTAAAAAATGTGA,0.265257547
TCTTCGGAACAATGCTTTATGAATCTAACCCGCCTGACTTGGCGGATGATATAATCTTTAT,0.298488803
CGTTTCGATGGGATAAAAAATGGCTGACAATTTGATTGGATTGGCACATTATGATCTCCTC,0.33173851
TCTTAAATGGCAAAGAAAAGGACATCTTTCTAAGAGAGATGTCTTTTTTTATACATAAAAA,0.364988218
TTATTTAGACAGACAACTGTGATTTCGGTTAAAACCTTATGAATACGGGTATATTAATGTT,0.414711066
GAAATGCCGCACTCTGTATTCTTCATTATCATTATCGCTGCATTTGCGGTAACATTGATCA,0.464485169
CTTGGTTCCTAAAGGGGCAAAAACTTTGACTGCTCTTATTGTTCAGGCGATGAAATCGTAA,0.547221955
AAAACGAATTAATATAGAAGACGGAAATGAGGCATACAGCATGTAAGTGTATGCCTCACTT,0.778573739
TATTTCCGATAATAAAAAAGACCGCTCGTTTCATGCGGTCTTTTTTTGTTACAATCGACCG,0.795315453
CTCGGTGTTCCTGACGCGGCTGCCCGTTTATACAGCGTACTCGAGGAATTAAAAAAATAGT,0.812007962
TCCTTTCAACGTCATTATAAACTAGTTTTAACATACGGCAGGCAATTTTCATAATTTCACA,0.977565591
ATAAAATCATCTCAAAAAAATGGGTCTACTAAAATATTATTCCATCTATTACAATAAATTC,1.076810371
GGCCAGATTTAAGTCACACTGCTTTTATCAGCCGACGGCGGAGACGTGTGAAAATGTATAT,1.110043677
TTTTCACAATTTCCCATAATCTTTTCATTTTTATCCCACAGTTTTTGTTTATGATAAACTC,1.143293384
GCTGTATGTATTCCCTTATCATTGGCATTAGAAAGAGGGCAGAAAACATTATGTTTTCTGC,1.193032634
CCCTGTGGTAAACAGGGGATTTTTACATATCGCAAAAATAATCAAAACATATAATCCGTGA,1.243024055
AGTCTTAATGAAGAAAACGTCTATCCTTGTGATGGGCGTTTTTTTCTGTTACTTTTTGCTT,1.309271299
AAGGCTGTTGGGTGGATATCTGGCTTGTGTTCCTTATAAGGGTAGATCATAAGATTCATCC,1.392026536
TCCAACCGGCGTCATTTCAAACTTGCTCGTGGGAGAACGTTATATTCGATAAAATAAAAAC,1.408751849
ACCGACGCACACCCCCAAAAATCGCAGTATTTCTGAGAAACTTTAAATGTAGAATCATATT,1.491521437
ATTGCCATATTCTAGAGCATGAAGACTATGACATGATGAGACCGATGGATATAACTGATCC,1.508265201
CGGATGTGCAGCTTCCGGTTGAGACATTTTTACAAAATACGTATCGGTTTTACTTTCATCA,1.591018388
GAAAAACAATTGATTAAGCATACATTCTAATGAAGAAGGACACTGCCGGTAAAAGGGCAGT,1.657282033
TATATAAGCAATTATCATTTATAAAGCACTTCAAATGGGTTATTTGTCTTAAAATTTTGAA,1.657501402
AAAGTAAATAAAATGGGGCGTTTTCTCAAACGATAGAAACGTCTTTTTTTATTGTCCGTCT,1.806282464
TTATTTCAGACAATCTCTATTTTTATTTGAAACTTTTCATGAGTAAGATTAGTCTACTAAA,1.938608837
TTTCCCCCTCAACACGTATAGATAGATTGAAAATTGGCGTGAAAATTCCTATAATGAAGAA,2.004821228
GCCCTCGTTAAATATCGCTGGAGGCCTAATTGATCAGCTGTCAATGGATCATATTTCTGTG,2.137100447
CTTATTAACCAATGTCGGAGCGCCTGCGTTTTTATCAGAATCCCTTACCTATGATAAAAAT,2.236390331
GAGCTCTTTTTTAAGAAGCACTGTTTTAGGTTTTTAAAACAAACTGTGTTAAAATAACCTC,2.500698648
TTCGCACGTCTTTATAGATGTAAGGCTGTTTAAACAAGAAGAAATGGGGTATATCTAAAAG,2.682713016
AACATACTTAACGAACTTATGATTTTGACGCAGCCAGGGTTTTTACAGCAATACTCGGGAG,2.765478504
GCGTTGGGCAGCCATCCTTGTTGGATTACTATGTATTTCGGCTCAATATTATTATGGTTAA,2.782228419
TTTTATGAGAATGAGTGAGAAAAAGAGTGAAAACAAATCCAACTAATGTTAAATTTACATA,2.964058272
CCTAATTCTATATTTCAAACGAAAAGGCTGCTGAATCACGCAGCCTTTTAAAATTGTTTTG,3.030299365
GCTTCTTCTTTGCTTGGAGGGGTTGAAAGTGTTAGGATATGAATATCTTTAAAATACCTGC,3.129548245
GTAATTCATCTGCAACCAAACTTTCTTTATTCACTTCCATCGACTCCTTTATTTTCAATAT,3.146257156
CATCGGCGGAAATCGCTGATTCAAGTTCTGACTGAAGCTGTTCATATGATATACTGTAAGC,3.146523678
AAATTTTTGCAGAAATGTGAAACATATTCCCGTTATGCATCGTTATATTAATAATTTACGA,3.212805775
AAGAATATGTGAAATTATGAAAATTGCCTGCCGTATGTTAAAACTAGTTTATAATGACGTT,3.279046868
ACTGAAAGAATCGATCACTTTGAAATGAAACCGGTCAGCGTTTCATCCGTATAACAGATAT,3.345287961
TTTTTCTTGCCCGGGATAAAAGGAATTGAAAAATCATAATTCAAAATGATACAATCTAATT,3.52707681
TATTTTTATCAGTCTGGGCGGATCTGTTCATCTTTGCGGCATTTTCCTGTATGATATAGTA,3.675898876
CATTCATACACCGCCATTATATTCATAGACCTGAAAAGGTCTTTTTTTGTACTCTTAATAA,3.70911168
GAAATGCTGCGGTAAAAAAATTGTAACCATCTTGCTCGTCAATCAGTCATATAATAGTGAA,4.039435572
TCGGAGCATGTCTAAAGAATGAATTTGAAACCTGAAGAGATTTTAAACGTATAAATAAGTA,4.089213775
AGGAACATGAAAAGATTGGCATTCATTTTTCAAAAGGTAACAAATGTTGTATAATAATAGA,4.287527019
ATTGAAAAGGTTTGAAAAATAATGAAACCCGGAGTATGCCAAGCCCGTATAACATAACATC,4.667444598
GTTTTTTATGAGTCTAAAGAAAGAATTGAGAGATGAGTAAAAAGGATTTTATCTTTTTTTG,5.063845568
AGTCACTTCATCCTGAGCATCTCATAGGACGCGGCTGCATATTTCCTGCTAAGATTTGTAA,5.146590555
GGCGTTTTTTTCATTTGAAAAGTTTTGTGTCAATCGAAACATTTCGGTTTATGATACGTCA,5.311855009
GGGGCATCTTTTTTTATTGCTTACATTTTTGTTCAGGTAAAAAGTTGTATATTTTTTGTTT,5.328584421
CTTTGCATATCAGGCCAGCTTTTTGTTTGACCTTTATTGACCAAAAATGTATCATGTAACT,5.427874305
ACAATGTTTGAAACTTCTTCCTGTGAAAATGCGTCTAACTTTTAGACGTTATTTTGAAAAA,5.543668082
TGATTTGTTATTCAGCAAACTTTCAGCTGACGGAAGCCATTTTTCTCTGTATGCTTAAGAA,5.874237994
CGGGTATATGTTTTTACAGCTTTCTTTTAGAAAAAGTGAAACCTTTTTCTATGCTTTTCGT,6.534393734
TTTTTTCATTCGCGCTTTGGCCAATCAGGAGAGGCGTTTTCAGCCAGCGTATTATCTAATA,6.700047721
GTTTGTTGTGATTTTTTTCATATGTCACATCTCCTTTTCAATGCCATTTTAATATAAAATA,6.815841499
AAACCATTCATAATGGTCATGTTACTATTTTAAACAGTCCGTTTTTGTTTACACTGGTATT,7.096674211
AATTCTTATAGAAAGCGGGAAACTTTTTCAAAGTTTCATTCGTCTACGATATATTGAGGTA,7.261979668
GTTAAGCCGGAGCTTTCTCATGAAGTGAAACATTTTTCATATTGAATCGTATAATGAGAGA,7.476735301
TTGAAACAGCTGTTGTCGTTTGTGAGCTTTACAGACACGGCGGCGAGTGGAAATTCAATGC,7.609094477
AATATTGAAGGTTTTTGGAAATTTATTAGAAAAACATGAAACTTTTTGATATCCTTCCCGT,8.005495448
ACCGACGCACACCCCCAAAAATCGCAGTATTTCTGAGAAACTTTAAATGTAGAATCATATT,8.467870988
TTTTTTCGAGGTTTTTCGTCAATTATTCTTAACTTTTACGAAACTTTGATATAATAACAAA,9.521536955
TGGAAATCAATATTTCTTTTTCTCCTTTGCGAATCCCTATCAAATTAGCTATCATTAATGA,10.71192897
TCTTTTTTCTTTTCGGAAAAATCATTCCAACTTCTAACTGTTCAGTCTGTATAATAATTTT,12.35214946
CAAGGGAAATTATTAGGCAATGAAGTTTTTGGCGCTTTTTTGGGTGAGTTATAATTGACAT,12.83334559
GCTTGTTTTGTTTTTTATGTATGGTTTTCACACCGCGAATACCGGTTCATATATTTATAAC,12.84902941
ATGGGACTAATTTTTCTTTTTTTAGTGATACGCTGAGCAAAAAATATGATAAAATACATCT,14.48734325
GTCATACTTAACAGATAAGAAGTGGAAAAAGAAAACGGAACTGAGCATTTATGAACTGGCG,14.96929794
TTTATTTTACATTTTTAGAAATGGGCGTGAAAAAAAGCGCGCGATTATGTAAAATATAAAG,20.10188581
GCGTGAAAAATTTTTTATCTTATCACTTGAAATTGGAAGGGAGATTCTTTATTATAAGAAT,31.47548765
GAGCGGGTGTTTTTTTAATAGCCAACATTAATAAAATTTAAGGATATGTTAATATAAATTC,61.86048822
AAAAAACGGCCTCTCGAAATAGAGGGTTGTTATTTGAAAGGAATTATCGTATAATTAGTTG,93.16929679
GTGTTTAAAATTAAAGTTTAAATATTTGGATTTTTTAAATAACTATGGTACAATATATGTA,0.744051884
GTGTTTAAAATTAAAGTTTAAATATTTGGATTTTTTAAATAAAGCGTTTACACGCGCGGTA,0.85034501
GTGTTTAAAATTAAAGTTTAAATATTTGGATTTTTTAAATAAAGCGTGGCACCTATATGTA,1.062931262
GTGTTTAAAATTAAAGTTTAAATATTTGGATTGGGGCCATAAAGCGTTTACAATATATGTA,2.232155651
GTGTTTAAAATTAAAGTTTAAATATTTTTCGGGTTTAAATAAAGCGTTTACAATATATGTA,2.834483366
GTGTTTAAAATTAAAGTTTAAAGCGGGTGATTTTTTAAATAAAGCGTTTACAATATATGTA,5.952415069
GTGTTTAAAATTAAAGTTTAAATATTTGGATTTTTTACCGCCCGCGTTTACAATATATGTA,25.9355228
GTGTTTAAAATTCCCTGGTAAATATTTGGATTTTTTAAATAAAGCGTTTACAATATATGTA,27.7070749
GTGTTTAAAATTAAAGTGGCCCGATTTGGATTTTTTAAATAAAGCGTTTACAATATATGTA,28.16767845
GTGTTTAAAATTAAAGTTTAAATATTTGGATTTTTTAAATAAAGCGTTTACAATATAGAGA,33.37604164
GTGTTTAAAATTAAAGTTTAAATATTTGGATTTTTTAAATAAAGCGTTTACAATATATGTA,35.43104208
AACGTTGATACCGGTTAAATTTTATTTGACAAAAATGGGCTCGTGTTGTTTAATAAATGTG,69.91996798
AACGTTGATACCGGTTAAATTTTATTTGACAAAAATGGGCTCGTGTTGTTAAATATATGTG,47.26589835
AACGTTGATACCGGTTAAATTTTATTTGACAAAAATGGGCTCGTGTTGGACAATAAATGTG,24.38808483
AACGTTGATACCGGTTAAATTTTATTTGACAAAAATGGGCTCGTGTTGGAGAATAAATGTG,16.94860024
AACGTTGATACCGGTTAAATTTTATTTGACAAAAATGGGCTCGTGTTGTCTAATAAATGTG,10.57189916
AACGTTGATACCGGTTAAATTTTATTTGACAAAAATGGGCTCGTGTTGTTGAATAAATGTG,5.87327731
AACGTTGATACCGGTTAAATTTTATTTGACAAAAATGGGCTCGTGTTGAACAATAAATGTG,4.267914845
AACGTTGATACCGGTTAAATTTTATTTGACAAAAATGGGCTCGTGTTGAAGAATAAATGTG,2.237438975
AACGTTGATACCGGTTAAATTTTATTTGACAAAAATGGGCTCGTGTTGTCCAATAAATGTG,0.945317967
AACGTTGATACCGGTTAAATTTTATTTGACAAAAATGGGCTCGTGTTGTGGAATAAATGTG,0.637670108
GCCTGCAAACGTTAAGATGGCAAGCTTGACAAGTATTTCGTATGCATTTACAATGAAGTTG,26.0721287
GCCTGCAAACGTTAAGATGGCAAGCTTGACAAGTATTTCGTGAAGATTTACAATGAAGTTG,23.99074028
GCCTGCAAACGTTAAGATGGCAAGCTTGACAAGTATTTCACCAAGATTTACAATGAAGTTG,18.73249583
GCCTGCAAACGTTAAGATGGCAAGCTTGACAAGTATTTCCGACACATTTATAATGAAGTTG,15.99382685
GCCTGCAAACGTTAAGATGGCAAGCTTGACAAGTATTTCTTCAGAATTTACAATGAAGTTG,12.59787731
GCCTGCAAACGTTAAGATGGCAAGCTTGACAAGTATTTCCGACACATTTAAAATGAAGTTG,6.025071759
GCCTGCAAACGTTAAGATGGCAAGCTTGACAAGTATTTCTCCTATATTTACAATGAAGTTG,5.992207731
GCCTGCAAACGTTAAGATGGCAAGCTTGACAAGTATTTCGGGCAGATTTACAATGAAGTTG,5.521156666
GCCTGCAAACGTTAAGATGGCAAGCTTGACAAGTATTTCCGACACATTTAGAATGAAGTTG,4.316142314
GCCTGCAAACGTTAAGATGGCAAGCTTGACAAGTATTTCCACGTTATTTACAATGAAGTTG,2.475756759
GCCTGCAAACGTTAAGATGGCAAGCTTGACAAGTATTTCCGACACATTCATAATGAAGTTG,2.388119352
GCCTGCAAACGTTAAGATGGCAAGCTTGACAAGTATTTCCATTCGATTTACAATGAAGTTG,0.829268968
GCCTGCAAACGTTAAGATGGCAAGCTTGACAAGTATTTCCAACGGATTTACAATGAAGTTG,0.663853361
GCCTGCAAACGTTAAGATGGCAAGCTTGACAAGTATTTCCGACACATTAATAATGAAGTTG,0.247575676
GCCTGCAAACGTTAAGATGGCAAGCTTGACAAGTATTTCCGACACATTCAAAATGAAGTTG,0.226761792
GCCTGCAAACGTTAAGATGGCAAGCTTGACAAGTATTTCCGACACATTCAGAATGAAGTTG,0.188420426
GCCTGCAAACGTTAAGATGGCAAGCTTGACAAGTATTTCCGACACATTGAAAATGAAGTTG,0.096072508
TTTATCCTTTACTGCGTCAATACACGTTGACACTCTTTTGAGAATATGTTCTATTATCAGG,0.347950117
TTTATCCTTTACTGCGTCAATACACGTTGACACTCTTTTGAGAATATGTTGTATTATCAGG,0.61830857
TTTATCCTTTACTGCGTCAATACACGTTGACACTCTTTTGAGAATATGTTTAATTATCAGG,0.909277308
TTTATCCTTTACTGCGTCAATACACGTTGACACTCTTTTGAGAATATGTGGTATTATCAGG,1.18812235
TTTATCCTTTACTGCGTCAATACACGTTGACACTCTTTTGAGAATATGTGCTATTATCAGG,1.242678988
TTTATCCTTTACTGCGTCAATACACGTTGACACTCTTTTGAGAATATGTACAATTATCAGG,1.909482348
TTTATCCTTTACTGCGTCAATACACGTTGACACTCTTTTGATCTGTTGTTAAATTATCAGG,2.27925512
TTTATCCTTTACTGCGTCAATACACGTTGACACTCTTTTGAGAATATGTGTTATTATCAGG,2.612656799
TTTATCCTTTACTGCGTCAATACACGTTGACACTCTTTTGGGAAGTTGTTAAATTATCAGG,2.909687387
TTTATCCTTTACTGCGTCAATACACGTTGACACTCTTTTGGGGGGGTGTTAAATTATCAGG,4.261479652
TTTATCCTTTACTGCGTCAATACACGTTGACACTCTTTTGAGAATATGTAATATTATCAGG,4.64943797
TTTATCCTTTACTGCGTCAATACACGTTGACACTCTTTTGAGAATATGTGATATTATCAGG,5.279870237
TTTATCCTTTACTGCGTCAATACACGTTGACACTCTTTTGATGCTTTGTTAAATTATCAGG,7.941021827
TTTATCCTTTACTGCGTCAATACACGTTGACACTCTTTTGCAAGGGTGTTAAATTATCAGG,9.153391571
TTTATCCTTTACTGCGTCAATACACGTTGACACTCTTTTGTTGATTTGTTAAATTATCAGG,16.79132096
TTTATCCTTTACTGCGTCAATACACGTTGACACTCTTTTGTGGGAATGTTAAATTATCAGG,19.4585344
TTTATCCTTTACTGCGTCAATACACGTTGACACTCTTTTGATTTACTGTTAAATTATCAGG,23.64121002
TTTATCCTTTACTGCGTCAATACACGTTGACACTCTTTTGTTGAAATGTTAAATTATCAGG,25.09605371
TTTATCCTTTACTGCGTCAATACACGTTGACACTCTTTTGAGAATATGTTATATTATCAGG,201.8595625
TTTATCCTTTACTGCGTCAATACACGTTGACACTCTTTTGCAAGTATGTTAAATTATCAGG,233.9873607
TTTATCCTTTACTGCGTCAATACACGTTGACACTCTTTTGTAGTTATGTTAAATTATCAGG,236.4121002
TTTATCCTTTACTGCGTCAATACACGTTGACACTCTTTTGAAAGTGTGTTAAATTATCAGG,298.849142
GTGTTTAAAATTAAAGTTTAAATATTTGGATTTTTTAAATAAAGCGTTTACAATATATGTA,6.31
GTGTTTAAAATTAAAGTTTAAATATTTGACATTTTTAAATAAAGATGTTATAATATATGTA,0.203548442
GTGTTTAAAATTAAAGTTTAAATATTTGGATTTTTTAAATAAAGCGTTTATAATATATGTA,10.99160667
GTGTTTAAAATTAAAGTTTAAATATTTGACATTTTTAAATGGGGCGTTTATAATATATGTA,36.4352283
GTGTTTAAAATTAAAGTTTAAATATTTGACATTTTTAAATAAAGCGTTTACAATATATGTA,47.22330996
GTGCTTAAAATTAAAGTTTAAATATTTGACATTTTTAAATAAAGCGTTTATAATATATGTA,56.56889058
GCTGCGCTTTTTTGTGTCATAATATTTGACATTTTTAAATAAAGCGTTTATAATATATGTA,71.58713309
CGAGGATATTCTTTTAAAAAAGTATTTGACATTTTTAAATAAAGCGTTTATAATATATGTA,82.60057534
CCTTAGTATTTCTTCAAAAAAATATTTGACATTTTTAAATAAAGCGTTTATAATATATGTA,112.6370604
TTTATAGATTTTTTTTAAAAAATATTTGACATTTTTAAATAAAGCGTTTATAATATATGTA,120.1461816
GTAAATATATTTTAAAAAAAAATATTTGACATTTTTAAATAAAGCGTTTATAATATATGTA,153.1865084
TTAAAAATTTTTTTTAAAAAAATATTTGACATTTTTAAATAAAGCGTTTATAATATATGTA,167.2035508
CAGACATAACATAAACAATAAACCGATTTTTTTCATAAAAATCCTCCTTAAAATAGGGTTC,13.43844879
GAGAAGTAAGAGAAGGCCGTCCAATCTTGCAAAAGATATACACCGATGTTATCATTTTTAA,12.68316972
TATATCCTATTTTTTCAAAAAATATTTTAAAAACGAGCAGGATTTCAGAAAAAATCGTGGA,11.93109915
AAATTATAATTTATGTACGCGTTTTCTTGACGCCCTTTTGAGGGAGGAGTAAAATGAAATT,11.91762348
AAATACAAACAAAATTCGACAAAGTTCACTGAATTTTCACAAAAGATTTATGTTTCAGCAG,11.15143554
AAGAATTTTAAAATCTGTTCACATTTTGTGAAAGAAACTATGTTATAATTATTATAAATAA,11.0846989
ATCTACTAACAAAGTGGACTCTTTCTAAAAAAAATAAAAAAAATGTGATATAAAAGAGGAT,11.07186493
GCATGAAACTTTTCACCCATTTTTCGGTGATAAAAACATTTTTTTCATTTAAACTGAACGG,10.53283824
CCTATTTTATATTTTAAAGAAAAATTAAGAAACAATGAAACTTTTTTTTATAAAAAACGAC,10.20236354
AAGGTTTTTGTTTTTCTTATTTGCAAATTCTTTGGAAATAACAAAAGGTATGATATGATAA,9.970710406
CGGCAGTTTTTTTATTTTGATCCCTCTTCACTTCTCAGAATACATACGGTAAAATATACAA,9.83723713
AATCTTTCCCAAACTAAAAAATTCGGTCATCACCCGCATATTCTATGGTAAAATAAAACGT,9.696063473
TTTAAGATAGTGAAATAAATTCCGAACTTTAAATTAAATTTAAGTTATTAATATTCGTTTT,9.681304409
AAAATTTTGCGCCATCAATCAAGAGGTGCATAAGATGCTTCCTTCTAGTAGAATAGAGATT,9.590824928
TACCCTTATCTGGAAGAGCTGGCATTGTTAGGAGGCAACCTTTTCGATTATAATGGAAAAA,9.475319208
ACGCAGAAAGTCCTAAATAAAATGAATAGTTAAGTTGGTTATATTATCCTGAAAAATGCGG,9.218639831
TGTCGGTTTTGAAGTTCCTGACGCGTTTGTAGTGGGTTACGGACTTGATTATGCTGAGCGC,9.133935637
CGTTCGGTAAATCACCTTAAATCCTTGACGAGCAAGGGATTGACGCTTTAAAATGCTTGAT,9.117893176
GGCATAATAAAAAGCAGTGATCTCACTGCTTTTTATTTATCTGATGGGAAAGCTTATTAAA,8.924100246
AGGCCGGAGATGTAATATATTTATCAGAGTTTGAATTTTTGAAATCTTTATACTTATCAGG,8.677688044
ATTCGATTTATTATATAAATTCTTTATTCATGATGATTAAAGAACTCTTTAAAATTGACGA,8.50635456
CATCCTCCTGTTGTTTACACCTGTCTTGACACCTATATTTACACAAGGATAAAATAAACTC,8.256092167
AGGAATAGCGGCTCAGGCGACAGTACTGATACAAAAAGGCTAACTTGTTTTGATGCCGGGT,8.236199515
TTTTTTCGAGGTTTTTCGTCAATTATTCTTAACTTTTACGAAACTTTGATATAATAACAAA,8.136094558
GAAGAAGGAATCGAACGATGTTTCCAGTACTTAAAAAATAAAAATATGTACGCTGATATAG,7.955777296
GTTTTTTATGAGTCTAAAGAAAGAATTGAGAGATGAGTAAAAAGGATTTTATCTTTTTTTG,7.776101732
AATTCAAAATATTAGAGGGATTATTTTTTTCTGATGGTGAGACTCAATTAATAAAGAATGC,7.709365093
GTTTGTTTTTTCGAATGATTAAATTTTTTGTTTTTTATAAAGGTTTTTTACTATTTTGTGA,7.667012996
CGTACAATATCAGTATACAACAAAAGAGAAAATGCTCAGAAAATGTCGTAAAGTAGACTAT,7.349372267
GTCAGAGTGCATTTTTGATACAAAAAATAATTCAGCAGAAGGTATGAATATCATTTTAATA,7.002855108
AAGGAGGCATTTATGCCGGGCTTGTGAAAGCGCAATACAGCACAGCGATAGAATAATATGA,6.959861312
ATCATTGATTGTGTGAATCAGAGTGATTTTCTTGTGGTGGATCAATGGTATGCTTTACATT,6.944460549
TCCCCTTTGCTGTCATATTTAAGTTTTTCTGCCATCCAGTATTTGTGATAAAATACCTTTG,6.935476771
TCTAATTTTGCCATGTTCCAAACCCTCCTTCATCAGTCCTGCATTCTTATTATACAAAACA,6.592809803
CAGCAAAGAGCAATGATTGGTTTTTTGCGATAAGTGCGATAGCCAAGAGTAAAATTAAAAA,6.483721067
CTCCACGAATTCCACGCTCCTTTTTTATTGTTTTTCAAGAAGACTTGTCATGCTTGGACGA,6.458694828
CTTCATATTCTTCATAAATTTGCTTCCCTTCATTAGACAAGCGGCAGCTACAATAATTTCA,6.275169073
ATTCATACACCGCCATTATATTCATAGACCTGAAAAGGTCTTTTTTTGTACTCTTAATAAT,6.043515936
CTTAGCTTCGCCCGGGGCAGATTGTCGCTGTATTAGGCCGACTCCGGCTAAACAGAGGGGG,5.843306021
GCAGGACTATGACTACAAACAATTCGATCAGCATCTGGAAAAGGGCGATATGATTGTTTTA,5.830472053
TTTTAATCAACGATGATCACATGTTCTTTGAATAGTTGAACATATGGTTATTTTATAAAAA,5.775927685
TTCGTGTATCATTGGTTTACTTATTTTTTTGCCAAAGCTGTAATGGCTGAAAATTCTTACA,5.775927685
GTTGAAGTCAGCTGATCTCTCTTGTTCACAGTGAATGAAGACCTGTGCTATATTTAATAGG,5.766302208
GTCAAACGCATCGGGGGCGGTGCGCTGCAATGGAAGTCATAAATGTGCAAAAATAGGTTTA,5.713682936
GCCTGTATATACCTTTTTTCCGTTGCCTGCGGAAAAACCCTGAGTGTTTATGAAAGCGATT,5.649513092
CTTAAATGGCAAAGAAAAGGACATCTTTCTAAGAGAGATGTCTTTTTTTATACATAAAAAA,5.594327026
ATTCAAGAAAACATACAGCCTGATAGGTTTTCTCCTGCTGTGTCTATATAAAATAGTCATG,5.58020966
TTTTGTTGTATCACACATTCTGTTTAAAAAAATGTCGGAGAACGTGTTTATTTTTTTGAAA,5.534007372
AATTTTTTGCATATTCATTGAAACGTTTAATAACACTATAGTTTAATTTAAAATCTCCTCA,4.985996902
AAAAAATAATTTGTAAGCATTAAAATAGCGTGAACGAATGGGAGATGCTATACTAAAAATC,4.860865705
CGATGAATTGGCTCTTAACAGTTGAATAAACAATTCCACCCTGTTAAAATAATTAAAGAAA,4.812096624
ATTCCAAAAAAGTGAAGACATCAGTTGAAAAGAAAATGAACATCCTACTAAGATATTCATG,4.77231132
TTATCCTAACAGATCCATTGTTCATTGTAAATAATGGAATACGAGTTTTATATTATAAAAG,4.741509795
CCATGTGAACAGCAGAACGAACATTGGAACGGTCATTACCATCCTTTTTAAAAAACAATAA,4.585577073
TATCGGAAGAGGTTTTGAAAACGTTTGAAAAGTGGAGGCGGGGAGACTTAGATTAAGTTGA,4.555417246
GAACAGGAGAATATGTCGAATTTGAAGCGCCGCTTCCCGAGGATATGGCAGAATTAATCGA,4.545150071
ACCAAAAGTGGCCTTTAGTGTTGTTGTTCCATCAGTAGATGATGATGATAAGATCAATAAA,4.536807992
AAGATGAAAAAAAGTAGGTTATGGCTTGACAAAAAATATATATTAATTAATAATTCATATA,4.52525742
AGGCTGGCACGGTGAGAAGTCAGCATGGCTGGCCGTAATCGGTTTTGCTATTATTATGTTT,4.504723069
GACTGCCTATACAAATTCGTACAGTCTTTAGAATTTTTGTGCGTATTTTGGTATCATAAAG,4.369324698
TTATTTAGACAGACAACTGTGATTTCGGTTAAAACCTTATGAATACGGGTATATTAATGTT,4.348790348
GAGGGAAGATGAACGTTTTCCCTCTATTATATATCTGTTTTCAATGCTTACGATGTAAACT,4.269219741
GCTTGTTGCCTTCGGAATTCGATTTTGAAGAGCTGCCATTCACTTTTTACAAATTACGCCG,4.247401994
GCTTAAAAGATGTGAAAAAGCAAACCATTTCATCAACGTAAATTTTGTTACTCTCTGGTGT,4.157564212
GGATTCCAGTATGTAAAGTTTTGCATGACATCTCCTCCTTAGATTTTTTATTATGCAGAAT,4.155639116
CACCGGAGGCCTCAATGTCATTAACAAGAATCAAACAACATAAGTTTTTCAGCTTTTTAAA,4.146655338
GAAATTTGTCACATGAAGTCAAGACTATTTCTGATGGGAATCTATCCTTATAATAGAAATC,4.092752669
AGATAGAATGCACCGGCTAAAAACACCGGTGTTTTTTTTATATTCTGATAATATTCAATTA,4.035641508
AGGTAAAATGTTTCGGCGACATTGAAAAAAATACAAGTAAATGATTGGAAAACTTATGATC,3.950937313
GCTGGTGCGATTTTTATCTCTTTCACCTTATGAGGCTGATGCTTGGATTATGCTGAAAAAG,3.900243136
CGCCCGTCAGCGCAATATACCGGTGCCATTCCCGAGGAAGTTCTTTCATAACATATTTTGG,3.872008405
TTTGTACATTGTACCATTCCCGAAGCAGATCAAAAAAAACGGCTGTTTTAAAATCTTTCCA,3.809121957
TAAAAATGAAAGCATACCCATCCCCCTCATACCCTTTTTTTTCAAATATACCATATAAGAT,3.807196862
AACGGTCATCACTTTTAGTTTTTTCATATTTGTCACCTGGTTTTCTGCTATAGTAAATAAA,3.657039426
GTTGGGCAGCCATCCTTGTTGGATTACTATGTATTTCGGCTCAATATTATTATGGTTAAAG,3.628162996
TAGCCATGCAGATCGTAAAACTGTTCACTTCATAAAAAAAAGCGGCCTTAAAGCCGCTTTT,3.52356615
GAAAAAAATCGTATTTGAAGGGAAATTGATCTAAAACACGAACATTAGTAGAATGAATTTT,3.506240292
ATTGAAGATGGCGAAGCTCCATTCAATATGCATTCCTTTCCATAGGTTAATAATTCGTATT,3.370200222
AACGTTGATACCGGTTAAATTTTATTTGACAAAAATGGGCTCGTGTTGTACAATAAATGTA,3.1731988
GCATCTTTCATATCACCTAAATAAAACATGACTGCAAAAATTCCCGTCCAAAATCCTAACA,2.971705489
TTGCCATATTCTAGAGCATGAAGACTATGACATGATGAGACCGATGGATATAACTGATCCC,2.883792803
CAGCCGATGAATGCAAACTTTGGGCTTTTGAAAGAATTGCCAGTTAAAATTAAAAATAAAA,2.855558071
TTTCAATAACAACATTAATTTTTCTGGTTCTTTAGTCGGTTCTTCTTTTTTAATTCTTTCT,2.78176275
ACGGGCGCCTCTAACCCATTCGCCTTTTTCTGTTATATAAATCGGATGTATATCAAACTTC,2.715667811
GCTGAAGAGAAGGACTATTTAAATAGAAGAAACTAGTCAAAAAGACCTTATGATTACAAAA,2.638663997
GAATCACACCGTTCATAAGTTTGAACGGTGTTTTTTTATTTGATAGGGGAAAATATAAAAT,2.516099595
CTCCGCCTATTATTATCATTCTGCCTACTTGCTGATACGAGAGCTGTTTAAGATCAAAAAG,2.133005624
AAATATTTTTCTGAATATTTTTACTTTAATTATTTTTTGAAAGCGTTTTATTCTTTATTCC,2.127872037
GCCTTTTTTATAGTATATGGATAACGGTCGAAAAAATCAATAAATTTTTATAATTTTTAGA,2.004024237
GGTTTAAAAAAAAGGAAACGCGATCGTGTTGATTTTTTGGATTGAACAATTTATAATACAT,1.819856784
TATACCCATTTTCTTTTTTTATTTCCGGCGAGAAAAGACCAATCTCATCATAATGAAATAA,1.801247529
TGTCCCCGCGCGTGATACCCAGCTGATTGATTGTCCACTGATTCAGTGTTTGATTTTCAGC,1.701142572
GACACCGCGATCCGCCTGCTTTTTTTAGTGGAAACATACCCAATGTGTTTTGTTTGTTTAA,1.685100111
TGGGGATTCAGTGAAAACGGCGGATTTGACTTCACTTGGGCGTTCGTGGATTATGGCGGAG,1.681891619
AAAAACAGCGATTCTTAAAACAAAAAATGATACCGAGTGTATTTTCTGTATGCTTCAACTT,1.482323403
TTATATCACGTCGAAAAGAAGCTTTGTTTCAGCCTTTTCCTCGATAAGAATAATTCTCCTT,0.871426486
AGTCTTAATGAAGAAAACGTCTATCCTTGTGATGGGCGTTTTTTTCTGTTACTTTTTGCTT,0.794422672
GCTGCCCATCAAATAATCTCATGAATATGTTTTGATCTCCCTTGACTCTCTACTAACTAGA,0.707793383
AAAGCACTCCATGTCAGGGTGCTTTTTTCCTATTGTTTTGCATTTATTTTATATAATATTT,0.653249015
CGGATGTGCAGCTTCCGGTTGAGACATTTTTACAAAATACGTATCGGTTTTACTTTCATCA,0.375393589
AAAGATGATGAACCTCCGATTTTGTTCTATCAGAAAAAAGCGCCTATTCAAAATGGACACT,0.3709017
CATGGAAACGAAATCCCGAGTCAAAAGATTGGTTTAAAAAATAAAAAATAAATTCAAATGA,0.284914109
GTGCGGTGCGACTTTTTATGACTGCGTTTTTTTCCATGAGGCTCTTGGTATAAATAATCCT,0.247053901
TTTATGAAAAAAACAAATTGACAGGATGAAAAAACAATTTCTTCCTTCTATATTGTTTTCA,0.238070122
CGAAGGGTGATGTTTTGTTTTTCTCAAATTGTAAGTTTATTTCATTGCGTACTTTAAAAAG,0.213043883
ACGACATTTCATATTTCTTCGGGCGCCTGCACTATGATAGAATCGCATCCCGAACGTATAT,0.115257657
ACGACATTTCATATTTCTTCTGGCCCTCTCGCTATGATAGAATCGCGAAAACACCGTATAT,0.414927565
ACGACATTTCATATTTCTTCGACGATGGAATGTATGATAGAATCATGCCCAACCCGTATAT,0.553236753
ACGACATTTCATATTTCTTCAGTATCTAAAATTATGATAGAATCTCAACAAGCATGTATAT,0.576288284
ACGACATTTCATATTTCTTCGCGGGGAGAGTGTATGATAGAATAAGGAACCCCCAGTATAT,0.599339816
ACGACATTTCATATTTCTTCCGGAATGCTGAATATGATAGAATTGGGAGTGCTACGTATAT,1.014267381
ACGACATTTCATATTTCTTCGGCCGGATAAGATATGATAGAATAACTCTCAGTCCGTATAT,1.1756281
ACGACATTTCATATTTCTTCGGGCAATAACTATATGATAGAATAACTCTCAGTCCGTATAT,1.406143414
ACGACATTTCATATTTCTTCCATTCGAGGAAATATGATAGAATACAACATGTATCGTATAT,2.305153138
ACGACATTTCATATTTCTTCTCGTGGTTAAATTATGATAGAATAAGAAATGTAAAGTATAT,3.918760335
ACGACATTTCATATTTCTTCTAATGCAGAAGATATGATAGAATAGAACTCGAACCGTATAT,4.656409339
ACGACATTTCATATTTCTTCTGAAGGACGAGTTATGATAGAATAGGACATATACCGTATAT,4.956079247
ACGACATTTCATATTTCTTCGGGCGCCTCACATATGATAGAATAGCATCCCGAACGTATAT,5.071336904
ACGACATTTCATATTTCTTCGGCAGTAAAACTTATGATAGAATACTACTCGAATCGTATAT,5.301852217
ACGACATTTCATATTTCTTCATTGAGCTAAGATATGATAGAATACAGGACGTAGCGTATAT,6.154758878
ACGACATTTCATATTTCTTCGCGTCCAAGCAATATGATAGAATATTGTATACTCCGTATAT,6.408325724
ACGACATTTCATATTTCTTCCCTAAGAGGTTATATGATAGAATACAACATGTATCGTATAT,6.52358338
ACGACATTTCATATTTCTTCTGCAGCTAAATGTATGATAGAATACAGCATATCTCGTATAT,6.938510945
ACGACATTTCATATTTCTTCAAGTGAGCAGACTATGATAGAATACTGCGGGAACCGTATAT,7.376490041
ACGACATTTCATATTTCTTCGAGTGGGCAGACTATGATAGAATACTGGGGTACTCGTATAT,7.583953824
ACGACATTTCATATTTCTTCGGGTTGACAGTCTATGATAGAATACTTGTGTACTCGTATAT,9.013148769
AAGGCAGCCAAATGCAAAAAAGGTGTTGACAAATCCGGCCCCCCATGATATAATACAATAA,0.594121937
AAGGCAGCCAAATGGCAAAAACGTGTTGACACCGTGAATATCACCTGTTATAATGTCTCAA,0.660135486
AAGGCAGAAAAATCGAAAAAAAGTGTTGACAATTGAAAAACATACTGATATAATTGCCAAA,0.838760382
AAGGCAGCCAAATAACAAAAATGTGTTGACATCCTAGCCCAAGCATGTTATAATCAACTAA,0.881475031
AAGGCAGAGAAATAGAAAAAAAGTGTTGACAGCTTGTGCAGGCGGTGATATAATCAAATAA,0.990203229
AAGGCAGTAAAATTCAAAAAAAGTGTTGACATTATCACCACACGTTGTTATAATGTGAGAA,1.040684178
AAGGCAGAAAAATACTAAAAAAGTGTTGACATCAGTAACTAGATGTGATATAATGTCTGAA,1.098931427
AAGGCAGAAAAATATTAAAAAGGTGTTGACACTCGTTCCATAATATGGTATAATTTAAGAA,1.172711275
AAGGCAGCAAAATTGTAAAAAAGTGTTGACAACCTTCAAGAAGAATGTTATAATATACAAA,1.246491124
AAGGCAGAAAAATCAAAAAAAAGTGTTGACAAAACAAAGGAAAAATGATATAATAGAGTAA,1.281439473
AAGGCAGCAAAATTGTAAAAAAGTGTTGACAAAATTCAAAAGAAATGTTATAATATACAAA,1.386284521
AAGGCAGCCAAATCGTAAAAAAGTGTTGACACCTGTGACCGTACGTGCTATAATAGGGAAA,1.467830669
AAGGCAGTAAAATCAAAAAAAAGTGTTGACATAAGCCTAAATCCATGATATAATAAGAGAA,1.537727367
AAGGCAGCGAAATTGTAAAAATGTGTTGACACGCTGCACTAAATATGCTATAATAGGGCAA,1.611507216
AAGGCAGCCAAATGACAAAAAAGTGTTGACAAACTCAGAATTATTTGATATAATACAACAA,1.685287064
AAGGCAGAAAAATAAAAAAAAAGTGTTGACAAATAAGAAAAACGATGATATAATATAGAAA,1.724118563
AAGGCAGATAAATTATAAAAATGTGTTGACAAATGCAACAAAACATGATATAATCAATAAA,1.832846761
AAGGCAGCGAAATTGTAAAAATGTGTTGACAGCGTGCAGTAAATATGCTATAATAGGGCAA,1.90662661
AAGGCAGCGAAATTAAAAAAATGTGTTGACACGTAAGTTAGAATATGATATAATACTTGAA,1.980406458
AAGGCAGATAAATGTTAAAAAGGTGTTGACATTAAATATGTGACATGATATAATACATGAA,2.054186306
AAGGCAGGGAAATTAGAAAAAAGTGTTGACAAACGATTAGAGATGTGATATAATATAGGAA,2.124083005
AAGGCAGCAAAATCAAAAAAACGTGTTGACAAAGCCCCTCAACAATGTTATAATACATAAA,2.197862853
AAGGCAGTTAAATGTCAAAAAGGTGTTGACACTAAATACTTGACATGATATAATATATGAA,2.271642702
AAGGCAGATAAATGTCAAAAAGGTGTTGACATTAAACATGTGACATGATATAATATATGAA,2.419202399
AAGGCAGCAAAATCAAAAAAAAGTGTTGACAAAACCCCAAAACCATGTTATAATACATAAA,2.566762096
AAGGCAGCTAAATCAAAAAAAAGTGTTGACACAAACCCAAACCCATGATATAATACATAAA,2.640541944
AAGGCAGGCAAATGCAAAAAAGGTGTTGACATTACCAGGCCTCAATGATATAATATCTGAA,2.710438643
AAGGCAGTAAAATGATAAAAATGTGTTGACATACTCTGGCTTTTGTGGTATAATTGATGAA,2.857998339
AAGGCAGAAAAATCAAAAAAAAGTGTTGACAAATCCCCTAAAACATGATATAATACATAAA,2.931778188
AAGGCAGCTAAATCAAAAAACAGTGTTGACATAACCCCAAATCACTGTTATAATACATAAA,3.005558036
AAGGCAGGGAAATAGGAAAAACGTGTTGACATTTAACACGCAATGTGCTATAATGTAGAAA,3.195832382
AAGGCAGAAAAATGCTAAAAAAGTGTTGACATTCCCGACTGATCATGCTATAATCGACGAA,3.29679428
AAGGCAGAAAAATGCTAAAAAAGTGTTGACACCTTCGCATGATACTGCTATAATCGACGAA,3.370574129
AAGGCAGCGAAATGCAAAAAAGGTGTTGACAATTCCGACGCCTAATGATATAATATCTGAA,3.444353977
AAGGCAGCTAAATTAAAAAAAGGTGTTGACATGCGGCGAGCTAGGTGCTATAATAGTGGAA,3.518133825
AAGGCAGCCAAATCTGAAAAAAGTGTTGACAAATAATGACAACTCTGATATAATGCATTAA,3.591913674
AAGGCAGCGAAATTAAAAAAATGTGTTGACAAGTAACTTAGAATATGATATAATACGGGAA,3.700641872
AAGGCAGAGAAATATTAAAAAGGTGTTGACATGTAGCTTAAAACATGATATAATAAGTCAA,3.813253219
AAGGCAGTTAAATTTGAAAAATGTGTTGACATTTTCCTTGAATTGTGATATAATTTTGGAA,3.883149918
AAGGCAGAAAAATGCCAAAAAAGTGTTGACATCCGGGACGTATCATGCTATAATCGACGAA,3.941397167
AAGGCAGATAAATAACAAAAATGTGTTGACATAATACAAAAAAAATGTTATAATCAACTAA,3.980228666
AAGGCAGAAAAATGCTAAAAAAGTGTTGACAGTCCGCACTGACTATGCTATAATCGACGAA,4.030709615
AAGGCAGCTAAATAAAAAAAAAGTGTTGACAAATACAAAAAGATTTGATATAATATAGAAA,4.061774814
AAGGCAGTTAAATTTGAAAAATGTGTTGACACTTTTCGTAATCTTAGATATAATTTTGGAA,4.139437812
AAGGCAGCCAAATGCTAAAAAAGTGTTGACAATCCGTCTGTAATATGATATAATGCCGAAA,4.178269312
AAGGCAGCGAAATGCAAAAAAGGTGTTGACATATCGCACCCGTAATGATATAATATCTGAA,4.25204916
AAGGCAGACAAATGCTAAAAAAGTGTTGACAAACCGTATATCATATGATATAATGGCGAAA,4.384076257
AAGGCAGCGAAATCACAAAAACGTGTTGACAACCCTGCTCTCTTGTGTTATAATTATTGAA,4.566584303
AAGGCAGAAAAATAACAAAAAAGTGTTGACAAAGAAAAATAAAAATGATATAATATTCCAA,4.617065252
AAGGCAGCGAAATGCAAAAAAGGTGTTGACAATTCGCACGCTCAATGATATAATATCTGAA,4.655896751
AAGGCAGCTAAATCAAAAAAAAGTGTTGACAATCCTACACATCCATGGTATAATTAAATAA,4.690845101
AAGGCAGAGAAATCCCAAAAAGGTGTTGACACCAACATGGCGTTATGATATAATATCCGAA,4.787923849
AAGGCAGGCAAATAAGAAAAAAGTGTTGACATCGTTCCTACACTATGCTATAATTGGCTAA,4.838404798
AAGGCAGCCAAATGACAAAAACGTGTTGACAGGAGCATAAAAAAGTGTTATAATAGGACAA,4.865586847
AAGGCAGAGAAATATAAAAAATGTGTTGACAAGAGATAAAAAAAGTGTTATAATAAAGGAA,4.912184646
AAGGCAGGCAAATTGTAAAAAAGTGTTGACACGTATCGTTATATCTGATATAATATAGAAA,5.028679144
AAGGCAGATAAATAAAAAAAAAGTGTTGACAAGAAACTAACAATATGATATAATAAACAAA,5.055861193
AAGGCAGTGAAATCCCAAAAAAGTGTTGACAAGGACCATGAAACCTGCTATAATGCGGGAA,5.129641041
AAGGCAGCTAAATAAGAAAAAAGTGTTGACAACGTTCCTCCAATCTGCTATAATTGCCTAA,5.168472541
AAGGCAGATAAATAAAAAAAAAGTGTTGACAAGAAATTAAGAACATGATATAATAAACAAA,5.20342089
AAGGCAGACAAATCAAAAAAAGGTGTTGACACCACATGAAAGACATGATATAATCAGGAAA,5.277200738
AAGGCAGCGAAATCACAAAAATGTGTTGACAAGTGGTCTAAGGCATGCTATAATAGATTAA,5.350980587
AAGGCAGGAAAATAGAAAAAACGTGTTGACAAACGGTAACAATTATGCTATAATACACTAA,5.409227835
AAGGCAGCAAAATAATAAAAAAGTGTTGACAACAAACTAAGAACTTGATATAATGTAGGAA,5.444176185
AAGGCAGCGAAATGAAAAAAAGGTGTTGACAGTTATGCACCATTATGGTATAATTGTGGAA,5.483007684
AAGGCAGTAAAATAGCAAAAAAGTGTTGACACGTTCTATCGAATATGGTATAATATACAAA,5.517956033
AAGGCAGCTAAATCGGAAAAAAGTGTTGACAAACGTTGAATCCTATGGTATAATAATCAAA,5.525722333
AAGGCAGGAAAATTTAAAAAACGTGTTGACATACCACTCGGTTGATGATATAATAGGAGAA,5.583969582
AAGGCAGTGAAATTGGAAAAAAGTGTTGACAACTGTCACCAAAGATGCTATAATGTGGGAA,5.607268481
AAGGCAGTAAAATGACAAAAATGTGTTGACATACGTTGAATAGAGTGATATAATACAACAA,5.615034781
AAGGCAGAAAAATGACAAAAATGTGTTGACATATTGCTAATAAATGGATATAATAACACAA,5.630567381
AAGGCAGCTAAATCGGAAAAAAGTGTTGACAAAGCTTCAACGTCATGGTATAATAATCAAA,5.642216831
AAGGCAGCCAAATAAGAAAAAAGTGTTGACACCGTTCCAGCATCATGCTATAATTGGCTAA,5.723762979
AAGGCAGGAAAATATCAAAAAAGTGTTGACACCATGAGTCTGATGTGGTATAATACTAGAA,5.820841727
AAGGCAGAGAAATCGTAAAAAAGTGTTGACAACCAAGCCGAAATGTGTTATAATTTAAGAA,5.898504725
AAGGCAGGAAAATCACAAAAATGTGTTGACATCTTAACTATAATATGTTATAATGGCCCAA,5.952868824
AAGGCAGTCAAATAAAAAAAAGGTGTTGACATAACTCTACATTCATGGTATAATAGGATAA,6.030531822
AAGGCAGAAAAATAGCAAAAAAGTGTTGACAGGTTGTATGCAATATGGTATAATATTCAAA,6.096545371
AAGGCAGAGAAATTGCAAAAAAGTGTTGACAATGAATGTAACATATGCTATAATCGCGGAA,6.162558919
AAGGCAGCTAAATCGTAAAAAGGTGTTGACAGTAAACTCGATAAGTGGTATAATAGACTAA,6.251871368
AAGGCAGTAAAATAAAAAAAAAGTGTTGACAAACTTAGCGAAATGTGCTATAATGATAAAA,6.333417516
AAGGCAGATAAATTCCAAAAACGTGTTGACAGTTGATTATATTAGTGCTATAATGTATGAA,6.414963664
AAGGCAGATAAATCGTAAAAAAGTGTTGACAACGAGGTCTAGAGGTGTTATAATTTAAGAA,6.480977213
AAGGCAGAAAAATGGTAAAAACGTGTTGACAGTAAGTGGGATAACTGATATAATAACGAAA,6.558640211
AAGGCAGAAAAATGACAAAAATGTGTTGACATAGTCGTAATAAAGTGATATAATAACACAA,6.61688746
AAGGCAGTAAAATTAGAAAAAGGTGTTGACACAGTGGGTTATTTGTGGTATAATACGTAAA,6.706199908
AAGGCAGCTAAATGCTAAAAAAGTGTTGACAATCGAAACCATGCGTGGTATAATGAGAGAA,6.803278656
AAGGCAGCAAAATTGCAAAAAAGTGTTGACAAGTCCGAAGTAATTTGATATAATCGACTAA,6.845993305
AAGGCAGTGAAATAAAAAAAAGGTGTTGACAATATTAACAATAGATGATATAATGTTAAAA,6.927539453
AAGGCAGGGAAATTATAAAAACGTGTTGACAAAACCAATGAAATATGTTATAATCAGAAAA,6.985786702
AAGGCAGCGAAATTTCAAAAAGGTGTTGACATATGAACCGCCATATGTTATAATGACGAAA,7.036267651
AAGGCAGTAAAATAAAAAAAAGGTGTTGACAATATTAATAACACATGATATAATGTTTAAA,7.110047499
AAGGCAGACAAATCTCAAAAACGTGTTGACACAAACCCAGAACCATGATATAATCGACAAA,7.168294748
AAGGCAGTGAAATATGAAAAAGGTGTTGACAATTCGATATCTCTGTGCTATAATCTTATAA,7.218775697
AAGGCAGGAAAATATCAAAAATGTGTTGACAGACAAAACAATGTATGATATAATTGGAGAA,7.265373496
AAGGCAGCAAAATCCAAAAAATGTGTTGACAACTCCGGGGTCCCGTGATATAATAGCCCAA,7.292555546
AAGGCAGTAAAATTTTAAAAAAGTGTTGACACTCGTGGGCCAAACTGGTATAATAGAGTAA,7.331387045
AAGGCAGCAAAATTAGAAAAAGGTGTTGACACCAACATCAACCTATGCTATAATGCTAGAA,7.416816343
AAGGCAGTGAAATATAAAAAAAGTGTTGACAACTTATGTGCAATTTGTTATAATAGTGAAA,7.513895091
AAGGCAGGTAAATTCAAAAAATGTGTTGACATTAAAAATAAATTCTGTTATAATAAGGAAA,7.614856989
AAGGCAGCTAAATCGCAAAAAAGTGTTGACAAATCGCTGACAAGATGCTATAATATTAAAA,7.785715585
AAGGCAGGCAAATGCGAAAAAGGTGTTGACAACAGTGAATGCTTATGGTATAATTAGTGAA,7.952691032
AAGGCAGGCAAATCTAAAAAACGTGTTGACACGACGCTGAATAAATGATATAATAAAAAAA,8.193446326
AAGGCAGGAAAATTTTAAAAAAGTGTTGACACCGGTGGGCCAAATTGGTATAATAGAGTAA,8.317707124
AAGGCAGAAAAATGACAAAAACGTGTTGACAAACAAGACCAAAAATGATATAATTAACAAA,8.531280369
AAGGCAGGAAAATGATAAAAATGTGTTGACATAACCCAGCTAAAATGTTATAATGTCAAAA,8.686606366
AAGGCAGACAAATCGTAAAAAAGTGTTGACACCTGTGAAAATACATGCTATAATAGGGAAA,8.884647012
AAGGCAGTGAAATTAAAAAAAAGTGTTGACAGCATGCCAGATATCTGTTATAATGAAGAAA,9.051622458
AAGGCAGAAAAATTAAAAAAAAGTGTTGACAACATAAAAAATAAATGCTATAATCAACGAA,9.226364205
AAGGCAGTTAAATTTTAAAAAAGTGTTGACATTCGCGGGCTAAACTGGTATAATAGAGTAA,9.366157602
AAGGCAGCAAAATCAAAAAAAAGTGTTGACAACTGCTCTCACACGTGCTATAATTCTACAA,9.556431948
AAGGCAGGGAAATTATAAAAACGTGTTGACATCCAACGATAGATATGATATAATCAAAAAA,9.661276995
AAGGCAGAGAAATCGTAAAAAAGTGTTGACAAGCAGGCCCAGATGTGTTATAATTTAAGAA,9.785537793
AAGGCAGAAAAATAAAAAAAAAGTGTTGACAAGATAAAAAAACAATGCTATAATCAAGCAA,9.89426599
AAGGCAGCAAAATGGCAAAAAGGTGTTGACAGCAGACAGAAGCTGTGATATAATATTTCAA,10.04182569
AAGGCAGAGAAATAAAAAAAATGTGTTGACAACCGGAATTAGTATTGTTATAATAGAGGAA,10.26316523
AAGGCAGTGAAATGAAAAAAATGTGTTGACATTCTTAAGTGAACATGATATAATTTCGAAA,10.40684178
AAGGCAGTGAAATGCCAAAAAGGTGTTGACATCCATAGCCACCCATGATATAATACACTAA,10.55440148
AAGGCAGAAAAATAACAAAAACGTGTTGACAATCTACAATAACCATGATATAATTCAACAA,10.84952087
AAGGCAGTTAAATCCCAAAAAAGTGTTGACAAGCAACAATGGGGCTGATATAATGGATGAA,11.06697727
AAGGCAGAAAAATTATAAAAATGTGTTGACAAAGGGGGTCCTGTATGTTATAATAGCTTAA,11.28831681
AAGGCAGGTAAATGCCAAAAAGGTGTTGACACTCATACGCACCACTGATATAATAAACTAA,11.50577321
AAGGCAGAAAAATAAAAAAAAAGTGTTGACATAAAAAACATAAAATGATATAATAAACGAA,11.8008926
AAGGCAGGTAAATGATAAAAATGTGTTGACATAACCTACTGAAACTGTTATAATGTCAAAA,11.9484523
AAGGCAGATAAATTGAAAAAATGTGTTGACAAAAATGTAATGACATGTTATAATACACTAA,12.31346839
AAGGCAGTTAAATATCAAAAAAGTGTTGACAAAGGTATGACAAAATGATATAATCGAATAA,12.38724824
AAGGCAGCGAAATAAAAAAAAGGTGTTGACAATCTCAGAACTAGATGATATAATGTTAAAA,12.53480793
AAGGCAGCAAAATCAAAAAAAAGTGTTGACAATCGTCCTCCAACGTGCTATAATTCTACAA,12.75226433
AAGGCAGACAAATCCTAAAAAAGTGTTGACAAGAATAAATAACCATGATATAATACTTTAA,12.97360388
AAGGCAGCTAAATGATAAAAATGTGTTGACACAATCCACGTAAAATGTTATAATGTTAAAA,13.12116357
AAGGCAGCAAAATAATAAAAACGTGTTGACATCCCAATGACAATATGATATAATGAAACAA,13.26484012
AAGGCAGAAAAATGGAAAAAAAGTGTTGACACTACCCGTTAATTCTGATATAATGCTTAAA,13.41239982
AAGGCAGGTAAATCCAAAAAAAGTGTTGACACTTCGCTCTACATCTGTTATAATTTGTTAA,13.61044046
AAGGCAGATAAATAACAAAAACGTGTTGACAACTCAGAATAACGATGATATAATTCAACAA,13.70751921
AAGGCAGCAAAATGTAAAAAAGGTGTTGACATCCAACCCATAGGATGATATAATCATAGAA,13.99875545
AAGGCAGAAAAATAAAAAAAAAGTGTTGACACAAAAAATACAAAATGATATAATAAATCAA,14.220095
AAGGCAGTAAAATAACAAAAATGTGTTGACAACTTACAATAATCATGATATAATTCAACAA,14.58511109
AAGGCAGACAAATGAAAAAAAAGTGTTGACAAAAAAGCTGTTACATGGTATAATAATCAAA,14.88023048
AAGGCAGTGAAATCTTAAAAAAGTGTTGACACACTTGTAGCGAAATGATATAATCACGTAA,15.09768688
AAGGCAGTCAAATAAGAAAAAAGTGTTGACAACGTTCCAACAATATGCTATAATTGGCTAA,15.39280627
AAGGCAGAAAAATAACAAAAACGTGTTGACAATAAAGATTAACCGTGATATAATTAAATAA,15.68404252
AAGGCAGTAAAATCAAAAAAAAGTGTTGACAATGCTCCTCACAGCTGCTATAATTCTACAA,15.90538206
AAGGCAGAAAAATGAAAAAAAAGTGTTGACACAGCGCCTAAGCAATGTTATAATATCAGAA,16.344178
AAGGCAGAAAAATTACAAAAAAGTGTTGACAAGAAATAAAAAAAATGCTATAATGAACCAA,16.6392974
AAGGCAGCGAAATACAAAAAAAGTGTTGACAAAATTCACATAAGATGATATAATTTCCTAA,16.93053364
AAGGCAGTCAAATGACAAAAATGTGTTGACATGGAAAGGAGAACATGGTATAATCCGGTAA,17.15187319
AAGGCAGATAAATTATAAAAATGTGTTGACAACGTTCAAATATCGTGGTATAATTACTTAA,17.44310943
AAGGCAGTCAAATAAAAAAAAGGTGTTGACATAACTCTACATTCATGGTATAATAGGATAA,17.66444898
AAGGCAGAAAAATCATAAAAAGGTGTTGACAAATAAAAACAAACGTGTTATAATACAAAAA,17.88578852
AAGGCAGAAAAATGTAAAAAATGTGTTGACATACATACGGGCGCATGCTATAATAGGCCAA,18.17702477
AAGGCAGCGAAATGAAAAAAAAGTGTTGACAACATCAGAAAGTCATGCTATAATCCAAGAA,18.39836431
AAGGCAGATAAATTGAAAAAATGTGTTGACATAAGAAATCCTTCCTGATATAATTTAGTAA,18.61582071
AAGGCAGTTAAATTCAAAAAAAGTGTTGACAACATAGCAAGGATATGCTATAATATACGAA,18.98471995
AAGGCAGACAAATATAAAAAACGTGTTGACAACTTTGAGGAAAAATGATATAATACCAAAA,19.27595619
AAGGCAGAAAAATAATAAAAACGTGTTGACAAAAAATATCAATCGTGATATAATTAAATAA,19.49729574
AAGGCAGAAAAATAAGAAAAACGTGTTGACAACAAATACTAACGGTGATATAATTAAATAA,19.71475213
AAGGCAGCCAAATTAAAAAAAAGTGTTGACATCTCCAAAATAGCATGGTATAATTTAGCAA,19.93609168
AAGGCAGACAAATGAAAAAAAAGTGTTGACAGAGCCTCTATAGCATGCTATAATAATATAA,20.30110777
AAGGCAGTAAAATATAAAAAAAGTGTTGACATTTGGAAATCAAACTGGTATAATGCACAAA,20.67000701
AAGGCAGAGAAATGTTAAAAACGTGTTGACAAGCCGAACTAAATATGATATAATCCGGCAA,20.96124326
AAGGCAGGCAAATAAAAAAAAGGTGTTGACAAACTGAACACTGTGTGGTATAATTGACCAA,21.3301425
AAGGCAGGAAAATCACAAAAACGTGTTGACAGACGGATAGAAGCATGATATAATTGAGTAA,21.69515859
AAGGCAGATAAATAAAAAAAACGTGTTGACAAAAAAATAGAAATATGATATAATAAAAAAA,22.13395453
AAGGCAGTCAAATTGAAAAAATGTGTTGACATACCTAACTGATGATGATATAATAGTCTAA,22.50285377
AAGGCAGAAAAATAAAAAAAACGTGTTGACAATATAATCCAAATATGATATAATTAAACAA,22.79409002
AAGGCAGTTAAATCATAAAAAGGTGTTGACAAAGGTCGCCGCTATTGGTATAATAGAAGAA,23.01542956
AAGGCAGTAAAATCTTAAAAAAGTGTTGACAAGCTAATGGCAATATGCTATAATGAGAAAA,23.23288596
AAGGCAGAAAAATCATAAAAAGGTGTTGACAACAAAATACAAAGCTGTTATAATACAAAAA,23.30666581
AAGGCAGACAAATGAAAAAAAGGTGTTGACAAAGGGTATATAACATGCTATAATTTACAAA,23.6017852
AAGGCAGAAAAATGAAAAAAACGTGTTGACATGGAAATTGTTATGTGTTATAATTACGAAA,23.89302144
AAGGCAGGGAAATCGTAAAAAGGTGTTGACAAAGGAACACCAACGTGATATAATGACTTAA,24.18814084
AAGGCAGTAAAATAATAAAAATGTGTTGACACAGTCAACAAACAATGATATAATCCATGAA,24.62693678
AAGGCAGCTAAATATTAAAAATGTGTTGACAATTCTCTAACCATCTGTTATAATCTCATAA,24.92205617
AAGGCAGGGAAATCAAAAAAACGTGTTGACAAGGGTATCGGAGCCTGGTATAATCTGTTAA,25.21329242
AAGGCAGTAAAATCGTAAAAACGTGTTGACAGACAGAATAACATATGATATAATCCAACAA,25.65208836
AAGGCAGGAAAATACTAAAAAAGTGTTGACAAGTCTAACGACGAGTGGTATAATCTAGAAA,25.8734279
AAGGCAGATAAATGTTAAAAACGTGTTGACAACCCCACTCTAGAGTGCTATAATATTACAA,26.16466415
AAGGCAGGAAAATACTAAAAAAGTGTTGACAGATTCAAGCACGTATGGTATAATCTAGAAA,26.45978354
AAGGCAGCGAAATCTCAAAAAGGTGTTGACAAGAGGCACAACTAATGCTATAATCTTAAAA,26.68112308
AAGGCAGCAAAATAAGAAAAATGTGTTGACACTAGGAACCGGTTATGATATAATGCCATAA,26.82479963
AAGGCAGTAAAATGCAAAAAAAGTGTTGACAAAATGGGAGTCCTATGTTATAATAGTAAAA,26.82479963
AAGGCAGGTAAATAAAAAAAAGGTGTTGACAATTATAAGAAATTCTGGTATAATGCTGTAA,27.04613918
AAGGCAGGAAAATAGTAAAAATGTGTTGACATCTAACTGTGTTTATGGTATAATGCCGTAA,27.26747872
AAGGCAGTGAAATACCAAAAAAGTGTTGACAGGAAGATGAAAGTTTGATATAATACTAAAA,27.41115527
AAGGCAGACAAATAATAAAAATGTGTTGACATGCGAATGAATCTGTGTTATAATTGTGGAA,27.78005451
AAGGCAGGGAAATCATAAAAAAGTGTTGACAAGCAAACCACGCTATGCTATAATTTGCAAA,28.07129076
AAGGCAGATAAATTCGAAAAAAGTGTTGACAAAAACATATGTGGCTGATATAATGGGGTAA,28.2926303
AAGGCAGGAAAATAAAAAAAAAGTGTTAGCAACACGAGAGCGCTATGATATAATTGGTTAA,28.58386654
AAGGCAGAAAAATCAAAAAAAAGTGTTGACATGAAACACAAGATCTGATATAATCTGACAA,28.73142624
AAGGCAGGTAAATCATAAAAAAGTGTTGACAGACAAACCATCGCATGGTATAATTTGCAAA,28.80520609
AAGGCAGCAAAATTGAAAAAACGTGTTGACAAAAAAGTTAAGTGATGATATAATCACAAAA,28.95276579
AAGGCAGATAAATATGAAAAAGGTGTTGACAAAACGATATAATTGTGCTATAATCTTATAA,29.09644233
AAGGCAGAAAAATGTTAAAAACGTGTTGACAACCCCACTTTAGGATGCTATAATATTACAA,29.39156173
AAGGCAGTTAAATCCCAAAAACGTGTTGACAAAGTTATCTTCATATGTTATAATTTTATAA,29.68279797
AAGGCAGAAAAATTAGAAAAATGTGTTGACACTCGGACGAAACAATGGTATAATGGCAAAA,29.83035767
AAGGCAGTGAAATAGGAAAAACGTGTTGACAATATTGCTTAAATATGTTATAATGAAAAAA,29.97791737
AAGGCAGGAAAATAAAAAAAAAGTGTTGACACACCGAGACGCGTATGGTATAATTGGTTAA,30.26915361
AAGGCAGATAAATCCAAAAAATGTGTTGACAAAATAAAAAGAGTGTGTTATAATTTGACAA,30.63805285
AAGGCAGCCAAATAGCAAAAAGGTGTTGACAACTGGACTAAGTCATGTTATAATCACTTAA,30.85550925
AAGGCAGTTAAATAAAAAAAATGTGTTGACAATAGCATCTGTATGTGCTATAATTAAAAAA,31.15062864
AAGGCAGAAAAATAAAAAAAATGTGTTGACAAAAAAAAAAGAAAATGGTATAATAAAAAAA,31.44186488
AAGGCAGCAAAATACTAAAAAGGTGTTGACAAGGTCATGCTACTATGGTATAATTGAAAAA,31.88454397
AAGGCAGAGAAATTCGAAAAATGTGTTGACATAATGAACAAGAGGTGCTATAATTGGTAAA,32.90969555
AAGGCAGTTAAATGCTAAAAAGGTGTTGACAAACCTGTTAACGTGTGGTATAATAAACCAA,33.1310351
AAGGCAGTGAAATTGAAAAAATGTGTTGACACATAGAAAAAGATGTGGTATAATTGTACAA,34.37364307
AAGGCAGAAAAATTACAAAAAAGTGTTGACAAATTAATTATAATATGGTATAATTATTTAA,34.85127051
AAGGCAGAGAAATATGAAAAACGTGTTGACAATGTGAATTCCGCATGGTATAATGACAAAA,35.4026778
AAGGCAGTTAAATCTCAAAAAGGTGTTGACATTCAAAACAAAATATGGTATAATGCCCCAA,36.06281329
AAGGCAGCAAAATCGCAAAAAAGTGTTGACAACTTAACTCAGATCTGGTATAATAGAAAAA,36.50160923
