TATTCAGTCTGCTTTGAGCATATTGGTTTGAATGCCGTTAAGTTTGCCGTATACTAATAGT,0.033266519
AAATCGGCTTCTTTATTAAAAAACAGTTGTAACTTTAATTGTTACAGTTTAAAATCAATTT,0.049958618
GCCTGCAAACGTTAAGATGGCAAGCTTGACAAGTATTTCCGACACATTGAAAATGAAGTTG,0.096072508
ACGACATTTCATATTTCTTCGGGCGCCTGCACTATGATAGAATCGCATCCCGAACGTATAT,0.115257657
GAGCTTTACTAAAAAATAAAAATGAAACCTGAATCTCTTTATCTCCGTCTAACCTAACGGA,0.165743375
GCAATCTCTTTTTTCTTTTGGGATTCTTATGGAATTTTTATTAATTTAATATAATCGCTTA,0.182469097
GCCTGCAAACGTTAAGATGGCAAGCTTGACAAGTATTTCCGACACATTCAGAATGAAGTTG,0.188420426
GTGTTTAAAATTAAAGTTTAAATATTTGACATTTTTAAATAAAGATGTTATAATATATGTA,0.203548442
CGAAGGGTGATGTTTTGTTTTTCTCAAATTGTAAGTTTATTTCATTGCGTACTTTAAAAAG,0.213043883
GCCTGCAAACGTTAAGATGGCAAGCTTGACAAGTATTTCCGACACATTCAAAATGAAGTTG,0.226761792
TTTATGAAAAAAACAAATTGACAGGATGAAAAAACAATTTCTTCCTTCTATATTGTTTTCA,0.238070122
GTGCGGTGCGACTTTTTATGACTGCGTTTTTTTCCATGAGGCTCTTGGTATAAATAATCCT,0.247053901
GCCTGCAAACGTTAAGATGGCAAGCTTGACAAGTATTTCCGACACATTAATAATGAAGTTG,0.247575676
CCTTGTTTTTTTATGCATAAACCCCCCATGCTGATTTACTTCTCTCTTTTAAAAAATGTGA,0.265257547
CATGGAAACGAAATCCCGAGTCAAAAGATTGGTTTAAAAAATAAAAAATAAATTCAAATGA,0.284914109
TCTTCGGAACAATGCTTTATGAATCTAACCCGCCTGACTTGGCGGATGATATAATCTTTAT,0.298488803
CGTTTCGATGGGATAAAAAATGGCTGACAATTTGATTGGATTGGCACATTATGATCTCCTC,0.33173851
TTTATCCTTTACTGCGTCAATACACGTTGACACTCTTTTGAGAATATGTTCTATTATCAGG,0.347950117
TCTTAAATGGCAAAGAAAAGGACATCTTTCTAAGAGAGATGTCTTTTTTTATACATAAAAA,0.364988218
AAAGATGATGAACCTCCGATTTTGTTCTATCAGAAAAAAGCGCCTATTCAAAATGGACACT,0.3709017
CGGATGTGCAGCTTCCGGTTGAGACATTTTTACAAAATACGTATCGGTTTTACTTTCATCA,0.375393589
TTATTTAGACAGACAACTGTGATTTCGGTTAAAACCTTATGAATACGGGTATATTAATGTT,0.414711066
ACGACATTTCATATTTCTTCTGGCCCTCTCGCTATGATAGAATCGCGAAAACACCGTATAT,0.414927565
GAAATGCCGCACTCTGTATTCTTCATTATCATTATCGCTGCATTTGCGGTAACATTGATCA,0.464485169
CTTGGTTCCTAAAGGGGCAAAAACTTTGACTGCTCTTATTGTTCAGGCGATGAAATCGTAA,0.547221955
ACGACATTTCATATTTCTTCGACGATGGAATGTATGATAGAATCATGCCCAACCCGTATAT,0.553236753
ACGACATTTCATATTTCTTCAGTATCTAAAATTATGATAGAATCTCAACAAGCATGTATAT,0.576288284
AAGGCAGCCAAATGCAAAAAAGGTGTTGACAAATCCGGCCCCCCATGATATAATACAATAA,0.594121937
ACGACATTTCATATTTCTTCGCGGGGAGAGTGTATGATAGAATAAGGAACCCCCAGTATAT,0.599339816
TTTATCCTTTACTGCGTCAATACACGTTGACACTCTTTTGAGAATATGTTGTATTATCAGG,0.61830857
AACGTTGATACCGGTTAAATTTTATTTGACAAAAATGGGCTCGTGTTGTGGAATAAATGTG,0.637670108
AAAGCACTCCATGTCAGGGTGCTTTTTTCCTATTGTTTTGCATTTATTTTATATAATATTT,0.653249015
AAGGCAGCCAAATGGCAAAAACGTGTTGACACCGTGAATATCACCTGTTATAATGTCTCAA,0.660135486
GCCTGCAAACGTTAAGATGGCAAGCTTGACAAGTATTTCCAACGGATTTACAATGAAGTTG,0.663853361
GCTGCCCATCAAATAATCTCATGAATATGTTTTGATCTCCCTTGACTCTCTACTAACTAGA,0.707793383
GTGTTTAAAATTAAAGTTTAAATATTTGGATTTTTTAAATAACTATGGTACAATATATGTA,0.744051884
AAAACGAATTAATATAGAAGACGGAAATGAGGCATACAGCATGTAAGTGTATGCCTCACTT,0.778573739
AGTCTTAATGAAGAAAACGTCTATCCTTGTGATGGGCGTTTTTTTCTGTTACTTTTTGCTT,0.794422672
GTGTTTAAAATTAAAGTTTAAATATTTGGATTCGCGAAATAAAGCGTTTACAATATATGTA,0.79506
TATTTCCGATAATAAAAAAGACCGCTCGTTTCATGCGGTCTTTTTTTGTTACAATCGACCG,0.795315453
GTGTTTAAAATTAAAGTTTAAATATTTGGATTCCCCAAATAAAGCGTTTACAATATATGTA,0.80137
CTCGGTGTTCCTGACGCGGCTGCCCGTTTATACAGCGTACTCGAGGAATTAAAAAAATAGT,0.812007962
GTGTTTAAAATTAAAGTTTAAATATTTGGATTACGGAAATAAAGCGTTTACAATATATGTA,0.82661
GCCTGCAAACGTTAAGATGGCAAGCTTGACAAGTATTTCCATTCGATTTACAATGAAGTTG,0.829268968
AAGGCAGAAAAATCGAAAAAAAGTGTTGACAATTGAAAAACATACTGATATAATTGCCAAA,0.838760382
GTGTTTAAAATTAAAGTTTAAATATTTGGATTTTTTAAATAAAGCGTTTACACGCGCGGTA,0.85034501
GTGTTTAAAATTAAAGTTTAAATATTTGGATTCCGTAAATAAAGCGTTTACAATATATGTA,0.86447
TTATATCACGTCGAAAAGAAGCTTTGTTTCAGCCTTTTCCTCGATAAGAATAATTCTCCTT,0.871426486
AAGGCAGCCAAATAACAAAAATGTGTTGACATCCTAGCCCAAGCATGTTATAATCAACTAA,0.881475031
GTGTTTAAAATTAAAGTTTAAATATTTGGATTCTCGAAATAAAGCGTTTACAATATATGTA,0.88971
GTGTTTAAAATTAAAGTTTAAATATTTGGATTCTCCAAATAAAGCGTTTACAATATATGTA,0.89602
GTGTTTAAAATTAAAGTTTAAATATTTGGATTGCCCAAATAAAGCGTTTACAATATATGTA,0.90233
TTTATCCTTTACTGCGTCAATACACGTTGACACTCTTTTGAGAATATGTTTAATTATCAGG,0.909277308
AACGTTGATACCGGTTAAATTTTATTTGACAAAAATGGGCTCGTGTTGTCCAATAAATGTG,0.945317967
GTGTTTAAAATTAAAGTTTAAATATTTGGATTCCCGAAATAAAGCGTTTACAATATATGTA,0.97174
GTGTTTAAAATTAAAGTTTAAATATTTGGATTATCAAAATAAAGCGTTTACAATATATGTA,0.97174
TCCTTTCAACGTCATTATAAACTAGTTTTAACATACGGCAGGCAATTTTCATAATTTCACA,0.977565591
AAGGCAGAGAAATAGAAAAAAAGTGTTGACAGCTTGTGCAGGCGGTGATATAATCAAATAA,0.990203229
GTGTTTAAAATTAAAGTTTAAATATTTGGATTCGACAAATAAAGCGTTTACAATATATGTA,0.99698
ACGACATTTCATATTTCTTCCGGAATGCTGAATATGATAGAATTGGGAGTGCTACGTATAT,1.014267381
GTGTTTAAAATTAAAGTTTAAATATTTGGATTGCGCAAATAAAGCGTTTACAATATATGTA,1.02222
AAGGCAGTAAAATTCAAAAAAAGTGTTGACATTATCACCACACGTTGTTATAATGTGAGAA,1.040684178
GTGTTTAAAATTAAAGTTTAAATATTTGGATTTTTTAAATAAAGCGTGGCACCTATATGTA,1.062931262
ATAAAATCATCTCAAAAAAATGGGTCTACTAAAATATTATTCCATCTATTACAATAAATTC,1.076810371
AAGGCAGAAAAATACTAAAAAAGTGTTGACATCAGTAACTAGATGTGATATAATGTCTGAA,1.098931427
GGCCAGATTTAAGTCACACTGCTTTTATCAGCCGACGGCGGAGACGTGTGAAAATGTATAT,1.110043677
TTTTCACAATTTCCCATAATCTTTTCATTTTTATCCCACAGTTTTTGTTTATGATAAACTC,1.143293384
GTGTTTAAAATTAAAGTTTAAATATTTGGATTTCGAAAATAAAGCGTTTACAATATATGTA,1.15473
AAGGCAGAAAAATATTAAAAAGGTGTTGACACTCGTTCCATAATATGGTATAATTTAAGAA,1.172711275
ACGACATTTCATATTTCTTCGGCCGGATAAGATATGATAGAATAACTCTCAGTCCGTATAT,1.1756281
TTTATCCTTTACTGCGTCAATACACGTTGACACTCTTTTGAGAATATGTGGTATTATCAGG,1.18812235
GCTGTATGTATTCCCTTATCATTGGCATTAGAAAGAGGGCAGAAAACATTATGTTTTCTGC,1.193032634
GTGTTTAAAATTAAAGTTTAAATATTTGGATTCCGCAAATAAAGCGTTTACAATATATGTA,1.1989
GTGTTTAAAATTAAAGTTTAAATATTTGGATTTGACAAATAAAGCGTTTACAATATATGTA,1.21783
TTTATCCTTTACTGCGTCAATACACGTTGACACTCTTTTGAGAATATGTGCTATTATCAGG,1.242678988
CCCTGTGGTAAACAGGGGATTTTTACATATCGCAAAAATAATCAAAACATATAATCCGTGA,1.243024055
AAGGCAGCAAAATTGTAAAAAAGTGTTGACAACCTTCAAGAAGAATGTTATAATATACAAA,1.246491124
GTGTTTAAAATTAAAGTTTAAATATTTGGATTGGGCAAATAAAGCGTTTACAATATATGTA,1.26831
AAGGCAGAAAAATCAAAAAAAAGTGTTGACAAAACAAAGGAAAAATGATATAATAGAGTAA,1.281439473
AGTCTTAATGAAGAAAACGTCTATCCTTGTGATGGGCGTTTTTTTCTGTTACTTTTTGCTT,1.309271299
GTGTTTAAAATTAAAGTTTAAATATTTGGATTGCGTAAATAAAGCGTTTACAATATATGTA,1.38189
AAGGCAGCAAAATTGTAAAAAAGTGTTGACAAAATTCAAAAGAAATGTTATAATATACAAA,1.386284521
AAGGCTGTTGGGTGGATATCTGGCTTGTGTTCCTTATAAGGGTAGATCATAAGATTCATCC,1.392026536
ACGACATTTCATATTTCTTCGGGCAATAACTATATGATAGAATAACTCTCAGTCCGTATAT,1.406143414
TCCAACCGGCGTCATTTCAAACTTGCTCGTGGGAGAACGTTATATTCGATAAAATAAAAAC,1.408751849
GTGTTTAAAATTAAAGTTTAAATATTTGGATTGTCGAAATAAAGCGTTTACAATATATGTA,1.44499
AAGGCAGCCAAATCGTAAAAAAGTGTTGACACCTGTGACCGTACGTGCTATAATAGGGAAA,1.467830669
AAAAACAGCGATTCTTAAAACAAAAAATGATACCGAGTGTATTTTCTGTATGCTTCAACTT,1.482323403
ACCGACGCACACCCCCAAAAATCGCAGTATTTCTGAGAAACTTTAAATGTAGAATCATATT,1.491521437
ATTGCCATATTCTAGAGCATGAAGACTATGACATGATGAGACCGATGGATATAACTGATCC,1.508265201
AAGGCAGTAAAATCAAAAAAAAGTGTTGACATAAGCCTAAATCCATGATATAATAAGAGAA,1.537727367
GTGTTTAAAATTAAAGTTTAAATATTTGGATTACCCAAATAAAGCGTTTACAATATATGTA,1.55226
GTGTTTAAAATTAAAGTTTAAATATTTGGATTAGCCAAATAAAGCGTTTACAATATATGTA,1.5775
CGGATGTGCAGCTTCCGGTTGAGACATTTTTACAAAATACGTATCGGTTTTACTTTCATCA,1.591018388
AAGGCAGCGAAATTGTAAAAATGTGTTGACACGCTGCACTAAATATGCTATAATAGGGCAA,1.611507216
GTGTTTAAAATTAAAGTTTAAATATTTGGATTAGTCAAATAAAGCGTTTACAATATATGTA,1.62167
GAAAAACAATTGATTAAGCATACATTCTAATGAAGAAGGACACTGCCGGTAAAAGGGCAGT,1.657282033
TATATAAGCAATTATCATTTATAAAGCACTTCAAATGGGTTATTTGTCTTAAAATTTTGAA,1.657501402
TGGGGATTCAGTGAAAACGGCGGATTTGACTTCACTTGGGCGTTCGTGGATTATGGCGGAG,1.681891619
GACACCGCGATCCGCCTGCTTTTTTTAGTGGAAACATACCCAATGTGTTTTGTTTGTTTAA,1.685100111
AAGGCAGCCAAATGACAAAAAAGTGTTGACAAACTCAGAATTATTTGATATAATACAACAA,1.685287064
TGTCCCCGCGCGTGATACCCAGCTGATTGATTGTCCACTGATTCAGTGTTTGATTTTCAGC,1.701142572
AAGGCAGAAAAATAAAAAAAAAGTGTTGACAAATAAGAAAAACGATGATATAATATAGAAA,1.724118563
TATACCCATTTTCTTTTTTTATTTCCGGCGAGAAAAGACCAATCTCATCATAATGAAATAA,1.801247529
AAAGTAAATAAAATGGGGCGTTTTCTCAAACGATAGAAACGTCTTTTTTTATTGTCCGTCT,1.806282464
GGTTTAAAAAAAAGGAAACGCGATCGTGTTGATTTTTTGGATTGAACAATTTATAATACAT,1.819856784
AAGGCAGATAAATTATAAAAATGTGTTGACAAATGCAACAAAACATGATATAATCAATAAA,1.832846761
AAGGCAGCGAAATTGTAAAAATGTGTTGACAGCGTGCAGTAAATATGCTATAATAGGGCAA,1.90662661
TTTATCCTTTACTGCGTCAATACACGTTGACACTCTTTTGAGAATATGTACAATTATCAGG,1.909482348
TTATTTCAGACAATCTCTATTTTTATTTGAAACTTTTCATGAGTAAGATTAGTCTACTAAA,1.938608837
AAGGCAGCGAAATTAAAAAAATGTGTTGACACGTAAGTTAGAATATGATATAATACTTGAA,1.980406458
GCCTTTTTTATAGTATATGGATAACGGTCGAAAAAATCAATAAATTTTTATAATTTTTAGA,2.004024237
TTTCCCCCTCAACACGTATAGATAGATTGAAAATTGGCGTGAAAATTCCTATAATGAAGAA,2.004821228
AAGGCAGATAAATGTTAAAAAGGTGTTGACATTAAATATGTGACATGATATAATACATGAA,2.054186306
GCATGAAACTTTTCACCCATTTTTCGGTGATAAAAACATTTTTTTCAGATAAACTGAACGG,2.105839537
AAGGCAGGGAAATTAGAAAAAAGTGTTGACAAACGATTAGAGATGTGATATAATATAGGAA,2.124083005
AAATATTTTTCTGAATATTTTTACTTTAATTATTTTTTGAAAGCGTTTTATTCTTTATTCC,2.127872037
CTCCGCCTATTATTATCATTCTGCCTACTTGCTGATACGAGAGCTGTTTAAGATCAAAAAG,2.133005624
GCCCTCGTTAAATATCGCTGGAGGCCTAATTGATCAGCTGTCAATGGATCATATTTCTGTG,2.137100447
AAGGCAGCAAAATCAAAAAAACGTGTTGACAAAGCCCCTCAACAATGTTATAATACATAAA,2.197862853
GCATGAAACTTTTCACCCATTTTTCGGTGATAAAAACATTTTTTTCAGTTAAACTGAACGG,2.226173303
GTGTTTAAAATTAAAGTTTAAATATTTGGATTGGGGCCATAAAGCGTTTACAATATATGTA,2.232155651
CTTATTAACCAATGTCGGAGCGCCTGCGTTTTTATCAGAATCCCTTACCTATGATAAAAAT,2.236390331
AACGTTGATACCGGTTAAATTTTATTTGACAAAAATGGGCTCGTGTTGAAGAATAAATGTG,2.237438975
AAGGCAGTTAAATGTCAAAAAGGTGTTGACACTAAATACTTGACATGATATAATATATGAA,2.271642702
TTTATCCTTTACTGCGTCAATACACGTTGACACTCTTTTGATCTGTTGTTAAATTATCAGG,2.27925512
ACGACATTTCATATTTCTTCCATTCGAGGAAATATGATAGAATACAACATGTATCGTATAT,2.305153138
GCATGAAACTTTTCACCCATTTTTCGGTGATAAAAACATTTTTTTCATTTAAACTGAACGG,2.346507068
GCCTGCAAACGTTAAGATGGCAAGCTTGACAAGTATTTCCGACACATTCATAATGAAGTTG,2.388119352
AAGGCAGATAAATGTCAAAAAGGTGTTGACATTAAACATGTGACATGATATAATATATGAA,2.419202399
GCCTGCAAACGTTAAGATGGCAAGCTTGACAAGTATTTCCACGTTATTTACAATGAAGTTG,2.475756759
GAGCTCTTTTTTAAGAAGCACTGTTTTAGGTTTTTAAAACAAACTGTGTTAAAATAACCTC,2.500698648
GAATCACACCGTTCATAAGTTTGAACGGTGTTTTTTTATTTGATAGGGGAAAATATAAAAT,2.516099595
AAGGCAGCAAAATCAAAAAAAAGTGTTGACAAAACCCCAAAACCATGTTATAATACATAAA,2.566762096
TTTATCCTTTACTGCGTCAATACACGTTGACACTCTTTTGAGAATATGTGTTATTATCAGG,2.612656799
GCATGAAACTTTTCACCCATTTTTCGGTGATAAAAACATTTTTTTCGTATAAACTGAACGG,2.627284949
GCTGAAGAGAAGGACTATTTAAATAGAAGAAACTAGTCAAAAAGACCTTATGATTACAAAA,2.638663997
AAGGCAGCTAAATCAAAAAAAAGTGTTGACACAAACCCAAACCCATGATATAATACATAAA,2.640541944
TTCGCACGTCTTTATAGATGTAAGGCTGTTTAAACAAGAAGAAATGGGGTATATCTAAAAG,2.682713016
AAGGCAGGCAAATGCAAAAAAGGTGTTGACATTACCAGGCCTCAATGATATAATATCTGAA,2.710438643
ACGGGCGCCTCTAACCCATTCGCCTTTTTCTGTTATATAAATCGGATGTATATCAAACTTC,2.715667811
GCATGAAACTTTTCACCCATTTTTCGGTGATAAAAACATTTTTTTCATGTAAACTGAACGG,2.727574396
AACATACTTAACGAACTTATGATTTTGACGCAGCCAGGGTTTTTACAGCAATACTCGGGAG,2.765478504
TTTCAATAACAACATTAATTTTTCTGGTTCTTTAGTCGGTTCTTCTTTTTTAATTCTTTCT,2.78176275
GCGTTGGGCAGCCATCCTTGTTGGATTACTATGTATTTCGGCTCAATATTATTATGGTTAA,2.782228419
GTGTTTAAAATTAAAGTTTAAATATTTTTCGGGTTTAAATAAAGCGTTTACAATATATGTA,2.834483366
CAGCCGATGAATGCAAACTTTGGGCTTTTGAAAGAATTGCCAGTTAAAATTAAAAATAAAA,2.855558071
AAGGCAGTAAAATGATAAAAATGTGTTGACATACTCTGGCTTTTGTGGTATAATTGATGAA,2.857998339
TTGCCATATTCTAGAGCATGAAGACTATGACATGATGAGACCGATGGATATAACTGATCCC,2.883792803
TTTATCCTTTACTGCGTCAATACACGTTGACACTCTTTTGGGAAGTTGTTAAATTATCAGG,2.909687387
AAGGCAGAAAAATCAAAAAAAAGTGTTGACAAATCCCCTAAAACATGATATAATACATAAA,2.931778188
TTTTATGAGAATGAGTGAGAAAAAGAGTGAAAACAAATCCAACTAATGTTAAATTTACATA,2.964058272
GCATCTTTCATATCACCTAAATAAAACATGACTGCAAAAATTCCCGTCCAAAATCCTAACA,2.971705489
AAGGCAGCTAAATCAAAAAACAGTGTTGACATAACCCCAAATCACTGTTATAATACATAAA,3.005558036
CCTAATTCTATATTTCAAACGAAAAGGCTGCTGAATCACGCAGCCTTTTAAAATTGTTTTG,3.030299365
GCTTCTTCTTTGCTTGGAGGGGTTGAAAGTGTTAGGATATGAATATCTTTAAAATACCTGC,3.129548245
GTAATTCATCTGCAACCAAACTTTCTTTATTCACTTCCATCGACTCCTTTATTTTCAATAT,3.146257156
CATCGGCGGAAATCGCTGATTCAAGTTCTGACTGAAGCTGTTCATATGATATACTGTAAGC,3.146523678
AACGTTGATACCGGTTAAATTTTATTTGACAAAAATGGGCTCGTGTTGTACAATAAATGTA,3.1731988
AAGGCAGGGAAATAGGAAAAACGTGTTGACATTTAACACGCAATGTGCTATAATGTAGAAA,3.195832382
AAATTTTTGCAGAAATGTGAAACATATTCCCGTTATGCATCGTTATATTAATAATTTACGA,3.212805775
GCATGAAACTTTTCACCCATTTTTCGGTGATAAAAACATTTTTTTCCCGTAAACTGAACGG,3.248998095
GCATGAAACTTTTCACCCATTTTTCGGTGATAAAAACATTTTTTTCTTGTAAACTGAACGG,3.269055984
AAGAATATGTGAAATTATGAAAATTGCCTGCCGTATGTTAAAACTAGTTTATAATGACGTT,3.279046868
AAGGCAGAAAAATGCTAAAAAAGTGTTGACATTCCCGACTGATCATGCTATAATCGACGAA,3.29679428
GCATGAAACTTTTCACCCATTTTTCGGTGATAAAAACATTTTTTTCAGGTAAACTGAACGG,3.309171763
ACTGAAAGAATCGATCACTTTGAAATGAAACCGGTCAGCGTTTCATCCGTATAACAGATAT,3.345287961
ATTGAAGATGGCGAAGCTCCATTCAATATGCATTCCTTTCCATAGGTTAATAATTCGTATT,3.370200222
AAGGCAGAAAAATGCTAAAAAAGTGTTGACACCTTCGCATGATACTGCTATAATCGACGAA,3.370574129
AAGGCAGCGAAATGCAAAAAAGGTGTTGACAATTCCGACGCCTAATGATATAATATCTGAA,3.444353977
GAAAAAAATCGTATTTGAAGGGAAATTGATCTAAAACACGAACATTAGTAGAATGAATTTT,3.506240292
AAGGCAGCTAAATTAAAAAAAGGTGTTGACATGCGGCGAGCTAGGTGCTATAATAGTGGAA,3.518133825
TAGCCATGCAGATCGTAAAACTGTTCACTTCATAAAAAAAAGCGGCCTTAAAGCCGCTTTT,3.52356615
TTTTTCTTGCCCGGGATAAAAGGAATTGAAAAATCATAATTCAAAATGATACAATCTAATT,3.52707681
AAGGCAGCCAAATCTGAAAAAAGTGTTGACAAATAATGACAACTCTGATATAATGCATTAA,3.591913674
GTTGGGCAGCCATCCTTGTTGGATTACTATGTATTTCGGCTCAATATTATTATGGTTAAAG,3.628162996
AACGGTCATCACTTTTAGTTTTTTCATATTTGTCACCTGGTTTTCTGCTATAGTAAATAAA,3.657039426
TATTTTTATCAGTCTGGGCGGATCTGTTCATCTTTGCGGCATTTTCCTGTATGATATAGTA,3.675898876
AAGGCAGCGAAATTAAAAAAATGTGTTGACAAGTAACTTAGAATATGATATAATACGGGAA,3.700641872
CATTCATACACCGCCATTATATTCATAGACCTGAAAAGGTCTTTTTTTGTACTCTTAATAA,3.70911168
TAAAAATGAAAGCATACCCATCCCCCTCATACCCTTTTTTTTCAAATATACCATATAAGAT,3.807196862
TTTGTACATTGTACCATTCCCGAAGCAGATCAAAAAAAACGGCTGTTTTAAAATCTTTCCA,3.809121957
AAGGCAGAGAAATATTAAAAAGGTGTTGACATGTAGCTTAAAACATGATATAATAAGTCAA,3.813253219
CGCCCGTCAGCGCAATATACCGGTGCCATTCCCGAGGAAGTTCTTTCATAACATATTTTGG,3.872008405
AAGGCAGTTAAATTTGAAAAATGTGTTGACATTTTCCTTGAATTGTGATATAATTTTGGAA,3.883149918
GCTGGTGCGATTTTTATCTCTTTCACCTTATGAGGCTGATGCTTGGATTATGCTGAAAAAG,3.900243136
ACGACATTTCATATTTCTTCTCGTGGTTAAATTATGATAGAATAAGAAATGTAAAGTATAT,3.918760335
AAGGCAGAAAAATGCCAAAAAAGTGTTGACATCCGGGACGTATCATGCTATAATCGACGAA,3.941397167
AGGTAAAATGTTTCGGCGACATTGAAAAAAATACAAGTAAATGATTGGAAAACTTATGATC,3.950937313
AAGGCAGATAAATAACAAAAATGTGTTGACATAATACAAAAAAAATGTTATAATCAACTAA,3.980228666
GCATGAAACTTTTCACCCATTTTTCGGTGATAAAAACATTTTTTTCGATTAAACTGAACGG,4.011116466
AAGGCAGAAAAATGCTAAAAAAGTGTTGACAGTCCGCACTGACTATGCTATAATCGACGAA,4.030709615
AGATAGAATGCACCGGCTAAAAACACCGGTGTTTTTTTTATATTCTGATAATATTCAATTA,4.035641508
GAAATGCTGCGGTAAAAAAATTGTAACCATCTTGCTCGTCAATCAGTCATATAATAGTGAA,4.039435572
AAGGCAGCTAAATAAAAAAAAAGTGTTGACAAATACAAAAAGATTTGATATAATATAGAAA,4.061774814
TCGGAGCATGTCTAAAGAATGAATTTGAAACCTGAAGAGATTTTAAACGTATAAATAAGTA,4.089213775
GAAATTTGTCACATGAAGTCAAGACTATTTCTGATGGGAATCTATCCTTATAATAGAAATC,4.092752669
AAGGCAGTTAAATTTGAAAAATGTGTTGACACTTTTCGTAATCTTAGATATAATTTTGGAA,4.139437812
CACCGGAGGCCTCAATGTCATTAACAAGAATCAAACAACATAAGTTTTTCAGCTTTTTAAA,4.146655338
GGATTCCAGTATGTAAAGTTTTGCATGACATCTCCTCCTTAGATTTTTTATTATGCAGAAT,4.155639116
GCTTAAAAGATGTGAAAAAGCAAACCATTTCATCAACGTAAATTTTGTTACTCTCTGGTGT,4.157564212
AAGGCAGCCAAATGCTAAAAAAGTGTTGACAATCCGTCTGTAATATGATATAATGCCGAAA,4.178269312
GCTTGTTGCCTTCGGAATTCGATTTTGAAGAGCTGCCATTCACTTTTTACAAATTACGCCG,4.247401994
AAGGCAGCGAAATGCAAAAAAGGTGTTGACATATCGCACCCGTAATGATATAATATCTGAA,4.25204916
TTTATCCTTTACTGCGTCAATACACGTTGACACTCTTTTGGGGGGGTGTTAAATTATCAGG,4.261479652
AACGTTGATACCGGTTAAATTTTATTTGACAAAAATGGGCTCGTGTTGAACAATAAATGTG,4.267914845
GAGGGAAGATGAACGTTTTCCCTCTATTATATATCTGTTTTCAATGCTTACGATGTAAACT,4.269219741
AGGAACATGAAAAGATTGGCATTCATTTTTCAAAAGGTAACAAATGTTGTATAATAATAGA,4.287527019
GCCTGCAAACGTTAAGATGGCAAGCTTGACAAGTATTTCCGACACATTTAGAATGAAGTTG,4.316142314
GCATGAAACTTTTCACCCATTTTTCGGTGATAAAAACATTTTTTTCTGGTAAACTGAACGG,4.332015554
TTATTTAGACAGACAACTGTGATTTCGGTTAAAACCTTATGAATACGGGTATATTAATGTT,4.348790348
GACTGCCTATACAAATTCGTACAGTCTTTAGAATTTTTGTGCGTATTTTGGTATCATAAAG,4.369324698
AAGGCAGACAAATGCTAAAAAAGTGTTGACAAACCGTATATCATATGATATAATGGCGAAA,4.384076257
GCATGAAACTTTTCACCCATTTTTCGGTGATAAAAACATTTTGCGAGTGTAAACTGAACGG,4.411785699
GCATGAAACTTTTCACCCATTTTTCGGTGATAAAAACATTTTAGTAGTGTAAACTGAACGG,4.50062125
AGGCTGGCACGGTGAGAAGTCAGCATGGCTGGCCGTAATCGGTTTTGCTATTATTATGTTT,4.504723069
AAGATGAAAAAAAGTAGGTTATGGCTTGACAAAAAATATATATTAATTAATAATTCATATA,4.52525742
ACCAAAAGTGGCCTTTAGTGTTGTTGTTCCATCAGTAGATGATGATGATAAGATCAATAAA,4.536807992
GAACAGGAGAATATGTCGAATTTGAAGCGCCGCTTCCCGAGGATATGGCAGAATTAATCGA,4.545150071
TATCGGAAGAGGTTTTGAAAACGTTTGAAAAGTGGAGGCGGGGAGACTTAGATTAAGTTGA,4.555417246
AAGGCAGCGAAATCACAAAAACGTGTTGACAACCCTGCTCTCTTGTGTTATAATTATTGAA,4.566584303
CCATGTGAACAGCAGAACGAACATTGGAACGGTCATTACCATCCTTTTTAAAAAACAATAA,4.585577073
AAGGCAGAAAAATAACAAAAAAGTGTTGACAAAGAAAAATAAAAATGATATAATATTCCAA,4.617065252
TTTATCCTTTACTGCGTCAATACACGTTGACACTCTTTTGAGAATATGTAATATTATCAGG,4.64943797
AAGGCAGCGAAATGCAAAAAAGGTGTTGACAATTCGCACGCTCAATGATATAATATCTGAA,4.655896751
ACGACATTTCATATTTCTTCTAATGCAGAAGATATGATAGAATAGAACTCGAACCGTATAT,4.656409339
ATTGAAAAGGTTTGAAAAATAATGAAACCCGGAGTATGCCAAGCCCGTATAACATAACATC,4.667444598
GCATGAAACTTTTCACCCATTTTTCGGTGATAAAAACATTTTTTTCCTTTAAACTGAACGG,4.67294539
AAGGCAGCTAAATCAAAAAAAAGTGTTGACAATCCTACACATCCATGGTATAATTAAATAA,4.690845101
TTATCCTAACAGATCCATTGTTCATTGTAAATAATGGAATACGAGTTTTATATTATAAAAG,4.741509795
ATTCCAAAAAAGTGAAGACATCAGTTGAAAAGAAAATGAACATCCTACTAAGATATTCATG,4.77231132
AAGGCAGAGAAATCCCAAAAAGGTGTTGACACCAACATGGCGTTATGATATAATATCCGAA,4.787923849
CGATGAATTGGCTCTTAACAGTTGAATAAACAATTCCACCCTGTTAAAATAATTAAAGAAA,4.812096624
AAGGCAGGCAAATAAGAAAAAAGTGTTGACATCGTTCCTACACTATGCTATAATTGGCTAA,4.838404798
AAAAAATAATTTGTAAGCATTAAAATAGCGTGAACGAATGGGAGATGCTATACTAAAAATC,4.860865705
AAGGCAGCCAAATGACAAAAACGTGTTGACAGGAGCATAAAAAAGTGTTATAATAGGACAA,4.865586847
AAGGCAGAGAAATATAAAAAATGTGTTGACAAGAGATAAAAAAAGTGTTATAATAAAGGAA,4.912184646
ACGACATTTCATATTTCTTCTGAAGGACGAGTTATGATAGAATAGGACATATACCGTATAT,4.956079247
GCATGAAACTTTTCACCCATTTTTCGGTGATAAAAACATTTTCTTTTGATAAACTGAACGG,4.974383712
AATTTTTTGCATATTCATTGAAACGTTTAATAACACTATAGTTTAATTTAAAATCTCCTCA,4.985996902
AAGGCAGGCAAATTGTAAAAAAGTGTTGACACGTATCGTTATATCTGATATAATATAGAAA,5.028679144
AAGGCAGATAAATAAAAAAAAAGTGTTGACAAGAAACTAACAATATGATATAATAAACAAA,5.055861193
GTTTTTTATGAGTCTAAAGAAAGAATTGAGAGATGAGTAAAAAGGATTTTATCTTTTTTTG,5.063845568
ACGACATTTCATATTTCTTCGGGCGCCTCACATATGATAGAATAGCATCCCGAACGTATAT,5.071336904
GCATGAAACTTTTCACCCATTTTTCGGTGATAAAAACATTTTTTTCTGTTAAACTGAACGG,5.074076036
AAGGCAGTGAAATCCCAAAAAAGTGTTGACAAGGACCATGAAACCTGCTATAATGCGGGAA,5.129641041
AGTCACTTCATCCTGAGCATCTCATAGGACGCGGCTGCATATTTCCTGCTAAGATTTGTAA,5.146590555
AAGGCAGCTAAATAAGAAAAAAGTGTTGACAACGTTCCTCCAATCTGCTATAATTGCCTAA,5.168472541
AAGGCAGATAAATAAAAAAAAAGTGTTGACAAGAAATTAAGAACATGATATAATAAACAAA,5.20342089
AAGGCAGACAAATCAAAAAAAGGTGTTGACACCACATGAAAGACATGATATAATCAGGAAA,5.277200738
TTTATCCTTTACTGCGTCAATACACGTTGACACTCTTTTGAGAATATGTGATATTATCAGG,5.279870237
ACGACATTTCATATTTCTTCGGCAGTAAAACTTATGATAGAATACTACTCGAATCGTATAT,5.301852217
GGCGTTTTTTTCATTTGAAAAGTTTTGTGTCAATCGAAACATTTCGGTTTATGATACGTCA,5.311855009
GGGGCATCTTTTTTTATTGCTTACATTTTTGTTCAGGTAAAAAGTTGTATATTTTTTGTTT,5.328584421
AAGGCAGCGAAATCACAAAAATGTGTTGACAAGTGGTCTAAGGCATGCTATAATAGATTAA,5.350980587
AAGGCAGGAAAATAGAAAAAACGTGTTGACAAACGGTAACAATTATGCTATAATACACTAA,5.409227835
CTTTGCATATCAGGCCAGCTTTTTGTTTGACCTTTATTGACCAAAAATGTATCATGTAACT,5.427874305
AAGGCAGCAAAATAATAAAAAAGTGTTGACAACAAACTAAGAACTTGATATAATGTAGGAA,5.444176185
GCATGAAACTTTTCACCCATTTTTCGGTGATAAAAACATTTTTTTCGTGTAAACTGAACGG,5.455121651
GCATGAAACTTTTCACCCATTTTTCGGTGATAAAAACATTTTTTCAGTGTAAACTGAACGG,5.477730882
AAGGCAGCGAAATGAAAAAAAGGTGTTGACAGTTATGCACCATTATGGTATAATTGTGGAA,5.483007684
AAGGCAGTAAAATAGCAAAAAAGTGTTGACACGTTCTATCGAATATGGTATAATATACAAA,5.517956033
GCCTGCAAACGTTAAGATGGCAAGCTTGACAAGTATTTCGGGCAGATTTACAATGAAGTTG,5.521156666
AAGGCAGCTAAATCGGAAAAAAGTGTTGACAAACGTTGAATCCTATGGTATAATAATCAAA,5.525722333
TTTTGTTGTATCACACATTCTGTTTAAAAAAATGTCGGAGAACGTGTTTATTTTTTTGAAA,5.534007372
ACAATGTTTGAAACTTCTTCCTGTGAAAATGCGTCTAACTTTTAGACGTTATTTTGAAAAA,5.543668082
ATTCAAGAAAACATACAGCCTGATAGGTTTTCTCCTGCTGTGTCTATATAAAATAGTCATG,5.58020966
AAGGCAGGAAAATTTAAAAAACGTGTTGACATACCACTCGGTTGATGATATAATAGGAGAA,5.583969582
CTTAAATGGCAAAGAAAAGGACATCTTTCTAAGAGAGATGTCTTTTTTTATACATAAAAAA,5.594327026
GCATGAAACTTTTCACCCATTTTTCGGTGATAAAAACATTTTCAACTGTTAAACTGAACGG,5.596178283
AAGGCAGTGAAATTGGAAAAAAGTGTTGACAACTGTCACCAAAGATGCTATAATGTGGGAA,5.607268481
AAGGCAGTAAAATGACAAAAATGTGTTGACATACGTTGAATAGAGTGATATAATACAACAA,5.615034781
GCATGAAACTTTTCACCCATTTTTCGGTGATAAAAACATTTTGACGTGATAAACTGAACGG,5.625790133
AAGGCAGAAAAATGACAAAAATGTGTTGACATATTGCTAATAAATGGATATAATAACACAA,5.630567381
AAGGCAGCTAAATCGGAAAAAAGTGTTGACAAAGCTTCAACGTCATGGTATAATAATCAAA,5.642216831
GCCTGTATATACCTTTTTTCCGTTGCCTGCGGAAAAACCCTGAGTGTTTATGAAAGCGATT,5.649513092
GTCAAACGCATCGGGGGCGGTGCGCTGCAATGGAAGTCATAAATGTGCAAAAATAGGTTTA,5.713682936
AAGGCAGCCAAATAAGAAAAAAGTGTTGACACCGTTCCAGCATCATGCTATAATTGGCTAA,5.723762979
GTTGAAGTCAGCTGATCTCTCTTGTTCACAGTGAATGAAGACCTGTGCTATATTTAATAGG,5.766302208
TTTTAATCAACGATGATCACATGTTCTTTGAATAGTTGAACATATGGTTATTTTATAAAAA,5.775927685
TTCGTGTATCATTGGTTTACTTATTTTTTTGCCAAAGCTGTAATGGCTGAAAATTCTTACA,5.775927685
AAGGCAGGAAAATATCAAAAAAGTGTTGACACCATGAGTCTGATGTGGTATAATACTAGAA,5.820841727
GCAGGACTATGACTACAAACAATTCGATCAGCATCTGGAAAAGGGCGATATGATTGTTTTA,5.830472053
CTTAGCTTCGCCCGGGGCAGATTGTCGCTGTATTAGGCCGACTCCGGCTAAACAGAGGGGG,5.843306021
AACGTTGATACCGGTTAAATTTTATTTGACAAAAATGGGCTCGTGTTGTTGAATAAATGTG,5.87327731
TGATTTGTTATTCAGCAAACTTTCAGCTGACGGAAGCCATTTTTCTCTGTATGCTTAAGAA,5.874237994
AAGGCAGAGAAATCGTAAAAAAGTGTTGACAACCAAGCCGAAATGTGTTATAATTTAAGAA,5.898504725
GTGTTTAAAATTAAAGTTTAAAGCGGGTGATTTTTTAAATAAAGCGTTTACAATATATGTA,5.952415069
AAGGCAGGAAAATCACAAAAATGTGTTGACATCTTAACTATAATATGTTATAATGGCCCAA,5.952868824
GCCTGCAAACGTTAAGATGGCAAGCTTGACAAGTATTTCTCCTATATTTACAATGAAGTTG,5.992207731
GCCTGCAAACGTTAAGATGGCAAGCTTGACAAGTATTTCCGACACATTTAAAATGAAGTTG,6.025071759
AAGGCAGTCAAATAAAAAAAAGGTGTTGACATAACTCTACATTCATGGTATAATAGGATAA,6.030531822
GCATGAAACTTTTCACCCATTTTTCGGTGATAAAAACATTTTTATATGGTAAACTGAACGG,6.040301753
ATTCATACACCGCCATTATATTCATAGACCTGAAAAGGTCTTTTTTTGTACTCTTAATAAT,6.043515936
AAGGCAGAAAAATAGCAAAAAAGTGTTGACAGGTTGTATGCAATATGGTATAATATTCAAA,6.096545371
ACGACATTTCATATTTCTTCATTGAGCTAAGATATGATAGAATACAGGACGTAGCGTATAT,6.154758878
AAGGCAGAGAAATTGCAAAAAAGTGTTGACAATGAATGTAACATATGCTATAATCGCGGAA,6.162558919
AAGGCAGCTAAATCGTAAAAAGGTGTTGACAGTAAACTCGATAAGTGGTATAATAGACTAA,6.251871368
CTTCATATTCTTCATAAATTTGCTTCCCTTCATTAGACAAGCGGCAGCTACAATAATTTCA,6.275169073
GTGTTTAAAATTAAAGTTTAAATATTTGGATTTTTTAAATAAAGCGTTTACAATATATGTA,6.31
GTGTTTAAAATTAAAGTTTAAATATTTGGATTTTTTAAATAAAGCGTTTACAATATATGTA,6.31
GTGTTTAAAATTAAAGTTTAAATATTTGGATTTTTTAAATAAAGCGTTTACAATATATGTA,6.31
AAGGCAGTAAAATAAAAAAAAAGTGTTGACAAACTTAGCGAAATGTGCTATAATGATAAAA,6.333417516
ACGACATTTCATATTTCTTCGCGTCCAAGCAATATGATAGAATATTGTATACTCCGTATAT,6.408325724
AAGGCAGATAAATTCCAAAAACGTGTTGACAGTTGATTATATTAGTGCTATAATGTATGAA,6.414963664
CTCCACGAATTCCACGCTCCTTTTTTATTGTTTTTCAAGAAGACTTGTCATGCTTGGACGA,6.458694828
AAGGCAGATAAATCGTAAAAAAGTGTTGACAACGAGGTCTAGAGGTGTTATAATTTAAGAA,6.480977213
CAGCAAAGAGCAATGATTGGTTTTTTGCGATAAGTGCGATAGCCAAGAGTAAAATTAAAAA,6.483721067
ACGACATTTCATATTTCTTCCCTAAGAGGTTATATGATAGAATACAACATGTATCGTATAT,6.52358338
CGGGTATATGTTTTTACAGCTTTCTTTTAGAAAAAGTGAAACCTTTTTCTATGCTTTTCGT,6.534393734
AAGGCAGAAAAATGGTAAAAACGTGTTGACAGTAAGTGGGATAACTGATATAATAACGAAA,6.558640211
TCTAATTTTGCCATGTTCCAAACCCTCCTTCATCAGTCCTGCATTCTTATTATACAAAACA,6.592809803
AAGGCAGAAAAATGACAAAAATGTGTTGACATAGTCGTAATAAAGTGATATAATAACACAA,6.61688746
GCATGAAACTTTTCACCCATTTTTCGGTGATAAAAACATTTTTTTCCTGTAAACTGAACGG,6.618343526
GTGTTTAAAATTAAAGTTTAAATATTTGGATTTTTTAAATAAAGCGTATACAATATATGTA,6.681157152
TTTTTTCATTCGCGCTTTGGCCAATCAGGAGAGGCGTTTTCAGCCAGCGTATTATCTAATA,6.700047721
AAGGCAGTAAAATTAGAAAAAGGTGTTGACACAGTGGGTTATTTGTGGTATAATACGTAAA,6.706199908
AAGGCAGCTAAATGCTAAAAAAGTGTTGACAATCGAAACCATGCGTGGTATAATGAGAGAA,6.803278656
GTTTGTTGTGATTTTTTTCATATGTCACATCTCCTTTTCAATGCCATTTTAATATAAAATA,6.815841499
AAGGCAGCAAAATTGCAAAAAAGTGTTGACAAGTCCGAAGTAATTTGATATAATCGACTAA,6.845993305
AAGGCAGTGAAATAAAAAAAAGGTGTTGACAATATTAACAATAGATGATATAATGTTAAAA,6.927539453
TCCCCTTTGCTGTCATATTTAAGTTTTTCTGCCATCCAGTATTTGTGATAAAATACCTTTG,6.935476771
ACGACATTTCATATTTCTTCTGCAGCTAAATGTATGATAGAATACAGCATATCTCGTATAT,6.938510945
ATCATTGATTGTGTGAATCAGAGTGATTTTCTTGTGGTGGATCAATGGTATGCTTTACATT,6.944460549
AAGGAGGCATTTATGCCGGGCTTGTGAAAGCGCAATACAGCACAGCGATAGAATAATATGA,6.959861312
AAGGCAGGGAAATTATAAAAACGTGTTGACAAAACCAATGAAATATGTTATAATCAGAAAA,6.985786702
GTCAGAGTGCATTTTTGATACAAAAAATAATTCAGCAGAAGGTATGAATATCATTTTAATA,7.002855108
AAGGCAGCGAAATTTCAAAAAGGTGTTGACATATGAACCGCCATATGTTATAATGACGAAA,7.036267651
AAACCATTCATAATGGTCATGTTACTATTTTAAACAGTCCGTTTTTGTTTACACTGGTATT,7.096674211
GCATGAAACTTTTCACCCATTTTTCGGTGATAAAAACATTTTTTTATGGTAAACTGAACGG,7.106246936
AAGGCAGTAAAATAAAAAAAAGGTGTTGACAATATTAATAACACATGATATAATGTTTAAA,7.110047499
AAGGCAGACAAATCTCAAAAACGTGTTGACACAAACCCAGAACCATGATATAATCGACAAA,7.168294748
AAGGCAGTGAAATATGAAAAAGGTGTTGACAATTCGATATCTCTGTGCTATAATCTTATAA,7.218775697
AATTCTTATAGAAAGCGGGAAACTTTTTCAAAGTTTCATTCGTCTACGATATATTGAGGTA,7.261979668
AAGGCAGGAAAATATCAAAAATGTGTTGACAGACAAAACAATGTATGATATAATTGGAGAA,7.265373496
AAGGCAGCAAAATCCAAAAAATGTGTTGACAACTCCGGGGTCCCGTGATATAATAGCCCAA,7.292555546
AAGGCAGTAAAATTTTAAAAAAGTGTTGACACTCGTGGGCCAAACTGGTATAATAGAGTAA,7.331387045
GCATGAAACTTTTCACCCATTTTTCGGTGATAAAAACATTTTTATCTGGTAAACTGAACGG,7.343114596
CGTACAATATCAGTATACAACAAAAGAGAAAATGCTCAGAAAATGTCGTAAAGTAGACTAT,7.349372267
ACGACATTTCATATTTCTTCAAGTGAGCAGACTATGATAGAATACTGCGGGAACCGTATAT,7.376490041
GCATGAAACTTTTCACCCATTTTTCGGTGATAAAAACATTTTTTTCTGATAAACTGAACGG,7.400519787
AAGGCAGCAAAATTAGAAAAAGGTGTTGACACCAACATCAACCTATGCTATAATGCTAGAA,7.416816343
GTTAAGCCGGAGCTTTCTCATGAAGTGAAACATTTTTCATATTGAATCGTATAATGAGAGA,7.476735301
AAGGCAGTGAAATATAAAAAAAGTGTTGACAACTTATGTGCAATTTGTTATAATAGTGAAA,7.513895091
GCATGAAACTTTTCACCCATTTTTCGGTGATAAAAACATTTTGGTATGGTAAACTGAACGG,7.520785697
ACGACATTTCATATTTCTTCGAGTGGGCAGACTATGATAGAATACTGGGGTACTCGTATAT,7.583953824
TTGAAACAGCTGTTGTCGTTTGTGAGCTTTACAGACACGGCGGCGAGTGGAAATTCAATGC,7.609094477
AAGGCAGGTAAATTCAAAAAATGTGTTGACATTAAAAATAAATTCTGTTATAATAAGGAAA,7.614856989
GTGTTTAAAATTAAAGTTTAAATATTTGGATTTTTTAAATAAAGCAGTTACAATATATGTA,7.64623143
GTTTGTTTTTTCGAATGATTAAATTTTTTGTTTTTTATAAAGGTTTTTTACTATTTTGTGA,7.667012996
GCATGAAACTTTTCACCCATTTTTCGGTGATAAAAACATTTTTTTGTGGTAAACTGAACGG,7.668817806
AATTCAAAATATTAGAGGGATTATTTTTTTCTGATGGTGAGACTCAATTAATAAAGAATGC,7.709365093
GTTTTTTATGAGTCTAAAGAAAGAATTGAGAGATGAGTAAAAAGGATTTTATCTTTTTTTG,7.776101732
AAGGCAGCTAAATCGCAAAAAAGTGTTGACAAATCGCTGACAAGATGCTATAATATTAAAA,7.785715585
GTGTTTAAAATTAAAGTTTAAATATTTGGATTTTTTAAATAAAGCGGGTACAATATATGTA,7.794675525
TTTATCCTTTACTGCGTCAATACACGTTGACACTCTTTTGATGCTTTGTTAAATTATCAGG,7.941021827
AAGGCAGGCAAATGCGAAAAAGGTGTTGACAACAGTGAATGCTTATGGTATAATTAGTGAA,7.952691032
GAAGAAGGAATCGAACGATGTTTCCAGTACTTAAAAAATAAAAATATGTACGCTGATATAG,7.955777296
AATATTGAAGGTTTTTGGAAATTTATTAGAAAAACATGAAACTTTTTGATATCCTTCCCGT,8.005495448
TTTTTTCGAGGTTTTTCGTCAATTATTCTTAACTTTTACGAAACTTTGATATAATAACAAA,8.136094558
AAGGCAGGCAAATCTAAAAAACGTGTTGACACGACGCTGAATAAATGATATAATAAAAAAA,8.193446326
GTGTTTAAAATTAAAGTTTAACGGGTTGGATTTTTTAAATAAAGCGTTTACAATATATGTA,8.203
GTGTTTAAAATTAAAGTTTAAAGCATTGGATTTTTTAAATAAAGCGTTTACAATATATGTA,8.20931
GTGTTTAAAATTAAAGTTTAACCGCTTGGATTTTTTAAATAAAGCGTTTACAATATATGTA,8.22824
GTGTTTAAAATTAAAGTTTAACCGGTTGGATTTTTTAAATAAAGCGTTTACAATATATGTA,8.22824
AGGAATAGCGGCTCAGGCGACAGTACTGATACAAAAAGGCTAACTTGTTTTGATGCCGGGT,8.236199515
CATCCTCCTGTTGTTTACACCTGTCTTGACACCTATATTTACACAAGGATAAAATAAACTC,8.256092167
GTGTTTAAAATTAAAGTTTAAAGGATTGGATTTTTTAAATAAAGCGTTTACAATATATGTA,8.25979
GTGTTTAAAATTAAAGTTTAACAGCTTGGATTTTTTAAATAAAGCGTTTACAATATATGTA,8.29134
GTGTTTAAAATTAAAGTTTAAATATTTGGATTTTTTAAATAAAGCAGGTACAATATATGTA,8.314323687
GTGTTTAAAATTAAAGTTTAACACCTTGGATTTTTTAAATAAAGCGTTTACAATATATGTA,8.31658
AAGGCAGGAAAATTTTAAAAAAGTGTTGACACCGGTGGGCCAAATTGGTATAATAGAGTAA,8.317707124
GTGTTTAAAATTAAAGTTTAATGGATTGGATTTTTTAAATAAAGCGTTTACAATATATGTA,8.32289
GTGTTTAAAATTAAAGTTTAAGATGTTGGATTTTTTAAATAAAGCGTTTACAATATATGTA,8.33551
GTGTTTAAAATTAAAGTTTAACCCATTGGATTTTTTAAATAAAGCGTTTACAATATATGTA,8.34813
GTGTTTAAAATTAAAGTTTAACTATTTGGATTTTTTAAATAAAGCGTTTACAATATATGTA,8.35444
GTGTTTAAAATTAAAGTTTAATTGCTTGGATTTTTTAAATAAAGCGTTTACAATATATGTA,8.36706
GTGTTTAAAATTAAAGTTTAAGCAGTTGGATTTTTTAAATAAAGCGTTTACAATATATGTA,8.37968
GTGTTTAAAATTAAAGTTTAAGGACTTGGATTTTTTAAATAAAGCGTTTACAATATATGTA,8.38599
GTGTTTAAAATTAAAGTTTAAACCCTTGGATTTTTTAAATAAAGCGTTTACAATATATGTA,8.41754
GTGTTTAAAATTAAAGTTTAAACAGTTGGATTTTTTAAATAAAGCGTTTACAATATATGTA,8.43647
GTGTTTAAAATTAAAGTTTAAGCTGTTGGATTTTTTAAATAAAGCGTTTACAATATATGTA,8.44278
GTGTTTAAAATTAAAGTTTAACTCCTTGGATTTTTTAAATAAAGCGTTTACAATATATGTA,8.44909
GTGTTTAAAATTAAAGTTTAAGAAGTTGGATTTTTTAAATAAAGCGTTTACAATATATGTA,8.4554
GTGTTTAAAATTAAAGTTTAAAGCCTTGGATTTTTTAAATAAAGCGTTTACAATATATGTA,8.46171
ACCGACGCACACCCCCAAAAATCGCAGTATTTCTGAGAAACTTTAAATGTAGAATCATATT,8.467870988
GTGTTTAAAATTAAAGTTTAAAGGGTTGGATTTTTTAAATAAAGCGTTTACAATATATGTA,8.48695
GTGTTTAAAATTAAAGTTTAAGCGGTTGGATTTTTTAAATAAAGCGTTTACAATATATGTA,8.49957
GTGTTTAAAATTAAAGTTTAACTAGTTGGATTTTTTAAATAAAGCGTTTACAATATATGTA,8.49957
ATTCGATTTATTATATAAATTCTTTATTCATGATGATTAAAGAACTCTTTAAAATTGACGA,8.50635456
GTGTTTAAAATTAAAGTTTAAGAGATTGGATTTTTTAAATAAAGCGTTTACAATATATGTA,8.52481
AAGGCAGAAAAATGACAAAAACGTGTTGACAAACAAGACCAAAAATGATATAATTAACAAA,8.531280369
GTGTTTAAAATTAAAGTTTAAGCCATTGGATTTTTTAAATAAAGCGTTTACAATATATGTA,8.55005
GTGTTTAAAATTAAAGTTTAATACCTTGGATTTTTTAAATAAAGCGTTTACAATATATGTA,8.57529
GTGTTTAAAATTAAAGTTTAACGCATTGGATTTTTTAAATAAAGCGTTTACAATATATGTA,8.60053
GTGTTTAAAATTAAAGTTTAAGGCCTTGGATTTTTTAAATAAAGCGTTTACAATATATGTA,8.63839
GTGTTTAAAATTAAAGTTTAACCACTTGGATTTTTTAAATAAAGCGTTTACAATATATGTA,8.6447
GCATGAAACTTTTCACCCATTTTTCGGTGATAAAAACATTTTTATAGTGTAAACTGAACGG,8.645927439
GTGTTTAAAATTAAAGTTTAAGACGTTGGATTTTTTAAATAAAGCGTTTACAATATATGTA,8.65101
AGGCCGGAGATGTAATATATTTATCAGAGTTTGAATTTTTGAAATCTTTATACTTATCAGG,8.677688044
GTGTTTAAAATTAAAGTTTAACATCTTGGATTTTTTAAATAAAGCGTTTACAATATATGTA,8.68256
AAGGCAGGAAAATGATAAAAATGTGTTGACATAACCCAGCTAAAATGTTATAATGTCAAAA,8.686606366
GTGTTTAAAATTAAAGTTTAAGAACTTGGATTTTTTAAATAAAGCGTTTACAATATATGTA,8.7078
GTGTTTAAAATTAAAGTTTAAGTGGTTGGATTTTTTAAATAAAGCGTTTACAATATATGTA,8.7078
GTGTTTAAAATTAAAGTTTAACGGATTGGATTTTTTAAATAAAGCGTTTACAATATATGTA,8.72042
GTGTTTAAAATTAAAGTTTAAAGCGTTGGATTTTTTAAATAAAGCGTTTACAATATATGTA,8.73304
GTGTTTAAAATTAAAGTTTAAGTCATTGGATTTTTTAAATAAAGCGTTTACAATATATGTA,8.82769
GTGTTTAAAATTAAAGTTTAAGTGATTGGATTTTTTAAATAAAGCGTTTACAATATATGTA,8.87817
AAGGCAGACAAATCGTAAAAAAGTGTTGACACCTGTGAAAATACATGCTATAATAGGGAAA,8.884647012
GGCATAATAAAAAGCAGTGATCTCACTGCTTTTTATTTATCTGATGGGAAAGCTTATTAAA,8.924100246
GTGTTTAAAATTAAAGTTTAAATATTTGGATTTTTTAAATAAAGCGGTTACAATATATGTA,8.982462861
GTGTTTAAAATTAAAGTTTAAACGGTTGGATTTTTTAAATAAAGCGTTTACAATATATGTA,9.01068
ACGACATTTCATATTTCTTCGGGTTGACAGTCTATGATAGAATACTTGTGTACTCGTATAT,9.013148769
AAGGCAGTGAAATTAAAAAAAAGTGTTGACAGCATGCCAGATATCTGTTATAATGAAGAAA,9.051622458
CGTTCGGTAAATCACCTTAAATCCTTGACGAGCAAGGGATTGACGCTTTAAAATGCTTGAT,9.117893176
TGTCGGTTTTGAAGTTCCTGACGCGTTTGTAGTGGGTTACGGACTTGATTATGCTGAGCGC,9.133935637
TTTATCCTTTACTGCGTCAATACACGTTGACACTCTTTTGCAAGGGTGTTAAATTATCAGG,9.153391571
ACGCAGAAAGTCCTAAATAAAATGAATAGTTAAGTTGGTTATATTATCCTGAAAAATGCGG,9.218639831
AAGGCAGAAAAATTAAAAAAAAGTGTTGACAACATAAAAAATAAATGCTATAATCAACGAA,9.226364205
AAGGCAGTTAAATTTTAAAAAAGTGTTGACATTCGCGGGCTAAACTGGTATAATAGAGTAA,9.366157602
GTGTTTAAAATTAAAGTTTAACCCCTTGGATTTTTTAAATAAAGCGTTTACAATATATGTA,9.38928
TACCCTTATCTGGAAGAGCTGGCATTGTTAGGAGGCAACCTTTTCGATTATAATGGAAAAA,9.475319208
TTTTTTCGAGGTTTTTCGTCAATTATTCTTAACTTTTACGAAACTTTGATATAATAACAAA,9.521536955
AAGGCAGCAAAATCAAAAAAAAGTGTTGACAACTGCTCTCACACGTGCTATAATTCTACAA,9.556431948
AAAATTTTGCGCCATCAATCAAGAGGTGCATAAGATGCTTCCTTCTAGTAGAATAGAGATT,9.590824928
GTGTTTAAAATTAAAGTTTAAATATTTGGATTTTTTAAATAGAAAGGTTACAATATATGTA,9.610347599
AAGGCAGGGAAATTATAAAAACGTGTTGACATCCAACGATAGATATGATATAATCAAAAAA,9.661276995
TTTAAGATAGTGAAATAAATTCCGAACTTTAAATTAAATTTAAGTTATTAATATTCGTTTT,9.681304409
AATCTTTCCCAAACTAAAAAATTCGGTCATCACCCGCATATTCTATGGTAAAATAAAACGT,9.696063473
AAGGCAGAGAAATCGTAAAAAAGTGTTGACAAGCAGGCCCAGATGTGTTATAATTTAAGAA,9.785537793
CGGCAGTTTTTTTATTTTGATCCCTCTTCACTTCTCAGAATACATACGGTAAAATATACAA,9.83723713
AAGGCAGAAAAATAAAAAAAAAGTGTTGACAAGATAAAAAAACAATGCTATAATCAAGCAA,9.89426599
GTGTTTAAAATTAAAGTTTAAATATTTGGATTTTTTAAATACATTGGTTACAATATATGTA,9.913006528
AAGGTTTTTGTTTTTCTTATTTGCAAATTCTTTGGAAATAACAAAAGGTATGATATGATAA,9.970710406
AAGGCAGCAAAATGGCAAAAAGGTGTTGACAGCAGACAGAAGCTGTGATATAATATTTCAA,10.04182569
CCTATTTTATATTTTAAAGAAAAATTAAGAAACAATGAAACTTTTTTTTATAAAAAACGAC,10.20236354
AAGGCAGAGAAATAAAAAAAATGTGTTGACAACCGGAATTAGTATTGTTATAATAGAGGAA,10.26316523
GTGTTTAAAATTAAAGTTTAAATATTTGGATTTTTTAAATAGCTGGGTTACAATATATGTA,10.3670653
AAGGCAGTGAAATGAAAAAAATGTGTTGACATTCTTAAGTGAACATGATATAATTTCGAAA,10.40684178
GCATGAAACTTTTCACCCATTTTTCGGTGATAAAAACATTTTTTTCATTTAAACTGAACGG,10.53283824
AAGGCAGTGAAATGCCAAAAAGGTGTTGACATCCATAGCCACCCATGATATAATACACTAA,10.55440148
AACGTTGATACCGGTTAAATTTTATTTGACAAAAATGGGCTCGTGTTGTCTAATAAATGTG,10.57189916
TGGAAATCAATATTTCTTTTTCTCCTTTGCGAATCCCTATCAAATTAGCTATCATTAATGA,10.71192897
AAGGCAGAAAAATAACAAAAACGTGTTGACAATCTACAATAACCATGATATAATTCAACAA,10.84952087
GTGTTTAAAATTAAAGTTTAAATATTTGGATTTTTTAAATAAAGCGTTTATAATATATGTA,10.99160667
GTGTTTAAAATTAAAGTTTAAATATTTGGATTTTTTAAATAAATCGGTTACAATATATGTA,11.04810653
AAGGCAGTTAAATCCCAAAAAAGTGTTGACAAGCAACAATGGGGCTGATATAATGGATGAA,11.06697727
ATCTACTAACAAAGTGGACTCTTTCTAAAAAAAATAAAAAAAATGTGATATAAAAGAGGAT,11.07186493
AAGAATTTTAAAATCTGTTCACATTTTGTGAAAGAAACTATGTTATAATTATTATAAATAA,11.0846989
AAATACAAACAAAATTCGACAAAGTTCACTGAATTTTCACAAAAGATTTATGTTTCAGCAG,11.15143554
AAGGCAGAAAAATTATAAAAATGTGTTGACAAAGGGGGTCCTGTATGTTATAATAGCTTAA,11.28831681
GTGTTTAAAATTAAAGTTTAAATATTTGGATTTTTTAAATATGTGGGTTACAATATATGTA,11.35076546
AAGGCAGGTAAATGCCAAAAAGGTGTTGACACTCATACGCACCACTGATATAATAAACTAA,11.50577321
AAGGCAGAAAAATAAAAAAAAAGTGTTGACATAAAAAACATAAAATGATATAATAAACGAA,11.8008926
AAATTATAATTTATGTACGCGTTTTCTTGACGCCCTTTTGAGGGAGGAGTAAAATGAAATT,11.91762348
TATATCCTATTTTTTCAAAAAATATTTTAAAAACGAGCAGGATTTCAGAAAAAATCGTGGA,11.93109915
AAGGCAGGTAAATGATAAAAATGTGTTGACATAACCTACTGAAACTGTTATAATGTCAAAA,11.9484523
AAGGCAGATAAATTGAAAAAATGTGTTGACAAAAATGTAATGACATGTTATAATACACTAA,12.31346839
TCTTTTTTCTTTTCGGAAAAATCATTCCAACTTCTAACTGTTCAGTCTGTATAATAATTTT,12.35214946
AAGGCAGTTAAATATCAAAAAAGTGTTGACAAAGGTATGACAAAATGATATAATCGAATAA,12.38724824
AAGGCAGCGAAATAAAAAAAAGGTGTTGACAATCTCAGAACTAGATGATATAATGTTAAAA,12.53480793
GCCTGCAAACGTTAAGATGGCAAGCTTGACAAGTATTTCTTCAGAATTTACAATGAAGTTG,12.59787731
GAGAAGTAAGAGAAGGCCGTCCAATCTTGCAAAAGATATACACCGATGTTATCATTTTTAA,12.68316972
AAGGCAGCAAAATCAAAAAAAAGTGTTGACAATCGTCCTCCAACGTGCTATAATTCTACAA,12.75226433
CAAGGGAAATTATTAGGCAATGAAGTTTTTGGCGCTTTTTTGGGTGAGTTATAATTGACAT,12.83334559
GCTTGTTTTGTTTTTTATGTATGGTTTTCACACCGCGAATACCGGTTCATATATTTATAAC,12.84902941
AAGGCAGACAAATCCTAAAAAAGTGTTGACAAGAATAAATAACCATGATATAATACTTTAA,12.97360388
AAGGCAGCTAAATGATAAAAATGTGTTGACACAATCCACGTAAAATGTTATAATGTTAAAA,13.12116357
AAGGCAGCAAAATAATAAAAACGTGTTGACATCCCAATGACAATATGATATAATGAAACAA,13.26484012
AAGGCAGAAAAATGGAAAAAAAGTGTTGACACTACCCGTTAATTCTGATATAATGCTTAAA,13.41239982
CAGACATAACATAAACAATAAACCGATTTTTTTCATAAAAATCCTCCTTAAAATAGGGTTC,13.43844879
AAGGCAGGTAAATCCAAAAAAAGTGTTGACACTTCGCTCTACATCTGTTATAATTTGTTAA,13.61044046
AAGGCAGATAAATAACAAAAACGTGTTGACAACTCAGAATAACGATGATATAATTCAACAA,13.70751921
GTGTTTAAAATTAAAGTTTAAATATTTGGATTTTTTAAATAAAGCGTGTACAATATATGTA,13.73351837
AAGGCAGCAAAATGTAAAAAAGGTGTTGACATCCAACCCATAGGATGATATAATCATAGAA,13.99875545
AAGGCAGAAAAATAAAAAAAAAGTGTTGACACAAAAAATACAAAATGATATAATAAATCAA,14.220095
ATGGGACTAATTTTTCTTTTTTTAGTGATACGCTGAGCAAAAAATATGATAAAATACATCT,14.48734325
AAGGCAGTAAAATAACAAAAATGTGTTGACAACTTACAATAATCATGATATAATTCAACAA,14.58511109
AAGGCAGACAAATGAAAAAAAAGTGTTGACAAAAAAGCTGTTACATGGTATAATAATCAAA,14.88023048
GTCATACTTAACAGATAAGAAGTGGAAAAAGAAAACGGAACTGAGCATTTATGAACTGGCG,14.96929794
AAGGCAGTGAAATCTTAAAAAAGTGTTGACACACTTGTAGCGAAATGATATAATCACGTAA,15.09768688
AAGGCAGTCAAATAAGAAAAAAGTGTTGACAACGTTCCAACAATATGCTATAATTGGCTAA,15.39280627
AAGGCAGAAAAATAACAAAAACGTGTTGACAATAAAGATTAACCGTGATATAATTAAATAA,15.68404252
AAGGCAGTAAAATCAAAAAAAAGTGTTGACAATGCTCCTCACAGCTGCTATAATTCTACAA,15.90538206
GTGTTTAAAATTAAAGTTTAAATATTTGGATTTTTTAAATACTCATGTTACAATATATGTA,15.93803515
GCCTGCAAACGTTAAGATGGCAAGCTTGACAAGTATTTCCGACACATTTATAATGAAGTTG,15.99382685
AAGGCAGAAAAATGAAAAAAAAGTGTTGACACAGCGCCTAAGCAATGTTATAATATCAGAA,16.344178
AAGGCAGAAAAATTACAAAAAAGTGTTGACAAGAAATAAAAAAAATGCTATAATGAACCAA,16.6392974
TTTATCCTTTACTGCGTCAATACACGTTGACACTCTTTTGTTGATTTGTTAAATTATCAGG,16.79132096
AAGGCAGCGAAATACAAAAAAAGTGTTGACAAAATTCACATAAGATGATATAATTTCCTAA,16.93053364
AACGTTGATACCGGTTAAATTTTATTTGACAAAAATGGGCTCGTGTTGGAGAATAAATGTG,16.94860024
AAGGCAGTCAAATGACAAAAATGTGTTGACATGGAAAGGAGAACATGGTATAATCCGGTAA,17.15187319
GTGTTTAAAATTAAAGTTTAAATATTTGGATTTTTTAAATACGCGTGTTACAATATATGTA,17.25320103
GTGTTTAAAATTAAAGTTTAAATATTTGGATTTTTTAAATACTCGTGTTACAATATATGTA,17.40455396
AAGGCAGATAAATTATAAAAATGTGTTGACAACGTTCAAATATCGTGGTATAATTACTTAA,17.44310943
AAGGCAGTCAAATAAAAAAAAGGTGTTGACATAACTCTACATTCATGGTATAATAGGATAA,17.66444898
GTGTTTAAAATTAAAGTTTAAATATTTGGATTTTTTAAATATCCGTGTTACAATATATGTA,17.85856581
AAGGCAGAAAAATCATAAAAAGGTGTTGACAAATAAAAACAAACGTGTTATAATACAAAAA,17.88578852
AAGGCAGAAAAATGTAAAAAATGTGTTGACATACATACGGGCGCATGCTATAATAGGCCAA,18.17702477
AAGGCAGCGAAATGAAAAAAAAGTGTTGACAACATCAGAAAGTCATGCTATAATCCAAGAA,18.39836431
GTGTTTAAAATTAAAGTTTAAATATTTGGATTTTTTAAATAAAGCTGTTACAATATATGTA,18.48452697
AAGGCAGATAAATTGAAAAAATGTGTTGACATAAGAAATCCTTCCTGATATAATTTAGTAA,18.61582071
GCCTGCAAACGTTAAGATGGCAAGCTTGACAAGTATTTCACCAAGATTTACAATGAAGTTG,18.73249583
AAGGCAGTTAAATTCAAAAAAAGTGTTGACAACATAGCAAGGATATGCTATAATATACGAA,18.98471995
AAGGCAGACAAATATAAAAAACGTGTTGACAACTTTGAGGAAAAATGATATAATACCAAAA,19.27595619
TTTATCCTTTACTGCGTCAATACACGTTGACACTCTTTTGTGGGAATGTTAAATTATCAGG,19.4585344
AAGGCAGAAAAATAATAAAAACGTGTTGACAAAAAATATCAATCGTGATATAATTAAATAA,19.49729574
GTGTTTAAAATTAAAGTTTAAATATTTGGATTTTTTAAATAGGTATGTTACAATATATGTA,19.59903059
AAGGCAGAAAAATAAGAAAAACGTGTTGACAACAAATACTAACGGTGATATAATTAAATAA,19.71475213
AAGGCAGCCAAATTAAAAAAAAGTGTTGACATCTCCAAAATAGCATGGTATAATTTAGCAA,19.93609168
TTTATTTTACATTTTTAGAAATGGGCGTGAAAAAAAGCGCGCGATTATGTAAAATATAAAG,20.10188581
AAGGCAGACAAATGAAAAAAAAGTGTTGACAGAGCCTCTATAGCATGCTATAATAATATAA,20.30110777
AAGGCAGTAAAATATAAAAAAAGTGTTGACATTTGGAAATCAAACTGGTATAATGCACAAA,20.67000701
AAGGCAGAGAAATGTTAAAAACGTGTTGACAAGCCGAACTAAATATGATATAATCCGGCAA,20.96124326
AAGGCAGGCAAATAAAAAAAAGGTGTTGACAAACTGAACACTGTGTGGTATAATTGACCAA,21.3301425
AAGGCAGGAAAATCACAAAAACGTGTTGACAGACGGATAGAAGCATGATATAATTGAGTAA,21.69515859
AAGGCAGATAAATAAAAAAAACGTGTTGACAAAAAAATAGAAATATGATATAATAAAAAAA,22.13395453
AAGGCAGTCAAATTGAAAAAATGTGTTGACATACCTAACTGATGATGATATAATAGTCTAA,22.50285377
AAGGCAGAAAAATAAAAAAAACGTGTTGACAATATAATCCAAATATGATATAATTAAACAA,22.79409002
AAGGCAGTTAAATCATAAAAAGGTGTTGACAAAGGTCGCCGCTATTGGTATAATAGAAGAA,23.01542956
AAGGCAGTAAAATCTTAAAAAAGTGTTGACAAGCTAATGGCAATATGCTATAATGAGAAAA,23.23288596
AAGGCAGAAAAATCATAAAAAGGTGTTGACAACAAAATACAAAGCTGTTATAATACAAAAA,23.30666581
AAGGCAGACAAATGAAAAAAAGGTGTTGACAAAGGGTATATAACATGCTATAATTTACAAA,23.6017852
TTTATCCTTTACTGCGTCAATACACGTTGACACTCTTTTGATTTACTGTTAAATTATCAGG,23.64121002
AAGGCAGAAAAATGAAAAAAACGTGTTGACATGGAAATTGTTATGTGTTATAATTACGAAA,23.89302144
GCCTGCAAACGTTAAGATGGCAAGCTTGACAAGTATTTCGTGAAGATTTACAATGAAGTTG,23.99074028
AAGGCAGGGAAATCGTAAAAAGGTGTTGACAAAGGAACACCAACGTGATATAATGACTTAA,24.18814084
AACGTTGATACCGGTTAAATTTTATTTGACAAAAATGGGCTCGTGTTGGACAATAAATGTG,24.38808483
AAGGCAGTAAAATAATAAAAATGTGTTGACACAGTCAACAAACAATGATATAATCCATGAA,24.62693678
AAGGCAGCTAAATATTAAAAATGTGTTGACAATTCTCTAACCATCTGTTATAATCTCATAA,24.92205617
TTTATCCTTTACTGCGTCAATACACGTTGACACTCTTTTGTTGAAATGTTAAATTATCAGG,25.09605371
AAGGCAGGGAAATCAAAAAAACGTGTTGACAAGGGTATCGGAGCCTGGTATAATCTGTTAA,25.21329242
AAGGCAGTAAAATCGTAAAAACGTGTTGACAGACAGAATAACATATGATATAATCCAACAA,25.65208836
AAGGCAGGAAAATACTAAAAAAGTGTTGACAAGTCTAACGACGAGTGGTATAATCTAGAAA,25.8734279
GTGTTTAAAATTAAAGTTTAAATATTTGGATTTTTTACCGCCCGCGTTTACAATATATGTA,25.9355228
GCCTGCAAACGTTAAGATGGCAAGCTTGACAAGTATTTCGTATGCATTTACAATGAAGTTG,26.0721287
AAGGCAGATAAATGTTAAAAACGTGTTGACAACCCCACTCTAGAGTGCTATAATATTACAA,26.16466415
AAGGCAGGAAAATACTAAAAAAGTGTTGACAGATTCAAGCACGTATGGTATAATCTAGAAA,26.45978354
AAGGCAGCGAAATCTCAAAAAGGTGTTGACAAGAGGCACAACTAATGCTATAATCTTAAAA,26.68112308
AAGGCAGCAAAATAAGAAAAATGTGTTGACACTAGGAACCGGTTATGATATAATGCCATAA,26.82479963
AAGGCAGTAAAATGCAAAAAAAGTGTTGACAAAATGGGAGTCCTATGTTATAATAGTAAAA,26.82479963
AAGGCAGGTAAATAAAAAAAAGGTGTTGACAATTATAAGAAATTCTGGTATAATGCTGTAA,27.04613918
AAGGCAGGAAAATAGTAAAAATGTGTTGACATCTAACTGTGTTTATGGTATAATGCCGTAA,27.26747872
AAGGCAGTGAAATACCAAAAAAGTGTTGACAGGAAGATGAAAGTTTGATATAATACTAAAA,27.41115527
GTGTTTAAAATTCCCTGGTAAATATTTGGATTTTTTAAATAAAGCGTTTACAATATATGTA,27.7070749
AAGGCAGACAAATAATAAAAATGTGTTGACATGCGAATGAATCTGTGTTATAATTGTGGAA,27.78005451
AAGGCAGGGAAATCATAAAAAAGTGTTGACAAGCAAACCACGCTATGCTATAATTTGCAAA,28.07129076
GTGTTTAAAATTAAAGTGGCCCGATTTGGATTTTTTAAATAAAGCGTTTACAATATATGTA,28.16767845
AAGGCAGATAAATTCGAAAAAAGTGTTGACAAAAACATATGTGGCTGATATAATGGGGTAA,28.2926303
AAGGCAGGAAAATAAAAAAAAAGTGTTAGCAACACGAGAGCGCTATGATATAATTGGTTAA,28.58386654
AAGGCAGAAAAATCAAAAAAAAGTGTTGACATGAAACACAAGATCTGATATAATCTGACAA,28.73142624
AAGGCAGGTAAATCATAAAAAAGTGTTGACAGACAAACCATCGCATGGTATAATTTGCAAA,28.80520609
AAGGCAGCAAAATTGAAAAAACGTGTTGACAAAAAAGTTAAGTGATGATATAATCACAAAA,28.95276579
AAGGCAGATAAATATGAAAAAGGTGTTGACAAAACGATATAATTGTGCTATAATCTTATAA,29.09644233
AAGGCAGAAAAATGTTAAAAACGTGTTGACAACCCCACTTTAGGATGCTATAATATTACAA,29.39156173
AAGGCAGTTAAATCCCAAAAACGTGTTGACAAAGTTATCTTCATATGTTATAATTTTATAA,29.68279797
AAGGCAGAAAAATTAGAAAAATGTGTTGACACTCGGACGAAACAATGGTATAATGGCAAAA,29.83035767
AAGGCAGTGAAATAGGAAAAACGTGTTGACAATATTGCTTAAATATGTTATAATGAAAAAA,29.97791737
AAGGCAGGAAAATAAAAAAAAAGTGTTGACACACCGAGACGCGTATGGTATAATTGGTTAA,30.26915361
AAGGCAGATAAATCCAAAAAATGTGTTGACAAAATAAAAAGAGTGTGTTATAATTTGACAA,30.63805285
AAGGCAGCCAAATAGCAAAAAGGTGTTGACAACTGGACTAAGTCATGTTATAATCACTTAA,30.85550925
AAGGCAGTTAAATAAAAAAAATGTGTTGACAATAGCATCTGTATGTGCTATAATTAAAAAA,31.15062864
AAGGCAGAAAAATAAAAAAAATGTGTTGACAAAAAAAAAAGAAAATGGTATAATAAAAAAA,31.44186488
GCGTGAAAAATTTTTTATCTTATCACTTGAAATTGGAAGGGAGATTCTTTATTATAAGAAT,31.47548765
AAGGCAGCAAAATACTAAAAAGGTGTTGACAAGGTCATGCTACTATGGTATAATTGAAAAA,31.88454397
AAGGCAGAGAAATTCGAAAAATGTGTTGACATAATGAACAAGAGGTGCTATAATTGGTAAA,32.90969555
AAGGCAGTTAAATGCTAAAAAGGTGTTGACAAACCTGTTAACGTGTGGTATAATAAACCAA,33.1310351
GTGTTTAAAATTAAAGTTTAAATATTTGGATTTTTTAAATAAAGCGTTTACAATATAGAGA,33.37604164
AAGGCAGTGAAATTGAAAAAATGTGTTGACACATAGAAAAAGATGTGGTATAATTGTACAA,34.37364307
AAGGCAGAAAAATTACAAAAAAGTGTTGACAAATTAATTATAATATGGTATAATTATTTAA,34.85127051
AAGGCAGAGAAATATGAAAAACGTGTTGACAATGTGAATTCCGCATGGTATAATGACAAAA,35.4026778
GTGTTTAAAATTAAAGTTTAAATATTTGGATTTTTTAAATAAAGCGTTTACAATATATGTA,35.43104208
AAGGCAGTTAAATCTCAAAAAGGTGTTGACATTCAAAACAAAATATGGTATAATGCCCCAA,36.06281329
GTGTTTAAAATTAAAGTTTAAATATTTGACATTTTTAAATGGGGCGTTTATAATATATGTA,36.4352283
AAGGCAGCAAAATCGCAAAAAAGTGTTGACAACTTAACTCAGATCTGGTATAATAGAAAAA,36.50160923
GTGTTTAAAATTAAAGTTTAAATATTTGACATTTTTAAATAAAGCGTTTACAATATATGTA,47.22330996
AACGTTGATACCGGTTAAATTTTATTTGACAAAAATGGGCTCGTGTTGTTAAATATATGTG,47.26589835
GTGCTTAAAATTAAAGTTTAAATATTTGACATTTTTAAATAAAGCGTTTATAATATATGTA,56.56889058
GAGCGGGTGTTTTTTTAATAGCCAACATTAATAAAATTTAAGGATATGTTAATATAAATTC,61.86048822
AACGTTGATACCGGTTAAATTTTATTTGACAAAAATGGGCTCGTGTTGTTTAATAAATGTG,69.91996798
GCTGCGCTTTTTTGTGTCATAATATTTGACATTTTTAAATAAAGCGTTTATAATATATGTA,71.58713309
CGAGGATATTCTTTTAAAAAAGTATTTGACATTTTTAAATAAAGCGTTTATAATATATGTA,82.60057534
AAAAAACGGCCTCTCGAAATAGAGGGTTGTTATTTGAAAGGAATTATCGTATAATTAGTTG,93.16929679

