seq,strength,01-code,dot-code
AAAAAACCATTATATTAGGAGGAAATAACA,30.06591338,000000000000000000000000000000,..............................
AAAAATGTTTATTATGGAGAAGGATTATCA,16.16945527,000000000000000000000000000000,..............................
AAAAATGTTTTTCATGAAAAAAAATTATCA,9.064539272,000000000000000000000000000000,..............................
AAAACGAAAAGCAATAAGGAGGAAATCCCA,36.46072362,000000000000000001110000011100,.................(((.....)))..
AAAACGTGAAGAAATTGGTGGTGAATCAAA,37.48859857,000000000000001111100000111110,..............(((((.....))))).
AAAAGTAATGAATACGGGGGAAATGGATCA,20.76459568,000000000000000000000000000000,..............................
AAAATCATTCAATAAAAGGGGAGCTTACCA,16.01215239,000000000000000001100000000110,.................((........)).
AAAATGAAAAAGAAAGGAGGGAAATGACAA,18.27473048,000000000000000000000000000000,..............................
AAACCTGCAGAAGGGAGTTGCCGTAGTAGA,27.86782766,000011110000110000001100011110,....((((....((......))...)))).
AAACGCAAATTCTAAAAGAGGGTGGATTTA,34.38507313,000111000111100011110111000000,...(((...((((...)))).)))......
AAACTGCTTATAGTAAAGGAGAATTGGATA,89.51532783,000110111000000111011000000000,...((.(((......))).)).........
AAATATCACATATACAGGAGGAGACAGATA,53.03660621,000000000000000000000000000000,..............................
AAATTAAAATAAAGAAAGTAGGCATACAAT,16.6888414,000000000000000001110000111000,.................(((....)))...
AACATACGGCATTTAAGGAGAGATTTGGAA,18.1026974,000000000001111110000001111110,...........((((((......)))))).
AACATTATACCGTTATGGAGGGACAAGCAA,16.8190446,000000000110000000011000000000,.........((........)).........
AACCTGAATAGATTTTTGGAGGGAAACACA,36.81868912,001110000000000000011100000000,..(((..............)))........
AACGATGTTTCTGATGAAGAGGGATTATCA,13.78080435,000111101111000000001111011110,...((((.((((........)))).)))).
AACGGCAATGATGAAAGGAGCTATTTACAA,55.02952215,000111000000000000011100000000,...(((.............)))........
AAGGATGTTTTTTATGGGGGGGGATTATCA,18.63617123,000111101111100000011111011110,...((((.(((((......))))).)))).
AAGTAGGCGTATCTTAAGGAGGACTGGCAG,52.55456275,000000110001111000011110001100,......((...((((....))))...))..
AAGTTACTGAAAAAGAGGGGATATACGATA,51.89776966,000000000000000000000000000000,..............................
AATATTTGATCGGATAAGGAGGTGTCCTAA,16.52134004,000000000001111100000011111000,...........(((((......)))))...
AATCAGGCTACATAAGGAGGACATTCGACA,16.8242822,000000000000000000000000000000,..............................
AATCTTAACTCTTTAAGGAGGTGGGAATAA,45.23518327,001111001111000011110011110000,..((((..((((....))))..))))....
AATGAATGTGCAGGGAAAGGATGAAAAAAA,16.39952395,000000000000000000000000000000,..............................
AATGACAGATCATTTAGGAGGGAAATTCAA,97.41994366,111110000111110011100000011100,(((((....)))))..(((......)))..
AATGATTATATATTTTTGGAGGTATAGATA,58.98625729,000000001111111000011111110000,........(((((((....)))))))....
AATGCCTTACTCAAGGAGGTGCGATCAGGA,35.66273276,000111110000000111110000000000,...(((((.......)))))..........
AATTCAAACGCTTAAGGAGGAGAATGATAA,18.0944934,000111001011100001110100111000,...(((..(.(((....))).)..)))...
AATTTCGATTTAAAGGGAGGCTATGTGACT,50.33149901,001111000000001111000000000000,..((((........))))............
ACAAATAGTCGGAAATTGAGGTGTCGAGAA,38.68052613,000000000000000111100001111000,...............((((....))))...
ACAAATGTTTTTCATGAGAAGAAATTATCA,25.3447634,000000011111100001111110000000,.......((((((....)))))).......
ACAATGAAAAGCGAAGGACTCGGCGAGTAA,51.9096862,000000000000000001111000111100,.................((((...))))..
ACAGATGTTATTCATAGAGAAGAATTATCA,7.628486721,000111100111100000000111111110,...((((..((((........)))))))).
ACAGCTATTCCTCGAGGGAGGTGTCATAAA,55.17899323,000000000111100001111000000000,.........((((....)))).........
ACATAGTCATATAACAAGGAGGAGATACCA,31.63191844,000000000000000001100000000110,.................((........)).
ACCGATGTTTCTAATGAGAAGAAATTATCA,58.18181818,000111111111000000011111011110,...(((((((((.......))))).)))).
ACCGATGTTTCTAATGGAGGAAAATTATCA,213.1610903,000111111111000000111110011110,...(((((((((......)))))..)))).
ACCGATGTTTCTAATGGGGGGAGATTATCA,217.1743923,000111111111000000011111011110,...(((((((((.......))))).)))).
ACCGATGTTTCTCATGAAAAAGAATTATCA,96.3192273,000111101111000000001111011110,...((((.((((........)))).)))).
ACCGATGTTTCTGATGGGAGGAAATTATCA,126.0186445,000111111111000000011111011110,...(((((((((.......))))).)))).
ACCGATGTTTTTAATGGGAAGAGATTATCA,52.18993129,000111101111000000001111011110,...((((.((((........)))).)))).
ACGGATGTTACTCATGGGAGGAGATTATCA,70.55192369,000111100011100001110000011110,...((((...(((....))).....)))).
ACTAAAACGACAAGAGGATGGTGCTGAATA,21.21382893,000000000000000000000000000000,..............................
ACTGCGGTAAGGATCAACGTAACTTTTTTA,15.03890505,001111000000000001111000000000,..((((...........)))).........
ACTTACCTAAAAGGTGAAGGAGGAGCATTA,33.92886217,001111110001111110000000000000,..((((((...)))))).............
AGAAAAAAATACTAAGAGGAGGAATAATGA,50.85050037,000000000000000000000000000000,..............................
AGAAAGAATGAAAGGCAGGGGACCAAATAA,60.0122746,000000000000011100001011000000,.............(((....).))......
AGAAATTTCATACATAGGAGTGCGATTGAA,27.96870368,000000011011100000011101100000,.......((.(((......))).)).....
AGACATACATACAAAAGGGAGGAATTATAA,33.22953392,000000000000000000000000000000,..............................
AGACTAGTAAAAAGAGGAGGTCAATTCTTA,18.08130398,000000000000011111000000111110,.............(((((......))))).
AGAGCATCTGTTGGAAGGAGTTGAAAACGA,86.08676972,001110111000000111011100000000,..(((.(((......))).)))........
AGCGATGTTTCTGATGGGAGGAAATTATCA,110.5493196,000111111111000000011111011110,...(((((((((.......))))).)))).
AGCTTTAAGTTAAAAGGAGAATGATAAAAA,32.40015205,001111000000111100000000000000,..((((......))))..............
AGGACAATCAAAAGAAAGGTGGAGTTTTTT,48.54721996,011110111000000001110001111000,.((((.(((........)))...))))...
AGGATAATTTATAAGGAGGTGCCCAGAGAA,69.0689339,000000000000001100000011000000,..............((......))......
AGGGATGTTTTTGATAAGGGGAAATTATCA,26.87296402,000111101111000000001111011110,...((((.((((........)))).)))).
AGGGATGTTTTTGATGGGGAAAGATTATCA,14.71471133,000111101111000000001111011110,...((((.((((........)))).)))).
AGTCATTCGGCAGATTAGGAGGATTTAGCA,26.24335278,000000000111111100000111110110,.........(((((((.....))))).)).
AGTGTTTTACATATAAAGGAGGAGAAACAA,207.2453656,001111110000000000000001111110,..((((((...............)))))).
AGTTTGTCAATTTAGGAGGAAATCTAACGA,39.05253168,001110110000000110111000000000,..(((.((.......)).))).........
ATAAAACGTAATGAAGGGAGGAAAAATTCA,17.75863177,000000000000000000000000000000,..............................
ATAGAAAGATTTTGTCAGGAGGGATAGCGA,19.98168317,000000000001111100000011111000,...........(((((......)))))...
ATATATAATGGTAAAAGGTGGTCTTTCTTA,37.47774538,000000000000000000000000000000,..............................
ATATGAACCCTATTTTAAGGAGGATTTTTA,15.48187372,000000001110000001110000000000,........(((......)))..........
ATATTCATACTATTGAGGAGGTTATTTCAT,19.44327436,000011100000011111110000111100,....(((......)))((((....))))..
ATCAAGAAAAAACAGAAAGCAGGGATAACA,55.60904958,000000000000000000000000000000,..............................
ATCTGTAAAAAGAAGGAGGGAAATTCAAAA,48.33058046,011100000011101110000001110000,.(((......))).(((......)))....
ATGTTTTGTGCAAGTGAGGAGGGAAACAAA,34.51062177,011111101010000000101011111100,.((((((.(.(.......).).))))))..
ATTATCAAAGATAATGAGAAGGTGCTCGTA,38.77593699,000000000000011111000000111110,.............(((((......))))).
ATTCTTTTTCCGAAGGGAGGTAACAAATAA,19.79860828,000000111110000111110000000000,......(((((....)))))..........
ATTGAAATTGTCCATTTTGTAGGAGGCGGA,54.05520063,000000000011101111000011110111,..........(((.((((....)))).)))
ATTGAAGCGAGAGAACGGAGGATTTCTAAA,53.96596789,000000000111110100001011111000,.........(((((.(....).)))))...
ATTGGTGTATTCGGAGGGAGGGAAAGAGAA,16.15927871,000000000000000000000000000000,..............................
ATTTTGAAGAAAAAGACGGGGTGATTGTAA,22.0271676,000000000000000000000000000000,..............................
CAAGAAGCGTAAGCGTTAGGGGGATTAATA,15.37597215,000000110000110000000000000000,......((....))................
CAATAATTACATAGCAGGAGGTTATTCAAG,38.21929882,000000000011111000001111100000,..........(((((.....))))).....
CACATCACGGACTTAAGGAGGTGTGTCTCG,41.52140719,111111010000000010011111100000,((((((.(........)..)))))).....
CAGAAGATCTTGGTGCAATTAAAGATGAAA,51.0415674,000000111110000000000111110000,......(((((..........)))))....
CAGCATTCCAATAAAGGAGGGGACATCACA,21.47894508,000101111000000111101000000000,...(.((((......)))).).........
CAGGATACGGATAGGAGAGGATCTCGCTGA,19.80786311,000000000001111111000111101110,...........(((((((...)))).))).
CAGGATGTTTGTGATGGGAAGGAATTATCA,9.3109867,000111111101000000010111011110,...(((((((.(.......).))).)))).
CAGTACATATATACTAAGGAGGAATTATCA,109.6048468,011110000001111000000000000000,.((((......))))...............
CATGATGTTTCTCATAGAAAAAAATTATCA,22.21125415,001111111111000111110000011111,..((((((((((...))))).....)))))
CCAGATGTTATTCATAGAAAAAAATTATCA,4.52365882,000000000000000000000000000000,..............................
CCAGATGTTTCTAATGAAGAAAAATTATCA,133.2593058,000111111111000001111100011110,...(((((((((.....)))))...)))).
CCAGATGTTTTTCATAGAGAAGAATTATCA,4.091653146,000111111111100000111111011110,...((((((((((.....)))))).)))).
CCCAAGAAAGGGAAGGAGGTAATTATATAA,19.04567625,111000000111000000000000000000,(((......)))..................
CCCGATGTTACTAATGGAGGGGGATTATCA,4.177458547,111001111000111100111000000000,(((..((((...))))..))).........
CCCGATGTTACTCATGGGGGAAAATTATCA,75.75757726,111011100000111011100000000000,(((.(((.....))).)))...........
CCCGATGTTACTCATGGGGGAGAATTATCA,4.177458547,111011100000111011100000000000,(((.(((.....))).)))...........
CCCGATGTTAGTTATAGGAGGGGATTATCA,9.916535766,111001110000011100011100000000,(((..(((.....)))...)))........
CCCGATGTTTCTAATGAGGGGGGATTATCA,9.161748786,000111101111000000001111011110,...((((.((((........)))).)))).
CCCGATGTTTCTCATAAAAAAGAATTATCA,4.875670596,000111101111000000001111011110,...((((.((((........)))).)))).
CCCGATGTTTCTCATAAGGAAGAATTATCA,4.114379984,000111101111000000001111011110,...((((.((((........)))).)))).
CCCGATGTTTCTCATAGAAAAGAATTATCA,100.2800632,000111101111000000001111011110,...((((.((((........)))).)))).
CCCGATGTTTCTCATAGGAAAAAATTATCA,18.97114194,011011100000111011000000000000,.((.(((.....))).))............
CCCGATGTTTCTCATAGGAAAGAATTATCA,34.36192041,000111101111000000001111011110,...((((.((((........)))).)))).
CCCGATGTTTCTCATGAAAAAGAATTATCA,79.1881282,000111101111000000001111011110,...((((.((((........)))).)))).
CCCGATGTTTCTCATGGGGGAAAATTATCA,5.647590292,111011100000111011100000000000,(((.(((.....))).)))...........
CCCGATGTTTCTTATGAGAAAGAATTATCA,125.5299634,000111101111100000011111011110,...((((.(((((......))))).)))).
CCCGATGTTTGTCATGAGGAAGAATTATCA,41.56369045,110011100000111001100000000000,((..(((.....)))..))...........
CCCGATGTTTGTGATGAGGAAAAATTATCA,4.594180892,000000000001111110000000111111,...........((((((.......))))))
CCCGATGTTTTTCATGGGGGAGAATTATCA,4.980906287,111011100000111011100000000000,(((.(((.....))).)))...........
CCGCTTAGTCCAAAAGGAGGTGCAAACAGA,17.21328439,001100001110000111000110000000,..((....(((....)))...)).......
CCGGATGTTATTAATGGAAGGGGATTATCA,14.57017931,111000000000001110000000000000,(((...........))).............
CCGGATGTTTCTAATAGAAGAAAATTATCA,4.997501117,000111111111000000111110011110,...(((((((((......)))))..)))).
CCGGATGTTTCTAATGGAGGAAAATTATCA,4.133597967,000111111111000000111110011110,...(((((((((......)))))..)))).
CCGGATGTTTGTAATGAGGGAAAATTATCA,260.6635219,000000000011111000000001111100,..........(((((........)))))..
CCGGATGTTTTTCATAAGGAGAAATTATCA,78.22222017,000111111111100000111111011110,...((((((((((.....)))))).)))).
CCGGATGTTTTTCATAGAAAAAAATTATCA,4.440497505,000111111111100011111100011110,...((((((((((...))))))...)))).
CCTGATGTTTTTGATGAAAAAAGATTATCA,63.23656166,001111011111000001111101111000,..((((.(((((.....))))).))))...
CCTGATGTTTTTGATGAAAAGAGATTATCA,7.748700667,001111011111000001111101111000,..((((.(((((.....))))).))))...
CGAGATGTTTGTAATGGAGGGGGATTATCA,86.81672119,000111101101000000001011011110,...((((.((.(........).)).)))).
CGCATAATTGATGAAGGGAGGATATTCAGA,97.55381359,000000000001111000000000111100,...........((((.........))))..
CGCGATGTTATTCATAAAGGAGAATTATCA,14.2337498,000111100111100000000111111110,...((((..((((........)))))))).
CGCGATGTTTGTTATAGAAAAGGATTATCA,4.656360418,000111101101100000011011011110,...((((.((.((......)).)).)))).
CGCGATGTTTTTTATGAGGGAGGATTATCA,74.83390193,000111101111100000011111011110,...((((.(((((......))))).)))).
CGCGATGTTTTTTATGGGGAGGGATTATCA,6.421061122,000111101111100000011111011110,...((((.(((((......))))).)))).
CGCTTAAAGTGAAGAAAGGAGTGACCTAGA,15.43061025,111100011110000011100000111000,((((...)))).....(((.....)))...
CGTGATGTAGGCGAAAAGGAGGGAAAATAA,15.23306638,111000000011100000000000000000,(((.......))).................
CGTGATGTTTTTGATAAAGGGAGATTATCA,381.742744,011111011111000001111101111100,.(((((.(((((.....))))).)))))..
CTAAATAAAAACATCTGGGGGAATATATTA,20.06258744,000000000000000000000000000000,..............................
CTAGATGTTTATAATGGGGGAAGATTATCA,5.08087029,000000000011111000000001111100,..........(((((........)))))..
CTATAATACTTGAGGGGAGGTGAATTGCTA,35.12798178,000000111110000001111100000000,......(((((......)))))........
CTCAAAACTGCTATAAGGAAGTGGAACAGA,35.48041009,000000011111110000001111001110,.......(((((((......))))..))).
CTCCGGAAACTGAAGGAGGTTGGAAACACA,20.87250523,111100000000001111000000000000,((((..........))))............
CTCCTTACACTTTGAGGGAGGTGAACACAA,58.81280001,111111000000001111110000000000,((((((........))))))..........
CTCGATGTTTATAATGGGGGGGAATTATCA,11.14036904,111011000000011011100000000000,(((.((.......)).)))...........
CTCGCAAAAACTAAGGGGGAAATGAAAAAA,21.63220166,111010000000001011100000000000,(((.(.........).)))...........
CTCTCACTTATTTAAAGGAGGAAACAATCA,16.18072641,011110111000001111111000000000,.((((.(((.....))))))).........
CTGGATGTTAATAATAGAGGGAGATTATCA,7.457121371,000000000000000000000000000000,..............................
CTGGATGTTTCTAATGAAAGAGAATTATCA,51.37631101,000111101111000000001111011110,...((((.((((........)))).)))).
CTGGATGTTTTTTATAAAAGAAAATTATCA,209.2407566,000111101111100000011111011110,...((((.(((((......))))).)))).
CTGGATGTTTTTTATAGAAGAAAATTATCA,203.430447,000111101111100000011111011110,...((((.(((((......))))).)))).
CTTAAAACATTTGAGGAGGTCTTGTAAACA,20.35255826,111111000111111000000000000000,((((((...))))))...............
CTTGATGTTTTTTATAGAAAGGAATTATCA,3.43259242,001111101111100000011111011111,..(((((.(((((......))))).)))))
CTTGATGTTTTTTATGAAAAGGAATTATCA,4.751948127,001111101111100000011111011111,..(((((.(((((......))))).)))))
CTTGTTTAAACATATAAGGAGGAATACAAA,17.98061738,111011110000001111011100000000,(((.((((......)))).)))........
GAAGATGTTTATAATGAGGGGAGATTATCA,657.1759742,110111011100000000011101110110,((.(((.(((.........))).))).)).
GAAGTTTAACATGAATGGAGGTGTTTGGTA,28.05567737,000000011111000000001111100000,.......(((((........))))).....
GAGGATGTTTCTCATAGGGGAGAATTATCA,172.4000988,000111101111100000011111011110,...((((.(((((......))))).)))).
GAGGATGTTTTTGATAGGGAGAAATTATCA,4.287429244,000111101111000000001111011110,...((((.((((........)))).)))).
GATGAGTATTTTGAGGGAGGCGTACAGAGA,21.52652303,000000000111110100001010111100,.........(((((.(....).).))))..
GATGGCATAATTGATAAGGGGTGTCCAACA,17.4242262,101111110000000000001110111010,(.((((((............))).))).).
GATTTTCAATAGACTGGGAGGCATTCATCA,31.16571499,100111110000001111100100000000,(..(((((......)))))..)........
GCAGATGTTAATCATGAAGAAGAATTATCA,137.674424,011111000011101100000000000000,.(((((....))).))..............
GCAGATGTTTTTCATGAGAAGAAATTATCA,287.8321954,000111111111100001111110011110,...((((((((((....))))))..)))).
GCCGATGTTATTGATAGGGGAGGATTATCA,332.1033227,000000000001111110000000111111,...........((((((.......))))))
GCCGATGTTTATTATAGAGAGGGATTATCA,22.27348752,011001011110001111010110000000,.((..(.((((...)))).).)).......
GCCGATGTTTATTATGAAAGAGGATTATCA,623.1786502,000111101101100000011011011110,...((((.((.((......)).)).)))).
GCCGATGTTTCTCATGGGGAAGAATTATCA,62.36678025,011011100000111011000000000000,.((.(((.....))).))............
GCCGATGTTTCTCATGGGGGGGAATTATCA,372.8758914,000111101111100000011111011110,...((((.(((((......))))).)))).
GCCTTAAGACGAATTAGGGGGAGTTCAAGT,18.96853261,011111100000011111100000000000,.((((((......))))))...........
GCGGATGTTACTCATGAGGGGGGATTATCA,260.4908464,000111100011100000011100011110,...((((...(((......)))...)))).
GCGGATGTTACTCATGGGAGGAGATTATCA,160.5070037,000111100011100001110000011110,...((((...(((....))).....)))).
GCGGATGTTTTTAATGGGAGGAAATTATCA,133.7029183,000111101111000000001111011110,...((((.((((........)))).)))).
GCTGAAGATTTCAGAAGGAAGTGAACCAAA,16.36901629,011111000111110000000000000000,.(((((...)))))................
GCTGATGTTTCTTATAGGGAGAGATTATCA,103.9782996,001111111111100000111111011111,..(((((((((((.....)))))).)))))
GCTGATGTTTGTGATGAAAAAAGATTATCA,6.323611009,000000000001111110000000111111,...........((((((.......))))))
GGAGATGTTAGTGATGAAAAGAGATTATCA,4.204860858,000000000001111110000000111111,...........((((((.......))))))
GGAGATGTTATTAATGGAGGGGGATTATCA,115.4216066,000000000000000000000000000000,..............................
GGAGATGTTTATCATGAAGGAGGATTATCA,682.2063148,000111101101100000011011011110,...((((.((.((......)).)).)))).
GGAGATGTTTATGATAGGGAAAAATTATCA,127.5510237,000000000001111110000000111111,...........((((((.......))))))
GGAGATGTTTATTATGAAGGAAGATTATCA,345.2507672,110111011100000000011101110110,((.(((.(((.........))).))).)).
GGAGATGTTTATTATGAAGGAGGATTATCA,1425.666009,000111101101100000011011011110,...((((.((.((......)).)).)))).
GGAGATGTTTCTTATAAAGAAGAATTATCA,8.587041572,000111101111100000011111011110,...((((.(((((......))))).)))).
GGAGATGTTTGTTATGAGGGAGAATTATCA,63.72589869,000111101101100000011011011110,...((((.((.((......)).)).)))).
GGATAAGGAACAATTAGGAGGGAAATTCAA,19.5521753,000000000000000011100000011100,................(((......)))..
GGCGATGTTAATTATAGGGGAAGATTATCA,28.99459287,000000000000000000000000000000,..............................
GGCGATGTTACTCATAAAGAAGGATTATCA,3.813882455,000111100011000000001100011110,...((((...((........))...)))).
GGCGATGTTAGTCATGGGGGAAAATTATCA,12.90114493,000111100001100000011000011110,...((((....((......))....)))).
GGCGATGTTATTGATAAAGGAGGATTATCA,1650.230159,000000000001111110000000111111,...........((((((.......))))))
GGCGATGTTTATGATAGAAGAAGATTATCA,16.44736844,000000000001111110000000111111,...........((((((.......))))))
GGCGATGTTTATGATGGAAGAAGATTATCA,9.519276215,110111011100000000011101110110,((.(((.(((.........))).))).)).
GGCGATGTTTATGATGGGGAGGGATTATCA,238.4615307,000000000001111110000000111111,...........((((((.......))))))
GGCGATGTTTCTCATGAGAGGGAATTATCA,3.991060186,000111101111100000011111011110,...((((.(((((......))))).)))).
GGCGATGTTTCTGATAGGAGGAAATTATCA,184.9271607,000111111111000000011111011110,...(((((((((.......))))).)))).
GGCGATGTTTCTGATGGGGAGAAATTATCA,10.88985672,000111111111000000011111011110,...(((((((((.......))))).)))).
GGCGATGTTTCTGATGGGGGGGGATTATCA,5.175287453,000111101111000000001111011110,...((((.((((........)))).)))).
GGCGATGTTTCTTATGAAAGGGAATTATCA,21.97444447,000111101111100000011111011110,...((((.(((((......))))).)))).
GGCGATGTTTTTCATAGAAAAAGATTATCA,5.473881923,110111011111100011111101110110,((.(((.((((((...)))))).))).)).
GGCGATGTTTTTCATGAGGGGAAATTATCA,6.457862392,000111101111100000011111011110,...((((.(((((......))))).)))).
GGCGATGTTTTTGATGGGGGAAAATTATCA,29.80752827,000111101111000000001111011110,...((((.((((........)))).)))).
GGCTGATGGCACAGGAGGTAATGAGGAATA,44.01265829,001110000001110000000000000000,..(((......)))................
GGGAGGCCTTGTGCAGGAGGAAGCAAATCA,34.90047826,000000111100000011110000000000,......((((......))))..........
GGGATTCAGGGCGGAAGGAGATGGATACAA,34.64391339,000111110001000001000111110000,...(((((...(.....)...)))))....
GGGCTGCATGAAATGGTGGGGGTGAAACCT,35.60084351,010110111000000111011010000000,.(.((.(((......))).)).).......
GGGGATGTTACTCATAGGGGGGAATTATCA,70.5088905,000111100011100000011100011110,...((((...(((......)))...)))).
GGGGATGTTACTCATGAAAAGGGATTATCA,28.06632243,000111101011100000001111011110,...((((.(.(((.......)))).)))).
GGGGATGTTACTCATGAGGAAGGATTATCA,25.81604637,111000000011100000000000000000,(((.......))).................
GGGGATGTTACTCATGGAAGAAAATTATCA,128.5590405,111000000011100000000000000000,(((.......))).................
GGGGATGTTACTGATGGAAGGGGATTATCA,133.1050063,000111100011000000001100011110,...((((...((........))...)))).
GGGGATGTTACTGATGGGGGGGGATTATCA,196.4118735,000111100011000000001100011110,...((((...((........))...)))).
GGGGATGTTACTTATAGGGGAGGATTATCA,132.1909361,000111100011100000011100011110,...((((...(((......)))...)))).
GGGGATGTTAGTAATAGAGAAGGATTATCA,4.383273642,000000000000000000000000000000,..............................
GGGGATGTTAGTGATGAGAAAGGATTATCA,44.04939689,000000000001111110000000111111,...........((((((.......))))))
GGGGATGTTAGTGATGGGAGGGGATTATCA,147.7938921,000000000001111110000000111111,...........((((((.......))))))
GGGGATGTTAGTTATAGAAGGGAATTATCA,10.4931792,000000000000000000000000000000,..............................
GGGGATGTTATTAATGGAGGGGGATTATCA,260.0745981,000000000000000000000000000000,..............................
GGGGATGTTATTCATGGAGAAGAATTATCA,29.48061953,000111100111100000000111111110,...((((..((((........)))))))).
GGGGATGTTATTTATAGGAAAGAATTATCA,87.27153182,000111100111100000000111111110,...((((..((((........)))))))).
GGGGATGTTATTTATAGGGGGGGATTATCA,192.2427876,000111100011100000011100011110,...((((...(((......)))...)))).
GGGGATGTTTATAATGGGGGAGGATTATCA,129.8076936,110111011100000000011101110110,((.(((.(((.........))).))).)).
GGGGATGTTTATCATGGAGGGGGATTATCA,245.6078388,000111101101100000011011011110,...((((.((.((......)).)).)))).
GGGGATGTTTCTCATAAGGAGAAATTATCA,7.704473113,000111111111100000111111011110,...((((((((((.....)))))).)))).
GGGGATGTTTCTCATAGAGGAGGATTATCA,16.37703541,000111101111100000011111011110,...((((.(((((......))))).)))).
GGGGATGTTTCTCATGGGGAGGGATTATCA,26.63230153,000111111111100000111111011110,...((((((((((.....)))))).)))).
GGGGATGTTTCTCATGGGGGGGGATTATCA,30.04369965,000111101111100000011111011110,...((((.(((((......))))).)))).
GGGGATGTTTCTGATGAAGAGAAATTATCA,3.687043608,000111111111000000011111011110,...(((((((((.......))))).)))).
GGGGATGTTTCTGATGAAGAGGGATTATCA,6.470921187,110111011111000001111101110110,((.(((.(((((.....))))).))).)).
GGGGATGTTTGTCATAGGGGGAGATTATCA,125.4428152,000111111101100000110111011110,...(((((((.((.....)).))).)))).
GGGGATGTTTGTGATAAGGGAAGATTATCA,11.16934464,000000000001111110000000111111,...........((((((.......))))))
GGGGATGTTTGTTATGGGGGAGGATTATCA,188.47657,000111101101100000011011011110,...((((.((.((......)).)).)))).
GGGGATGTTTGTTATGGGGGGGGATTATCA,224.4224305,000111101101100000011011011110,...((((.((.((......)).)).)))).
GGGGATGTTTTTAATGGAGGAGAATTATCA,119.2477002,000111101111000000001111011110,...((((.((((........)))).)))).
GGGGATGTTTTTCATGGGGGGGGATTATCA,164.9571712,000111101111100000011111011110,...((((.(((((......))))).)))).
GGGGATGTTTTTGATGAAGAGAGATTATCA,16.60302096,110111011111000001111101110110,((.(((.(((((.....))))).))).)).
GGGGATGTTTTTTATAAGGAGGGATTATCA,405.3641523,000111101111100000011111011110,...((((.(((((......))))).)))).
GGGGATGTTTTTTATGGGGGGAGATTATCA,68.7060394,000111101111100000011111011110,...((((.(((((......))))).)))).
GGTAGAAAATCAGGAGGAGGACTATACATA,17.24615796,011110000110000011000111100000,.((((....((.....))...)))).....
GGTGATGTTACTTATGGAGGAAAATTATCA,99.72801927,111111000011100011100001111110,((((((....(((...)))....)))))).
GGTGATGTTACTTATGGAGGAGAATTATCA,331.2302894,111111000011100011100001111110,((((((....(((...)))....)))))).
GGTGATGTTAGTCATAGAAGGGAATTATCA,16.67902163,011111000011111000000000000000,.(((((....)))))...............
GGTGATGTTATTCATAGAAAGGAATTATCA,27.96867629,111111000011100011100001111110,((((((....(((...)))....)))))).
GGTGATGTTATTTATGGAGGAAAATTATCA,93.1922274,111111000000000000000001111110,((((((.................)))))).
GGTGATGTTTTTGATGAGAAGAGATTATCA,5.734414739,111111011111000001111101111110,((((((.(((((.....))))).)))))).
GTAAACTTGTACCAAGGAGGATTTAGGAAA,54.35941341,000001111000111100000000000000,.....((((...))))..............
GTAGATGTTTTTTATAAAAAGAAATTATCA,9.138489485,000111101111100000011111011110,...((((.(((((......))))).)))).
GTAGTGCTGTAAAAAATGGAGGGATTCAAT,32.655176,000000000000000011110000111100,................((((....))))..
GTCGATGTTAGTGATGAGGGGGGATTATCA,342.2732909,000000000001111110000000111111,...........((((((.......))))))
GTCGGAAAAAATATTATAGGAGGTAACATA,18.01093449,000000000000000000000000000000,..............................
GTGGATGTTTCTTATGGAGGGGGATTATCA,4.386349685,000111101111100000011111011110,...((((.(((((......))))).)))).
GTGGATGTTTTTGATGGAAAGAGATTATCA,7.436172602,000111101111000000001111011110,...((((.((((........)))).)))).
GTGTGGTTACACACTAGGAGGCAACAAAAA,58.56448878,111110000111110000000000000000,(((((....)))))................
GTTAGATGTTTTTGATAAAAAGAATTATCA,4.16458441,000011111111100000011111011110,....(((((((((......))))).)))).
GTTGTGCTTACTGTGGGAGGAGGTAAGGAA,17.35478813,000010111111000000000111111010,....(.((((((.........)))))).).
GTTTAAAAGAAAGGAAGAGGTGACTTAGTA,23.83840071,000000000000000011100001110000,................(((....)))....
TAAAACTAGCCATAAAGGAGAAGAGAGACA,40.18423792,000000000110000011000000000000,.........((.....))............
TAACAACATATTCAGGGAGGAACAAAACAA,17.27074721,000000000000000000000000000000,..............................
TACGATGTTAGTGATGGAAGAGAATTATCA,5.044390425,000000000011111000000001111100,..........(((((........)))))..
TACGATGTTTATGATAAGAAAAAATTATCA,4.878048894,000000000001111110000000111111,...........((((((.......))))))
TACTGAAATGTAAAAATGGAGGTGGCATCA,53.60183162,111100011000000110001111000000,((((...((......))...))))......
TACTGATTTGAAGAAGGGAGAACACTTGAA,34.82236783,000000000000011100000000111000,.............(((........)))...
TAGTATTAAAAGGAAGGGAGGTCTATCTCA,17.05309355,000000000000000111100000011110,...............((((......)))).
TATCGTGTAGAAGGGAACGGTTGGAGCTAA,18.96085787,011111000000000011111000000000,.(((((..........))))).........
TATGAATTACATACTGGGAGGTTTTTATTG,25.44852255,000000000000000000000000000000,..............................
TATTTAATTTAACTTAGGAGTTGTTATGAA,27.28926526,001111000111110000111110001111,..((((...(((((....)))))...))))
TATTTGAATGGAAAGAAGGAATGGACAACA,29.82029192,000000000000000000000000000000,..............................
TATTTTGCCGAAAAGAGGGGGATTTACTAA,34.82382603,110011011000000001101100110000,((..((.((........)).))..))....
TCAGATGTTTATCATGGAAGGAAATTATCA,25.59590476,000111101101100000011011011110,...((((.((.((......)).)).)))).
TCAGATGTTTCTGATAAGGGAGGATTATCA,74.24374054,000111101111000000001111011110,...((((.((((........)))).)))).
TCAGATGTTTGTTATAAGGGAAAATTATCA,3.247544116,000111101100000000000011011110,...((((.((............)).)))).
TCAGATTTATTACATCAATAGGAAGGATGG,14.66063391,000000000000111100000000011110,............((((.........)))).
TCATACTTTATTTCCAGGAGGGACATAATA,60.56480432,000000011110111000001110111100,.......((((.(((.....))).))))..
TCATCATTTCACATTGGAGGAATTCAATAA,60.22706857,000000000000111111000011111100,............((((((....))))))..
TCCGATGTTAATCATAAGGAGGGATTATCA,32.60670861,111011100000111001110000000000,(((.(((.....)))..)))..........
TCCGATGTTACTAATAAGGGGGAATTATCA,5.149772289,111001111000111100111000000000,(((..((((...))))..))).........
TCCGATGTTTCTTATAGGGGGGGATTATCA,9.778298166,000111101111100000011111011110,...((((.(((((......))))).)))).
TCCGATGTTTGTAATGGAGAAGGATTATCA,20.75812271,000111101101000000001011011110,...((((.((.(........).)).)))).
TCCGATGTTTGTAATGGGAGAGAATTATCA,4.930156245,111011000000011011100000000000,(((.((.......)).)))...........
TCCGATGTTTGTGATGAGGGAGAATTATCA,3.708511173,000000000001111110000000111111,...........((((((.......))))))
TCCGATGTTTTTAATAAAAGGAAATTATCA,4.847701158,000111101111000000001111011110,...((((.((((........)))).)))).
TCCGATGTTTTTCATAGGAAGGAATTATCA,5.790388062,111011100000111011100000000000,(((.(((.....))).)))...........
TCGGATGTTACTGATAGGAGAGGATTATCA,18.35569332,000111100011000000001100011110,...((((...((........))...)))).
TCGGATGTTACTGATGAGAGAGGATTATCA,21.07481616,000111100011000000001100011110,...((((...((........))...)))).
TCGGATGTTTTTAATAAAAGAAGATTATCA,34.01629545,000111101111000000001111011110,...((((.((((........)))).)))).
TCGGATGTTTTTGATAGGGGGAAATTATCA,105.0352812,000111101111000000001111011110,...((((.((((........)))).)))).
TCTAATTATAATGATAGGGGGAAATAATGA,18.51135611,111001111000011110011100000000,(((..((((....))))..)))........
TCTGATGTTTCTTATAAGGAGAGATTATCA,8.632189878,001111111111100000111111011111,..(((((((((((.....)))))).)))))
TCTGATGTTTCTTATAGGGAGAGATTATCA,8.004268593,001111111111100000111111011111,..(((((((((((.....)))))).)))))
TCTGATGTTTGTTATGAGGAAAAATTATCA,7.034547756,111011100000111011100000000000,(((.(((.....))).)))...........
TCTGATGTTTTTTATGGAGAAAAATTATCA,19.70190226,001111101111100000011111011111,..(((((.(((((......))))).)))))
TCTGATTTTTTTTATGGGAAGGGATTATCA,3.636882843,001111111111100011111111111000,..(((((((((((...)))))))))))...
TGAAAATTATTATTAGGGGGTTTGCGAATA,34.52613047,000000000000000000000000000000,..............................
TGAAGCAACCGTTATGGAGGGATACATAAA,20.12375441,000000000001111100000000111110,...........(((((........))))).
TGAGGGACAACCAGAAGGAGTGAAGGGACA,20.76356374,000110000011000000000000000000,...((.....))..................
TGATCTGATCTGAAGGGGGATTTTGGAGAA,54.23758509,000111111110000001111100111000,...((((((((......)))))..)))...
TGCTACAGTACTAGGAGGAATTAAGCAATA,16.76754535,101110000001110100000000000000,(.(((......))).)..............
TGCTTAATCAAACTAGGAGGTCGAGAACTG,16.2136193,001110111000000000111011100000,..(((.(((.........))).))).....
TGGATGAATAGAGACGGAGGACAAGCAGAA,52.17491849,000000000000000000000000000000,..............................
TGGCGAAACCACTATCAAAAGGGGGAATTT,55.70450288,000000001101100000011110000000,........((.((......)))).......
TGGGATGTTACTGATAGGAGAGGATTATCA,5.075283436,000111100011000000001100011110,...((((...((........))...)))).
TGGGATGTTAGTGATAGGGGGGGATTATCA,225.759303,000000000001111110000000111111,...........((((((.......))))))
TGGGATGTTATTCATGGAGGGGGATTATCA,188.8970483,000111100011100000011100011110,...((((...(((......)))...)))).
TGTAGGTTTGGACCAAGGAGGTTATTCAAA,18.82267263,000000000011110000011110000000,..........((((.....)))).......
TGTGATTGGAATATAGGAGGACATTAAACA,53.78498734,000000000000000000000000000000,..............................
TTAAACGTTTGCAGAAGGGACGTTAGAATA,35.89080678,000111111100000001111111000000,...(((((((.......)))))))......
TTAAATGTTTGTTATAAAGAAAAATTATCA,30.62666827,000000000000000000000000000000,..............................
TTAATAAAGAGAGGACGGGGGAAATCCGAA,17.07167935,000000000000000111100000111100,...............((((.....))))..
TTACCTTTTAAGAGGAGGAATTTTACCAAA,17.51461191,000111111000111111000000000000,...((((((...))))))............
TTAGATGTTTATCATGAAAAAGGATTATCA,38.1060499,000111100011100000000011111110,...((((...(((.........))))))).
TTAGATGTTTGTTATAAAGAAAAATTATCA,2.767527819,000111101100000000000011011110,...((((.((............)).)))).
TTAGATGTTTTTAATGGAAAAGGATTATCA,48.53982687,000111101111000000001111011110,...((((.((((........)))).)))).
TTAGGATTAAATAACAGAGGTGAAAAGGCA,39.09000598,000000000000000000000000000000,..............................
TTATAAGCCTAAGGAGGAGCACTTTTTTTA,21.4887246,000000000011111100000111111000,..........((((((.....))))))...
TTATTACGATTTATTGAAAGGAGATACCCA,20.5074204,000000000000000000011000000110,...................((......)).
TTCCTAAACCATTTGAGGAGGAAAAATGAA,56.077147,111110001100000011111110000000,(((((...((......))))))).......
TTCGACGTTTTGAAGGAGGGTTTTAAGTAA,17.18763868,000111011110001111011100000000,...(((.((((...)))).)))........
TTCGATGTTTTTTATGGGAAAAAATTATCA,26.29137089,000111101111100000011111011110,...((((.(((((......))))).)))).
TTGGATGTTAATTATGAGAAAGGATTATCA,36.13511493,000111101001100000011001011110,...((((.(..((......))..).)))).
TTGGATGTTACTCATGGGGGGAGATTATCA,5.797101626,000111101011100000001111011110,...((((.(.(((.......)))).)))).
TTGGATGTTTTTGATGGAGGGGGATTATCA,8.048289553,000111101111000000001111011110,...((((.((((........)))).)))).
TTGTATCAGAAAAGAAGGAGGGATAAGTAG,27.78914714,000000000000000000000000000000,..............................
TTTAATAAAAGAAGGAGGGACACATGATTA,16.91685424,000000000000000000000000000000,..............................
TTTATACACAGAAGGAGTCGAAGTAAGCCA,18.03888317,000000000000000000000000000000,..............................
TTTCCTAATAAGGAAGGAGAAATTACCCAA,15.6933752,111111000000001111110000000000,((((((........))))))..........
TTTGATGTTACTCATAGGGGGAGATTATCA,7.952286252,001111101011100000001111011111,..(((((.(.(((.......)))).)))))
TTTGATGTTTATCATGGGGAGAAATTATCA,5.191658556,001111111101100000110111011111,..((((((((.((.....)).))).)))))
TTTGATGTTTATTATGAGAGAAGATTATCA,4.873294578,001111101101100000011011011111,..(((((.((.((......)).)).)))))
TTTGATGTTTTTTATAAAGGGAAATTATCA,5.774227642,001111101111100000011111011111,..(((((.(((((......))))).)))))
TTTGATGTTTTTTATGGGGGGGAATTATCA,321.419397,001111101111100000011111011111,..(((((.(((((......))))).)))))
TTTGGAATGATTAGGAGTGTTTGAAAACAA,22.25830851,111011111000000001111101110000,(((.(((((........))))).)))....
TTTTAATTTTAAAACGATGAGGTGTCGGAG,34.89606631,000000000000001111000001111000,..............((((.....))))...
TTTTCAATTGCATAGGAAGGTGAGACGGTA,52.60009344,011111011000000001101111100000,.(((((.((........)).))))).....
TTTTTATTCTCATAACGGAGGTAGACAGGA,48.24351603,001111101110000001111111100000,..(((((.(((......)))))))).....
TTTTTGTAACTTTTTGAGGAGGTTTTATTG,53.62866714,000000011111110001111111000000,.......(((((((...)))))))......
