AAAAAACCATTATATTAGGAGGAAATAACA,30.06591338,125.2746391
AAAAATGTTTATTATGGAGAAGGATTATCA,16.16945527,67.37273029
AAAAATGTTTTTCATGAAAAAAAATTATCA,9.064539272,37.76891363
AAAACGAAAAGCAATAAGGAGGAAATCCCA,36.46072362,151.9196818
AAAACGTGAAGAAATTGGTGGTGAATCAAA,37.48859857,156.202494
AAAAGTAATGAATACGGGGGAAATGGATCA,20.76459568,86.51914867
AAAATCATTCAATAAAAGGGGAGCTTACCA,16.01215239,66.71730163
AAAATGAAAAAGAAAGGAGGGAAATGACAA,18.27473048,76.14471033
AAACCTGCAGAAGGGAGTTGCCGTAGTAGA,27.86782766,116.1159486
AAACGCAAATTCTAAAAGAGGGTGGATTTA,34.38507313,143.271138
AAACTGCTTATAGTAAAGGAGAATTGGATA,89.51532783,372.9805326
AAATATCACATATACAGGAGGAGACAGATA,53.03660621,220.9858592
AAATTAAAATAAAGAAAGTAGGCATACAAT,16.6888414,69.53683917
AACATACGGCATTTAAGGAGAGATTTGGAA,18.1026974,75.42790583
AACATTATACCGTTATGGAGGGACAAGCAA,16.8190446,70.0793525
AACCTGAATAGATTTTTGGAGGGAAACACA,36.81868912,153.4112047
AACGATGTTTCTGATGAAGAGGGATTATCA,13.78080435,57.42001812
AACGGCAATGATGAAAGGAGCTATTTACAA,55.02952215,229.2896756
AAGGATGTTTTTTATGGGGGGGGATTATCA,18.63617123,77.65071346
AAGTAGGCGTATCTTAAGGAGGACTGGCAG,52.55456275,218.9773448
AAGTTACTGAAAAAGAGGGGATATACGATA,51.89776966,216.2407069
AATATTTGATCGGATAAGGAGGTGTCCTAA,16.52134004,68.83891683
AATCAGGCTACATAAGGAGGACATTCGACA,16.8242822,70.10117583
AATCTTAACTCTTTAAGGAGGTGGGAATAA,45.23518327,188.4799303
AATGAATGTGCAGGGAAAGGATGAAAAAAA,16.39952395,68.33134979
AATGACAGATCATTTAGGAGGGAAATTCAA,97.41994366,405.9164319
AATGATTATATATTTTTGGAGGTATAGATA,58.98625729,245.776072
AATGCCTTACTCAAGGAGGTGCGATCAGGA,35.66273276,148.5947198
AATTCAAACGCTTAAGGAGGAGAATGATAA,18.0944934,75.3937225
AATTTCGATTTAAAGGGAGGCTATGTGACT,50.33149901,209.7145792
ACAAATAGTCGGAAATTGAGGTGTCGAGAA,38.68052613,161.1688589
ACAAATGTTTTTCATGAGAAGAAATTATCA,25.3447634,105.6031808
ACAATGAAAAGCGAAGGACTCGGCGAGTAA,51.9096862,216.2903592
ACAGATGTTATTCATAGAGAAGAATTATCA,7.628486721,31.78536134
ACAGCTATTCCTCGAGGGAGGTGTCATAAA,55.17899323,229.9124718
ACATAGTCATATAACAAGGAGGAGATACCA,31.63191844,131.7996602
ACCGATGTTTCTAATGAGAAGAAATTATCA,58.18181818,242.4242424
ACCGATGTTTCTAATGGAGGAAAATTATCA,213.1610903,888.1712097
ACCGATGTTTCTAATGGGGGGAGATTATCA,217.1743923,904.8933012
ACCGATGTTTCTCATGAAAAAGAATTATCA,96.3192273,401.3301137
ACCGATGTTTCTGATGGGAGGAAATTATCA,126.0186445,525.0776853
ACCGATGTTTTTAATGGGAAGAGATTATCA,52.18993129,217.458047
ACGGATGTTACTCATGGGAGGAGATTATCA,70.55192369,293.9663487
ACTAAAACGACAAGAGGATGGTGCTGAATA,21.21382893,88.39095388
ACTGCGGTAAGGATCAACGTAACTTTTTTA,15.03890505,62.66210438
ACTTACCTAAAAGGTGAAGGAGGAGCATTA,33.92886217,141.370259
AGAAAAAAATACTAAGAGGAGGAATAATGA,50.85050037,211.8770849
AGAAAGAATGAAAGGCAGGGGACCAAATAA,60.0122746,250.0511442
AGAAATTTCATACATAGGAGTGCGATTGAA,27.96870368,116.5362653
AGACATACATACAAAAGGGAGGAATTATAA,33.22953392,138.4563913
AGACTAGTAAAAAGAGGAGGTCAATTCTTA,18.08130398,75.33876658
AGAGCATCTGTTGGAAGGAGTTGAAAACGA,86.08676972,358.6948738
AGCGATGTTTCTGATGGGAGGAAATTATCA,110.5493196,460.6221648
AGCTTTAAGTTAAAAGGAGAATGATAAAAA,32.40015205,135.0006335
AGGACAATCAAAAGAAAGGTGGAGTTTTTT,48.54721996,202.2800832
AGGATAATTTATAAGGAGGTGCCCAGAGAA,69.0689339,287.7872246
AGGGATGTTTTTGATAAGGGGAAATTATCA,26.87296402,111.9706834
AGGGATGTTTTTGATGGGGAAAGATTATCA,14.71471133,61.31129721
AGTCATTCGGCAGATTAGGAGGATTTAGCA,26.24335278,109.3473033
AGTGTTTTACATATAAAGGAGGAGAAACAA,207.2453656,863.5223567
AGTTTGTCAATTTAGGAGGAAATCTAACGA,39.05253168,162.718882
ATAAAACGTAATGAAGGGAGGAAAAATTCA,17.75863177,73.99429904
ATAGAAAGATTTTGTCAGGAGGGATAGCGA,19.98168317,83.25701321
ATATATAATGGTAAAAGGTGGTCTTTCTTA,37.47774538,156.1572724
ATATGAACCCTATTTTAAGGAGGATTTTTA,15.48187372,64.50780717
ATATTCATACTATTGAGGAGGTTATTTCAT,19.44327436,81.01364317
ATCAAGAAAAAACAGAAAGCAGGGATAACA,55.60904958,231.7043733
ATCTGTAAAAAGAAGGAGGGAAATTCAAAA,48.33058046,201.3774186
ATGTTTTGTGCAAGTGAGGAGGGAAACAAA,34.51062177,143.7942574
ATTATCAAAGATAATGAGAAGGTGCTCGTA,38.77593699,161.5664041
ATTCTTTTTCCGAAGGGAGGTAACAAATAA,19.79860828,82.49420117
ATTGAAATTGTCCATTTTGTAGGAGGCGGA,54.05520063,225.2300026
ATTGAAGCGAGAGAACGGAGGATTTCTAAA,53.96596789,224.8581995
ATTGGTGTATTCGGAGGGAGGGAAAGAGAA,16.15927871,67.33032796
ATTTTGAAGAAAAAGACGGGGTGATTGTAA,22.0271676,91.779865
CAAGAAGCGTAAGCGTTAGGGGGATTAATA,15.37597215,64.06655063
CAATAATTACATAGCAGGAGGTTATTCAAG,38.21929882,159.2470784
CACATCACGGACTTAAGGAGGTGTGTCTCG,41.52140719,173.0058633
CAGAAGATCTTGGTGCAATTAAAGATGAAA,51.0415674,212.6731975
CAGCATTCCAATAAAGGAGGGGACATCACA,21.47894508,89.4956045
CAGGATACGGATAGGAGAGGATCTCGCTGA,19.80786311,82.53276296
CAGGATGTTTGTGATGGGAAGGAATTATCA,9.3109867,38.79577792
CAGTACATATATACTAAGGAGGAATTATCA,109.6048468,456.6868617
CATGATGTTTCTCATAGAAAAAAATTATCA,22.21125415,92.54689229
CCAGATGTTATTCATAGAAAAAAATTATCA,4.52365882,18.84857842
CCAGATGTTTCTAATGAAGAAAAATTATCA,133.2593058,555.2471075
CCAGATGTTTTTCATAGAGAAGAATTATCA,4.091653146,17.04855477
CCCAAGAAAGGGAAGGAGGTAATTATATAA,19.04567625,79.35698438
CCCGATGTTACTAATGGAGGGGGATTATCA,4.177458547,17.40607728
CCCGATGTTACTCATGGGGGAAAATTATCA,75.75757726,315.6565719
CCCGATGTTACTCATGGGGGAGAATTATCA,4.177458547,17.40607728
CCCGATGTTAGTTATAGGAGGGGATTATCA,9.916535766,41.31889902
CCCGATGTTTCTAATGAGGGGGGATTATCA,9.161748786,38.17395328
CCCGATGTTTCTCATAAAAAAGAATTATCA,4.875670596,20.31529415
CCCGATGTTTCTCATAAGGAAGAATTATCA,4.114379984,17.14324993
CCCGATGTTTCTCATAGAAAAGAATTATCA,100.2800632,417.8335967
CCCGATGTTTCTCATAGGAAAAAATTATCA,18.97114194,79.04642474
CCCGATGTTTCTCATAGGAAAGAATTATCA,34.36192041,143.1746684
CCCGATGTTTCTCATGAAAAAGAATTATCA,79.1881282,329.9505342
CCCGATGTTTCTCATGGGGGAAAATTATCA,5.647590292,23.53162622
CCCGATGTTTCTTATGAGAAAGAATTATCA,125.5299634,523.0415142
CCCGATGTTTGTCATGAGGAAGAATTATCA,41.56369045,173.1820435
CCCGATGTTTGTGATGAGGAAAAATTATCA,4.594180892,19.14242038
CCCGATGTTTTTCATGGGGGAGAATTATCA,4.980906287,20.7537762
CCGCTTAGTCCAAAAGGAGGTGCAAACAGA,17.21328439,71.72201829
CCGGATGTTATTAATGGAAGGGGATTATCA,14.57017931,60.70908046
CCGGATGTTTCTAATAGAAGAAAATTATCA,4.997501117,20.82292132
CCGGATGTTTCTAATGGAGGAAAATTATCA,4.133597967,17.22332486
CCGGATGTTTGTAATGAGGGAAAATTATCA,260.6635219,1086.098008
CCGGATGTTTTTCATAAGGAGAAATTATCA,78.22222017,325.9259174
CCGGATGTTTTTCATAGAAAAAAATTATCA,4.440497505,18.50207294
CCTGATGTTTTTGATGAAAAAAGATTATCA,63.23656166,263.4856736
CCTGATGTTTTTGATGAAAAGAGATTATCA,7.748700667,32.28625278
CGAGATGTTTGTAATGGAGGGGGATTATCA,86.81672119,361.7363383
CGCATAATTGATGAAGGGAGGATATTCAGA,97.55381359,406.4742233
CGCGATGTTATTCATAAAGGAGAATTATCA,14.2337498,59.30729083
CGCGATGTTTGTTATAGAAAAGGATTATCA,4.656360418,19.40150174
CGCGATGTTTTTTATGAGGGAGGATTATCA,74.83390193,311.8079247
CGCGATGTTTTTTATGGGGAGGGATTATCA,6.421061122,26.75442134
CGCTTAAAGTGAAGAAAGGAGTGACCTAGA,15.43061025,64.29420938
CGTGATGTAGGCGAAAAGGAGGGAAAATAA,15.23306638,63.47110992
CGTGATGTTTTTGATAAAGGGAGATTATCA,381.742744,1590.594767
CTAAATAAAAACATCTGGGGGAATATATTA,20.06258744,83.59411433
CTAGATGTTTATAATGGGGGAAGATTATCA,5.08087029,21.17029288
CTATAATACTTGAGGGGAGGTGAATTGCTA,35.12798178,146.3665908
CTCAAAACTGCTATAAGGAAGTGGAACAGA,35.48041009,147.835042
CTCCGGAAACTGAAGGAGGTTGGAAACACA,20.87250523,86.96877179
CTCCTTACACTTTGAGGGAGGTGAACACAA,58.81280001,245.0533334
CTCGATGTTTATAATGGGGGGGAATTATCA,11.14036904,46.41820433
CTCGCAAAAACTAAGGGGGAAATGAAAAAA,21.63220166,90.13417358
CTCTCACTTATTTAAAGGAGGAAACAATCA,16.18072641,67.41969338
CTGGATGTTAATAATAGAGGGAGATTATCA,7.457121371,31.07133904
CTGGATGTTTCTAATGAAAGAGAATTATCA,51.37631101,214.0679625
CTGGATGTTTTTTATAAAAGAAAATTATCA,209.2407566,871.8364858
CTGGATGTTTTTTATAGAAGAAAATTATCA,203.430447,847.6268625
CTTAAAACATTTGAGGAGGTCTTGTAAACA,20.35255826,84.80232608
CTTGATGTTTTTTATAGAAAGGAATTATCA,3.43259242,14.30246842
CTTGATGTTTTTTATGAAAAGGAATTATCA,4.751948127,19.79978386
CTTGTTTAAACATATAAGGAGGAATACAAA,17.98061738,74.91923908
GAAGATGTTTATAATGAGGGGAGATTATCA,657.1759742,2738.233226
GAAGTTTAACATGAATGGAGGTGTTTGGTA,28.05567737,116.8986557
GAGGATGTTTCTCATAGGGGAGAATTATCA,172.4000988,718.333745
GAGGATGTTTTTGATAGGGAGAAATTATCA,4.287429244,17.86428852
GATGAGTATTTTGAGGGAGGCGTACAGAGA,21.52652303,89.69384596
GATGGCATAATTGATAAGGGGTGTCCAACA,17.4242262,72.6009425
GATTTTCAATAGACTGGGAGGCATTCATCA,31.16571499,129.8571458
GCAGATGTTAATCATGAAGAAGAATTATCA,137.674424,573.6434333
GCAGATGTTTTTCATGAGAAGAAATTATCA,287.8321954,1199.300814
GCCGATGTTATTGATAGGGGAGGATTATCA,332.1033227,1383.763845
GCCGATGTTTATTATAGAGAGGGATTATCA,22.27348752,92.806198
GCCGATGTTTATTATGAAAGAGGATTATCA,623.1786502,2596.577709
GCCGATGTTTCTCATGGGGAAGAATTATCA,62.36678025,259.8615844
GCCGATGTTTCTCATGGGGGGGAATTATCA,372.8758914,1553.649548
GCCTTAAGACGAATTAGGGGGAGTTCAAGT,18.96853261,79.03555254
GCGGATGTTACTCATGAGGGGGGATTATCA,260.4908464,1085.378527
GCGGATGTTACTCATGGGAGGAGATTATCA,160.5070037,668.7791822
GCGGATGTTTTTAATGGGAGGAAATTATCA,133.7029183,557.0954928
GCTGAAGATTTCAGAAGGAAGTGAACCAAA,16.36901629,68.20423454
GCTGATGTTTCTTATAGGGAGAGATTATCA,103.9782996,433.242915
GCTGATGTTTGTGATGAAAAAAGATTATCA,6.323611009,26.3483792
GGAGATGTTAGTGATGAAAAGAGATTATCA,4.204860858,17.52025358
GGAGATGTTATTAATGGAGGGGGATTATCA,115.4216066,480.923361
GGAGATGTTTATCATGAAGGAGGATTATCA,682.2063148,2842.526312
GGAGATGTTTATGATAGGGAAAAATTATCA,127.5510237,531.4625989
GGAGATGTTTATTATGAAGGAAGATTATCA,345.2507672,1438.544863
GGAGATGTTTATTATGAAGGAGGATTATCA,1425.666009,5940.275038
GGAGATGTTTCTTATAAAGAAGAATTATCA,8.587041572,35.77933988
GGAGATGTTTGTTATGAGGGAGAATTATCA,63.72589869,265.5245779
GGATAAGGAACAATTAGGAGGGAAATTCAA,19.5521753,81.46739708
GGCGATGTTAATTATAGGGGAAGATTATCA,28.99459287,120.8108036
GGCGATGTTACTCATAAAGAAGGATTATCA,3.813882455,15.8911769
GGCGATGTTAGTCATGGGGGAAAATTATCA,12.90114493,53.75477054
GGCGATGTTATTGATAAAGGAGGATTATCA,1650.230159,6875.958997
GGCGATGTTTATGATAGAAGAAGATTATCA,16.44736844,68.53070185
GGCGATGTTTATGATGGAAGAAGATTATCA,9.519276215,39.6636509
GGCGATGTTTATGATGGGGAGGGATTATCA,238.4615307,993.5897112
GGCGATGTTTCTCATGAGAGGGAATTATCA,3.991060186,16.62941744
GGCGATGTTTCTGATAGGAGGAAATTATCA,184.9271607,770.5298364
GGCGATGTTTCTGATGGGGAGAAATTATCA,10.88985672,45.374403
GGCGATGTTTCTGATGGGGGGGGATTATCA,5.175287453,21.56369772
GGCGATGTTTCTTATGAAAGGGAATTATCA,21.97444447,91.56018529
GGCGATGTTTTTCATAGAAAAAGATTATCA,5.473881923,22.80784134
GGCGATGTTTTTCATGAGGGGAAATTATCA,6.457862392,26.90775997
GGCGATGTTTTTGATGGGGGAAAATTATCA,29.80752827,124.1980345
GGCTGATGGCACAGGAGGTAATGAGGAATA,44.01265829,183.3860762
GGGAGGCCTTGTGCAGGAGGAAGCAAATCA,34.90047826,145.4186594
GGGATTCAGGGCGGAAGGAGATGGATACAA,34.64391339,144.3496391
GGGCTGCATGAAATGGTGGGGGTGAAACCT,35.60084351,148.336848
GGGGATGTTACTCATAGGGGGGAATTATCA,70.5088905,293.7870437
GGGGATGTTACTCATGAAAAGGGATTATCA,28.06632243,116.9430101
GGGGATGTTACTCATGAGGAAGGATTATCA,25.81604637,107.5668599
GGGGATGTTACTCATGGAAGAAAATTATCA,128.5590405,535.6626686
GGGGATGTTACTGATGGAAGGGGATTATCA,133.1050063,554.6041928
GGGGATGTTACTGATGGGGGGGGATTATCA,196.4118735,818.3828062
GGGGATGTTACTTATAGGGGAGGATTATCA,132.1909361,550.7955671
GGGGATGTTAGTAATAGAGAAGGATTATCA,4.383273642,18.26364018
GGGGATGTTAGTGATGAGAAAGGATTATCA,44.04939689,183.5391537
GGGGATGTTAGTGATGGGAGGGGATTATCA,147.7938921,615.8078838
GGGGATGTTAGTTATAGAAGGGAATTATCA,10.4931792,43.72158
GGGGATGTTATTAATGGAGGGGGATTATCA,260.0745981,1083.644159
GGGGATGTTATTCATGGAGAAGAATTATCA,29.48061953,122.8359147
GGGGATGTTATTTATAGGAAAGAATTATCA,87.27153182,363.6313826
GGGGATGTTATTTATAGGGGGGGATTATCA,192.2427876,801.011615
GGGGATGTTTATAATGGGGGAGGATTATCA,129.8076936,540.86539
GGGGATGTTTATCATGGAGGGGGATTATCA,245.6078388,1023.365995
GGGGATGTTTCTCATAAGGAGAAATTATCA,7.704473113,32.1019713
GGGGATGTTTCTCATAGAGGAGGATTATCA,16.37703541,68.23764754
GGGGATGTTTCTCATGGGGAGGGATTATCA,26.63230153,110.967923
GGGGATGTTTCTCATGGGGGGGGATTATCA,30.04369965,125.1820819
GGGGATGTTTCTGATGAAGAGAAATTATCA,3.687043608,15.3626817
GGGGATGTTTCTGATGAAGAGGGATTATCA,6.470921187,26.96217161
GGGGATGTTTGTCATAGGGGGAGATTATCA,125.4428152,522.6783967
GGGGATGTTTGTGATAAGGGAAGATTATCA,11.16934464,46.538936
GGGGATGTTTGTTATGGGGGAGGATTATCA,188.47657,785.3190417
GGGGATGTTTGTTATGGGGGGGGATTATCA,224.4224305,935.0934604
GGGGATGTTTTTAATGGAGGAGAATTATCA,119.2477002,496.8654174
GGGGATGTTTTTCATGGGGGGGGATTATCA,164.9571712,687.3215467
GGGGATGTTTTTGATGAAGAGAGATTATCA,16.60302096,69.179254
GGGGATGTTTTTTATAAGGAGGGATTATCA,405.3641523,1689.017301
GGGGATGTTTTTTATGGGGGGAGATTATCA,68.7060394,286.2751642
GGTAGAAAATCAGGAGGAGGACTATACATA,17.24615796,71.8589915
GGTGATGTTACTTATGGAGGAAAATTATCA,99.72801927,415.5334136
GGTGATGTTACTTATGGAGGAGAATTATCA,331.2302894,1380.126206
GGTGATGTTAGTCATAGAAGGGAATTATCA,16.67902163,69.49592347
GGTGATGTTATTCATAGAAAGGAATTATCA,27.96867629,116.5361512
GGTGATGTTATTTATGGAGGAAAATTATCA,93.1922274,388.3009475
GGTGATGTTTTTGATGAGAAGAGATTATCA,5.734414739,23.89339475
GTAAACTTGTACCAAGGAGGATTTAGGAAA,54.35941341,226.4975559
GTAGATGTTTTTTATAAAAAGAAATTATCA,9.138489485,38.07703952
GTAGTGCTGTAAAAAATGGAGGGATTCAAT,32.655176,136.0632333
GTCGATGTTAGTGATGAGGGGGGATTATCA,342.2732909,1426.138712
GTCGGAAAAAATATTATAGGAGGTAACATA,18.01093449,75.04556038
GTGGATGTTTCTTATGGAGGGGGATTATCA,4.386349685,18.27645702
GTGGATGTTTTTGATGGAAAGAGATTATCA,7.436172602,30.98405251
GTGTGGTTACACACTAGGAGGCAACAAAAA,58.56448878,244.0187033
GTTAGATGTTTTTGATAAAAAGAATTATCA,4.16458441,17.35243504
GTTGTGCTTACTGTGGGAGGAGGTAAGGAA,17.35478813,72.31161721
GTTTAAAAGAAAGGAAGAGGTGACTTAGTA,23.83840071,99.32666963
TAAAACTAGCCATAAAGGAGAAGAGAGACA,40.18423792,167.4343247
TAACAACATATTCAGGGAGGAACAAAACAA,17.27074721,71.96144671
TACGATGTTAGTGATGGAAGAGAATTATCA,5.044390425,21.01829344
TACGATGTTTATGATAAGAAAAAATTATCA,4.878048894,20.32520372
TACTGAAATGTAAAAATGGAGGTGGCATCA,53.60183162,223.3409651
TACTGATTTGAAGAAGGGAGAACACTTGAA,34.82236783,145.0931993
TAGTATTAAAAGGAAGGGAGGTCTATCTCA,17.05309355,71.05455646
TATCGTGTAGAAGGGAACGGTTGGAGCTAA,18.96085787,79.00357446
TATGAATTACATACTGGGAGGTTTTTATTG,25.44852255,106.0355106
TATTTAATTTAACTTAGGAGTTGTTATGAA,27.28926526,113.7052719
TATTTGAATGGAAAGAAGGAATGGACAACA,29.82029192,124.2512163
TATTTTGCCGAAAAGAGGGGGATTTACTAA,34.82382603,145.0992751
TCAGATGTTTATCATGGAAGGAAATTATCA,25.59590476,106.6496032
TCAGATGTTTCTGATAAGGGAGGATTATCA,74.24374054,309.3489189
TCAGATGTTTGTTATAAGGGAAAATTATCA,3.247544116,13.53143382
TCAGATTTATTACATCAATAGGAAGGATGG,14.66063391,61.08597463
TCATACTTTATTTCCAGGAGGGACATAATA,60.56480432,252.3533513
TCATCATTTCACATTGGAGGAATTCAATAA,60.22706857,250.946119
TCCGATGTTAATCATAAGGAGGGATTATCA,32.60670861,135.8612859
TCCGATGTTACTAATAAGGGGGAATTATCA,5.149772289,21.45738454
TCCGATGTTTCTTATAGGGGGGGATTATCA,9.778298166,40.74290903
TCCGATGTTTGTAATGGAGAAGGATTATCA,20.75812271,86.49217796
TCCGATGTTTGTAATGGGAGAGAATTATCA,4.930156245,20.54231769
TCCGATGTTTGTGATGAGGGAGAATTATCA,3.708511173,15.45212989
TCCGATGTTTTTAATAAAAGGAAATTATCA,4.847701158,20.19875483
TCCGATGTTTTTCATAGGAAGGAATTATCA,5.790388062,24.12661693
TCGGATGTTACTGATAGGAGAGGATTATCA,18.35569332,76.4820555
TCGGATGTTACTGATGAGAGAGGATTATCA,21.07481616,87.811734
TCGGATGTTTTTAATAAAAGAAGATTATCA,34.01629545,141.7345644
TCGGATGTTTTTGATAGGGGGAAATTATCA,105.0352812,437.647005
TCTAATTATAATGATAGGGGGAAATAATGA,18.51135611,77.13065046
TCTGATGTTTCTTATAAGGAGAGATTATCA,8.632189878,35.96745783
TCTGATGTTTCTTATAGGGAGAGATTATCA,8.004268593,33.35111914
TCTGATGTTTGTTATGAGGAAAAATTATCA,7.034547756,29.31061565
TCTGATGTTTTTTATGGAGAAAAATTATCA,19.70190226,82.09125943
TCTGATTTTTTTTATGGGAAGGGATTATCA,3.636882843,15.15367851
TGAAAATTATTATTAGGGGGTTTGCGAATA,34.52613047,143.858877
TGAAGCAACCGTTATGGAGGGATACATAAA,20.12375441,83.84897671
TGAGGGACAACCAGAAGGAGTGAAGGGACA,20.76356374,86.51484892
TGATCTGATCTGAAGGGGGATTTTGGAGAA,54.23758509,225.9899379
TGCTACAGTACTAGGAGGAATTAAGCAATA,16.76754535,69.86477229
TGCTTAATCAAACTAGGAGGTCGAGAACTG,16.2136193,67.55674708
TGGATGAATAGAGACGGAGGACAAGCAGAA,52.17491849,217.3954937
TGGCGAAACCACTATCAAAAGGGGGAATTT,55.70450288,232.1020953
TGGGATGTTACTGATAGGAGAGGATTATCA,5.075283436,21.14701432
TGGGATGTTAGTGATAGGGGGGGATTATCA,225.759303,940.6637624
TGGGATGTTATTCATGGAGGGGGATTATCA,188.8970483,787.0710348
TGTAGGTTTGGACCAAGGAGGTTATTCAAA,18.82267263,78.42780263
TGTGATTGGAATATAGGAGGACATTAAACA,53.78498734,224.1041139
TTAAACGTTTGCAGAAGGGACGTTAGAATA,35.89080678,149.5450283
TTAAATGTTTGTTATAAAGAAAAATTATCA,30.62666827,127.6111178
TTAATAAAGAGAGGACGGGGGAAATCCGAA,17.07167935,71.13199729
TTACCTTTTAAGAGGAGGAATTTTACCAAA,17.51461191,72.97754963
TTAGATGTTTATCATGAAAAAGGATTATCA,38.1060499,158.7752079
TTAGATGTTTGTTATAAAGAAAAATTATCA,2.767527819,11.53136591
TTAGATGTTTTTAATGGAAAAGGATTATCA,48.53982687,202.2492786
TTAGGATTAAATAACAGAGGTGAAAAGGCA,39.09000598,162.8750249
TTATAAGCCTAAGGAGGAGCACTTTTTTTA,21.4887246,89.5363525
TTATTACGATTTATTGAAAGGAGATACCCA,20.5074204,85.447585
TTCCTAAACCATTTGAGGAGGAAAAATGAA,56.077147,233.6547792
TTCGACGTTTTGAAGGAGGGTTTTAAGTAA,17.18763868,71.61516117
TTCGATGTTTTTTATGGGAAAAAATTATCA,26.29137089,109.5473787
TTGGATGTTAATTATGAGAAAGGATTATCA,36.13511493,150.5629789
TTGGATGTTACTCATGGGGGGAGATTATCA,5.797101626,24.15459011
TTGGATGTTTTTGATGGAGGGGGATTATCA,8.048289553,33.5345398
TTGTATCAGAAAAGAAGGAGGGATAAGTAG,27.78914714,115.7881131
TTTAATAAAAGAAGGAGGGACACATGATTA,16.91685424,70.48689267
TTTATACACAGAAGGAGTCGAAGTAAGCCA,18.03888317,75.16201321
TTTCCTAATAAGGAAGGAGAAATTACCCAA,15.6933752,65.38906333
TTTGATGTTACTCATAGGGGGAGATTATCA,7.952286252,33.13452605
TTTGATGTTTATCATGGGGAGAAATTATCA,5.191658556,21.63191065
TTTGATGTTTATTATGAGAGAAGATTATCA,4.873294578,20.30539407
TTTGATGTTTTTTATAAAGGGAAATTATCA,5.774227642,24.05928184
TTTGATGTTTTTTATGGGGGGGAATTATCA,321.419397,1339.247488
TTTGGAATGATTAGGAGTGTTTGAAAACAA,22.25830851,92.74295213
TTTTAATTTTAAAACGATGAGGTGTCGGAG,34.89606631,145.4002763
TTTTCAATTGCATAGGAAGGTGAGACGGTA,52.60009344,219.167056
TTTTTATTCTCATAACGGAGGTAGACAGGA,48.24351603,201.0146501
TTTTTGTAACTTTTTGAGGAGGTTTTATTG,53.62866714,223.4527798
