GGAGATGTTTATTATGAAGGAGGATTATCA,1425.666009,5940.275038
TAGGATGTTTTTTATGGGGGGAGATTATCA,1063.829689,4432.623703
GGAGATGTTTATCATGAAGGAGGATTATCA,682.2063148,2842.526312
CAAGATGTTTGTGATAGGAGGGAATTATCA,666.6667616,2777.778173
GAAGATGTTTATAATGAGGGGAGATTATCA,657.1759742,2738.233226
GCCGATGTTTATTATGAAAGAGGATTATCA,623.1786502,2596.577709
AGTGATGTTTATGATGGGGAGGAATTATCA,594.0594817,2475.24784
CACGATGTTTGTAATGGAGGAAGATTATCA,555.5556347,2314.815144
GGGGATGTTTTTTATAAGGAGGGATTATCA,405.3641523,1689.017301
CGTGATGTTTTTGATAAAGGGAGATTATCA,381.742744,1590.594767
GGAGATGTTTATTATGAAGGAAGATTATCA,345.2507672,1438.544863
GTCGATGTTAGTGATGAGGGGGGATTATCA,342.2732909,1426.138712
GCCGATGTTAATGATGAGGGGGAATTATCA,308.6092647,1285.871936
GCGGATGTTACTCATGAGGGGGGATTATCA,260.4908464,1085.378527
GGGGATGTTTATCATGGAGGGGGATTATCA,245.6078388,1023.365995
GGGGATGTTTGTTATGGGGGGGGATTATCA,224.4224305,935.0934606
CTGGATGTTTTTTATAAAAGAAAATTATCA,209.2407566,871.8364857
AGTGTTTTACATATAAAGGAGGAGAAACAA,207.2453656,863.5223566
CTGGATGTTTTTTATAGAAGAAAATTATCA,203.430447,847.6268625
GGGGATGTTATTTATAGGGGGGGATTATCA,192.2427876,801.011615
GGGGATGTTTGTTATGGGGGAGGATTATCA,188.47657,785.3190419
GAGGATGTTTCTCATAGGGGAGAATTATCA,172.4000988,718.3337448
GGGGATGTTTTTCATGGGGGGGGATTATCA,164.9571712,687.3215467
GGGGATGTTAGTGATGGGAGGGGATTATCA,147.7938921,615.8078837
GCAGATGTTAATCATGAAGAAGAATTATCA,137.674424,573.6434332
CCAGATGTTTCTAATGAAGAAAAATTATCA,133.2593058,555.2471073
GGAGATGTTAATAATGAGGAGAAATTATCA,130.5483055,543.9512728
GGGGATGTTTATAATGGGGGAGGATTATCA,129.8076936,540.86539
CCCGATGTTTCTTATGAGAAAGAATTATCA,125.5299634,523.0415142
GGGGATGTTTGTCATAGGGGGAGATTATCA,125.4428152,522.6783968
CAGTACATATATACTAAGGAGGAATTATCA,109.6048468,456.6868616
TCGGATGTTTTTGATAGGGGGAAATTATCA,105.0352812,437.647005
CCCGATGTTTCTCATAGAAAAGAATTATCA,100.2800632,417.8335966
CGCATAATTGATGAAGGGAGGATATTCAGA,97.55381359,406.4742233
AATGACAGATCATTTAGGAGGGAAATTCAA,97.41994366,405.9164319
AAACTGCTTATAGTAAAGGAGAATTGGATA,89.51532783,372.9805326
GGGGATGTTATTTATAGGAAAGAATTATCA,87.27153182,363.6313826
AGAGCATCTGTTGGAAGGAGTTGAAAACGA,86.08676972,358.6948739
GCCGATGTTAATGATGAGGGGGAATTATCA,83.53221754,348.0509064
CCGGATGTTTTTCATAAGGAGAAATTATCA,78.22222017,325.9259174
CGCGATGTTTTTTATGAGGGAGGATTATCA,74.83390193,311.8079247
GGCGATGTTTTTGATGGGGGAAAATTATCA,73.11977429,304.6657262
AGGATAATTTATAAGGAGGTGCCCAGAGAA,69.0689339,287.7872246
GGTGATGTTTTTTATGGGGAGGAATTATCA,65.85136225,274.380676
CCTGATGTTTTTGATGAAAAAAGATTATCA,63.23656166,263.4856736
GCCGATGTTTCTCATGGGGAAGAATTATCA,62.36678025,259.8615844
TCATACTTTATTTCCAGGAGGGACATAATA,60.56480432,252.3533513
TCATCATTTCACATTGGAGGAATTCAATAA,60.22706857,250.946119
AGAAAGAATGAAAGGCAGGGGACCAAATAA,60.0122746,250.0511442
AATGATTATATATTTTTGGAGGTATAGATA,58.98625729,245.7760721
CTCCTTACACTTTGAGGGAGGTGAACACAA,58.81280001,245.0533334
GTGTGGTTACACACTAGGAGGCAACAAAAA,58.56448878,244.0187033
TTCCTAAACCATTTGAGGAGGAAAAATGAA,56.077147,233.6547792
TGGCGAAACCACTATCAAAAGGGGGAATTT,55.70450288,232.1020953
ATCAAGAAAAAACAGAAAGCAGGGATAACA,55.60904958,231.7043733
ACAGCTATTCCTCGAGGGAGGTGTCATAAA,55.17899323,229.9124718
AACGGCAATGATGAAAGGAGCTATTTACAA,55.02952215,229.2896756
GTAAACTTGTACCAAGGAGGATTTAGGAAA,54.35941341,226.4975559
TGATCTGATCTGAAGGGGGATTTTGGAGAA,54.23758509,225.9899379
ATTGAAATTGTCCATTTTGTAGGAGGCGGA,54.05520063,225.2300026
ATTGAAGCGAGAGAACGGAGGATTTCTAAA,53.96596789,224.8581996
TGTGATTGGAATATAGGAGGACATTAAACA,53.78498734,224.1041139
TTTTTGTAACTTTTTGAGGAGGTTTTATTG,53.62866714,223.4527798
TACTGAAATGTAAAAATGGAGGTGGCATCA,53.60183162,223.3409651
AAATATCACATATACAGGAGGAGACAGATA,53.03660621,220.9858592
TTTTCAATTGCATAGGAAGGTGAGACGGTA,52.60009344,219.167056
AAGTAGGCGTATCTTAAGGAGGACTGGCAG,52.55456275,218.9773448
TGGATGAATAGAGACGGAGGACAAGCAGAA,52.17491849,217.3954937
ACAATGAAAAGCGAAGGACTCGGCGAGTAA,51.9096862,216.2903592
AAGTTACTGAAAAAGAGGGGATATACGATA,51.89776966,216.2407069
CTGGATGTTTCTAATGAAAGAGAATTATCA,51.37631101,214.0679626
AATCTTAACTCTTTAAGGAGGTGGGAATAA,51.11654698,212.9856124
CAGAAGATCTTGGTGCAATTAAAGATGAAA,51.0415674,212.6731975
AGAAAAAAATACTAAGAGGAGGAATAATGA,50.85050037,211.8770849
AATTTCGATTTAAAGGGAGGCTATGTGACT,50.33149901,209.7145792
CGCGATGTTATTTATGAAAGAGGATTATCA,49.26108444,205.2545185
AGGACAATCAAAAGAAAGGTGGAGTTTTTT,48.54721996,202.2800832
TGTGATGTTATTTATAGGGAAGGATTATCA,48.42614901,201.7756209
ATCTGTAAAAAGAAGGAGGGAAATTCAAAA,48.33058046,201.3774186
TTTTTATTCTCATAACGGAGGTAGACAGGA,48.24351603,201.0146501
CAGGATGTTATTCATAGGGGAAAATTATCA,47.55434947,198.1431228
GGCTGATGGCACAGGAGGTAATGAGGAATA,44.01265829,183.3860762
CCCGATGTTTGTCATGAGGAAGAATTATCA,41.56369045,173.1820435
CACATCACGGACTTAAGGAGGTGTGTCTCG,41.52140719,173.0058633
TAAAACTAGCCATAAAGGAGAAGAGAGACA,40.18423792,167.4343247
AATCTTAACTCTTTAAGGAGGTGGGAATAA,39.35381955,163.9742481
TTAGGATTAAATAACAGAGGTGAAAAGGCA,39.09000598,162.8750249
AGTTTGTCAATTTAGGAGGAAATCTAACGA,39.05253168,162.718882
ATTATCAAAGATAATGAGAAGGTGCTCGTA,38.77593699,161.5664041
ACAAATAGTCGGAAATTGAGGTGTCGAGAA,38.68052613,161.1688589
CAATAATTACATAGCAGGAGGTTATTCAAG,38.21929882,159.2470784
TTAGATGTTTATCATGAAAAAGGATTATCA,38.1060499,158.7752079
AAAACGTGAAGAAATTGGTGGTGAATCAAA,37.48859857,156.2024941
ATATATAATGGTAAAAGGTGGTCTTTCTTA,37.47774538,156.1572724
AACCTGAATAGATTTTTGGAGGGAAACACA,36.81868912,153.4112047
AAAACGAAAAGCAATAAGGAGGAAATCCCA,36.46072362,151.9196818
TTAAACGTTTGCAGAAGGGACGTTAGAATA,35.89080678,149.5450282
AATGCCTTACTCAAGGAGGTGCGATCAGGA,35.66273276,148.5947198
GGGCTGCATGAAATGGTGGGGGTGAAACCT,35.60084351,148.336848
CTCAAAACTGCTATAAGGAAGTGGAACAGA,35.48041009,147.835042
CTATAATACTTGAGGGGAGGTGAATTGCTA,35.12798178,146.3665907
GGGAGGCCTTGTGCAGGAGGAAGCAAATCA,34.90047826,145.4186594
TTTTAATTTTAAAACGATGAGGTGTCGGAG,34.89606631,145.4002763
TATTTTGCCGAAAAGAGGGGGATTTACTAA,34.82382603,145.0992751
TACTGATTTGAAGAAGGGAGAACACTTGAA,34.82236783,145.0931993
GGGATTCAGGGCGGAAGGAGATGGATACAA,34.64391339,144.3496391
TGAAAATTATTATTAGGGGGTTTGCGAATA,34.52613047,143.8588769
ATGTTTTGTGCAAGTGAGGAGGGAAACAAA,34.51062177,143.7942574
AAACGCAAATTCTAAAAGAGGGTGGATTTA,34.38507313,143.2711381
CCCGATGTTTCTCATAGGAAAGAATTATCA,34.36192041,143.1746684
ACTTACCTAAAAGGTGAAGGAGGAGCATTA,33.92886217,141.370259
GTGGATGTTTCTAATGGGGGGAAATTATCA,33.53829047,139.7428769
AGACATACATACAAAAGGGAGGAATTATAA,33.22953392,138.4563913
GTAGTGCTGTAAAAAATGGAGGGATTCAAT,32.655176,136.0632333
AGCTTTAAGTTAAAAGGAGAATGATAAAAA,32.40015205,135.0006335
ACATAGTCATATAACAAGGAGGAGATACCA,31.63191844,131.7996602
TGTGATGTTTTTTATGAAAGGAGATTATCA,31.34796358,130.6165149
GATTTTCAATAGACTGGGAGGCATTCATCA,31.16571499,129.8571458
AAAAAACCATTATATTAGGAGGAAATAACA,30.06591338,125.2746391
GGGGATGTTTCTCATGGGGGGGGATTATCA,30.04369965,125.1820819
TATTTGAATGGAAAGAAGGAATGGACAACA,29.82029192,124.2512163
GGGGATGTTATTCATGGAGAAGAATTATCA,29.48061953,122.8359147
GGGGATGTTACTCATGAAAAGGGATTATCA,28.06632243,116.9430101
GAAGTTTAACATGAATGGAGGTGTTTGGTA,28.05567737,116.8986557
AGAAATTTCATACATAGGAGTGCGATTGAA,27.96870368,116.5362653
AAACCTGCAGAAGGGAGTTGCCGTAGTAGA,27.86782766,116.1159486
TTGTATCAGAAAAGAAGGAGGGATAAGTAG,27.78914714,115.7881131
TATTTAATTTAACTTAGGAGTTGTTATGAA,27.28926526,113.7052719
GGGGATGTTTCTCATGGGGAGGGATTATCA,26.63230153,110.9679231
AGTCATTCGGCAGATTAGGAGGATTTAGCA,26.24335278,109.3473033
GGGGATGTTACTCATGAGGAAGGATTATCA,25.81604637,107.5668599
TCAGATGTTTATCATGGAAGGAAATTATCA,25.59590476,106.6496032
TATGAATTACATACTGGGAGGTTTTTATTG,25.44852255,106.0355106
GTTTAAAAGAAAGGAAGAGGTGACTTAGTA,23.83840071,99.32666963
GTTGATGTTATTCATAAGGGGAGATTATCA,22.75682609,94.82010869
GCCGATGTTTATTATAGAGAGGGATTATCA,22.27348752,92.80619799
TTTGGAATGATTAGGAGTGTTTGAAAACAA,22.25830851,92.74295211
CATGATGTTTCTCATAGAAAAAAATTATCA,22.21125415,92.54689228
ATTTTGAAGAAAAAGACGGGGTGATTGTAA,22.0271676,91.779865
GGCGATGTTTCTTATGAAAGGGAATTATCA,21.97444447,91.56018529
CTCGCAAAAACTAAGGGGGAAATGAAAAAA,21.63220166,90.13417359
GATGAGTATTTTGAGGGAGGCGTACAGAGA,21.52652303,89.69384597
TTATAAGCCTAAGGAGGAGCACTTTTTTTA,21.4887246,89.53635248
CAGCATTCCAATAAAGGAGGGGACATCACA,21.47894508,89.4956045
ACTAAAACGACAAGAGGATGGTGCTGAATA,21.21382893,88.39095386
TCGGATGTTACTGATGAGAGAGGATTATCA,21.07481616,87.81173401
CTCCGGAAACTGAAGGAGGTTGGAAACACA,20.87250523,86.96877181
AAAAGTAATGAATACGGGGGAAATGGATCA,20.76459568,86.51914865
TGAGGGACAACCAGAAGGAGTGAAGGGACA,20.76356374,86.5148489
TCCGATGTTTGTAATGGAGAAGGATTATCA,20.75812271,86.49217795
TTATTACGATTTATTGAAAGGAGATACCCA,20.5074204,85.44758501
CTTAAAACATTTGAGGAGGTCTTGTAAACA,20.35255826,84.80232608
TGAAGCAACCGTTATGGAGGGATACATAAA,20.12375441,83.8489767
CTAAATAAAAACATCTGGGGGAATATATTA,20.06258744,83.59411435
ATAGAAAGATTTTGTCAGGAGGGATAGCGA,19.98168317,83.25701323
CAGGATACGGATAGGAGAGGATCTCGCTGA,19.80786311,82.53276295
ATTCTTTTTCCGAAGGGAGGTAACAAATAA,19.79860828,82.49420118
CGCGATGTTACTTATAGAGGAAAATTATCA,19.75633903,82.3180793
GGATAAGGAACAATTAGGAGGGAAATTCAA,19.5521753,81.46739708
ATATTCATACTATTGAGGAGGTTATTTCAT,19.44327436,81.01364315
CCCAAGAAAGGGAAGGAGGTAATTATATAA,19.04567625,79.35698436
GCCTTAAGACGAATTAGGGGGAGTTCAAGT,18.96853261,79.03555255
TATCGTGTAGAAGGGAACGGTTGGAGCTAA,18.96085787,79.00357444
TGTAGGTTTGGACCAAGGAGGTTATTCAAA,18.82267263,78.42780262
AAGGATGTTTTTTATGGGGGGGGATTATCA,18.63617123,77.65071348
TCTAATTATAATGATAGGGGGAAATAATGA,18.51135611,77.13065044
TCGGATGTTACTGATAGGAGAGGATTATCA,18.35569332,76.48205549
AAAATGAAAAAGAAAGGAGGGAAATGACAA,18.27473048,76.14471032
AACATACGGCATTTAAGGAGAGATTTGGAA,18.1026974,75.42790582
AATTCAAACGCTTAAGGAGGAGAATGATAA,18.0944934,75.39372251
AGACTAGTAAAAAGAGGAGGTCAATTCTTA,18.08130398,75.33876658
TTTATACACAGAAGGAGTCGAAGTAAGCCA,18.03888317,75.16201322
GTCGGAAAAAATATTATAGGAGGTAACATA,18.01093449,75.04556039
CTTGTTTAAACATATAAGGAGGAATACAAA,17.98061738,74.91923907
ATAAAACGTAATGAAGGGAGGAAAAATTCA,17.75863177,73.99429905
TTACCTTTTAAGAGGAGGAATTTTACCAAA,17.51461191,72.97754962
GATGGCATAATTGATAAGGGGTGTCCAACA,17.4242262,72.60094251
GTTGTGCTTACTGTGGGAGGAGGTAAGGAA,17.35478813,72.31161721
CACGATGTTTTTAATGGGGGAAGATTATCA,17.33102237,72.21259322
TAACAACATATTCAGGGAGGAACAAAACAA,17.27074721,71.96144672
GGTAGAAAATCAGGAGGAGGACTATACATA,17.24615796,71.85899148
CCGCTTAGTCCAAAAGGAGGTGCAAACAGA,17.21328439,71.72201831
TTCGACGTTTTGAAGGAGGGTTTTAAGTAA,17.18763868,71.61516119
TTAATAAAGAGAGGACGGGGGAAATCCGAA,17.07167935,71.1319973
TAGTATTAAAAGGAAGGGAGGTCTATCTCA,17.05309355,71.05455645
TTTAATAAAAGAAGGAGGGACACATGATTA,16.91685424,70.48689267
AATCAGGCTACATAAGGAGGACATTCGACA,16.8242822,70.10117582
AACATTATACCGTTATGGAGGGACAAGCAA,16.8190446,70.0793525
TGCTACAGTACTAGGAGGAATTAAGCAATA,16.76754535,69.86477227
AAATTAAAATAAAGAAAGTAGGCATACAAT,16.6888414,69.53683916
GGGGATGTTTTTGATGAAGAGAGATTATCA,16.60302096,69.17925398
AATATTTGATCGGATAAGGAGGTGTCCTAA,16.52134004,68.83891685
AATGAATGTGCAGGGAAAGGATGAAAAAAA,16.39952395,68.33134977
GGGGATGTTTCTCATAGAGGAGGATTATCA,16.37703541,68.23764754
GCTGAAGATTTCAGAAGGAAGTGAACCAAA,16.36901629,68.20423455
TGCTTAATCAAACTAGGAGGTCGAGAACTG,16.2136193,67.55674707
CTCTCACTTATTTAAAGGAGGAAACAATCA,16.18072641,67.41969339
AAAAATGTTTATTATGGAGAAGGATTATCA,16.16945527,67.37273028
ATTGGTGTATTCGGAGGGAGGGAAAGAGAA,16.15927871,67.33032796
TATGATGTTTCTCATAGGGGGAGATTATCA,16.12903224,67.20430099
AAAATCATTCAATAAAAGGGGAGCTTACCA,16.01215239,66.71730164
TTTCCTAATAAGGAAGGAGAAATTACCCAA,15.6933752,65.38906335
ATATGAACCCTATTTTAAGGAGGATTTTTA,15.48187372,64.50780715
CGCTTAAAGTGAAGAAAGGAGTGACCTAGA,15.43061025,64.29420938
CAAGAAGCGTAAGCGTTAGGGGGATTAATA,15.37597215,64.06655062
CGTGATGTAGGCGAAAAGGAGGGAAAATAA,15.23306638,63.4711099
CTAGATGTTTCTGATAGGGGGGGATTATCA,15.05344002,62.72266675
ACTGCGGTAAGGATCAACGTAACTTTTTTA,15.03890505,62.66210438
AGGGATGTTTTTGATGGGGAAAGATTATCA,14.71471133,61.3112972
TCAGATTTATTACATCAATAGGAAGGATGG,14.66063391,61.08597464
ATTGATGTTTGTGATGGAGGGGAATTATCA,13.69112798,57.04636657
GGGGATGTTTGTGATAAGGGAAGATTATCA,11.16934464,46.53893601
CTCGATGTTTATAATGGGGGGGAATTATCA,11.14036904,46.41820432
GGGGATGTTAGTTATAGAAGGGAATTATCA,10.4931792,43.72158001
TCCGATGTTTCTTATAGGGGGGGATTATCA,9.778298166,40.74290903
ATCGATGTTAGTTATGGAGAGGGATTATCA,9.402030953,39.17512897
CAGGATGTTTGTGATGGGAAGGAATTATCA,9.3109867,38.79577792
CGGGATGTTTGTTATGGGAGGGGATTATCA,9.302325547,38.75968978
CCCGATGTTTCTAATGAGGGGGGATTATCA,9.161748786,38.17395328
CATGATGTTTCTGATGGGGGAAAATTATCA,9.159606196,38.16502582
GTAGATGTTTTTTATAAAAAGAAATTATCA,9.138489485,38.07703952
TAAGATGTTTATCATGAGAAGGAATTATCA,8.591065602,35.79610667
CCAGATGTTTTTCATAGAAGAGGATTATCA,8.436445203,35.15185501
TGTGATGTTAGTTATGGGGAGAAATTATCA,8.201202753,34.17167814
TCTGATGTTTCTTATAGGGAGAGATTATCA,8.004268593,33.35111914
CATGATGTTTGTGATAAGAGAAAATTATCA,7.862871738,32.76196557
TGTGATGTTTGTTATGGGAAGGAATTATCA,7.755545068,32.31477112
CCTGATGTTTTTGATGAAAAGAGATTATCA,7.748700667,32.28625278
GGGGATGTTTCTCATAAGGAGAAATTATCA,7.704473113,32.1019713
ACAGATGTTATTCATAGAGAAGAATTATCA,7.628486721,31.78536134
GCGGATGTTTCTTATGGGGAGAGATTATCA,7.539204057,31.41335024
CGGGATGTTATTCATGGGGAGAGATTATCA,7.489835087,31.2076462
TACGATGTTTTTTATGGGGGGGGATTATCA,7.489514707,31.20631128
ACAGATGTTTTTAATAGGGGAAAATTATCA,7.375537722,30.73140717
GCCGATGTTTGTGATAAAGGGGGATTATCA,7.229612633,30.12338597
TGGGATGTTAATGATAGGGGGGGATTATCA,7.057993158,29.40830483
CATGATGTTATTGATGGGAGAGAATTATCA,6.907985393,28.78327247
ACAGATGTTTCTGATGGGGGAAGATTATCA,6.820506785,28.41877827
GGAGATGTTAATCATAAGGGGGAATTATCA,6.504487885,27.10203285
GGGGATGTTTCTGATGAAGAGGGATTATCA,6.470921187,26.96217161
GGCGATGTTTTTCATGAGGGGAAATTATCA,6.457862392,26.90775997
GATGATGTTTGTCATGGGGGGAGATTATCA,6.451612923,26.88172051
CGCGATGTTTTTTATGGGGAGGGATTATCA,6.421061122,26.75442134
TGTTATGTTTTTTATGGGGAGGAATTATCA,6.281406836,26.17252848
TGAGATGTTTATGATGGAGAGGGATTATCA,6.093845379,25.39102241
ACCGATGTTAGTGATGGAGGAAAATTATCA,6.0856866,25.3570275
GAGGATGTTTTTGATGGGGGGGAATTATCA,6.079027268,25.32928028
TAGGATGTTTGTGATGGGGGGGGATTATCA,6.067960857,25.28317024
CGTGATGTTTCTGATAGGAGGAAATTATCA,5.976571645,24.90238185
GTTGATGTTTTTAATGGAGGGGGATTATCA,5.926678657,24.6944944
GACGATGTTAGTAATGGGAGGGGATTATCA,5.889776987,24.54073745
GCTGATGTTTTTAATAGAAGGGGATTATCA,5.850005913,24.37502464
ATAGATGTTTATAATGGGAGGGAATTATCA,5.804504095,24.18543373
AGAGATGTTTGTTATGGGAGGGGATTATCA,5.801137067,24.17140445
TATGATGTTTCTTATGAAGGGGAATTATCA,5.792624383,24.13593493
TATGATGTTTCTTATGAAGGGGAATTATCA,5.775339415,24.06391423
TTTGATGTTTTTTATAAAGGGAAATTATCA,5.774227642,24.05928184
GGTGATGTTTTTGATGAGAAGAGATTATCA,5.734414739,23.89339475
CTAGATGTTATTAATGGGGAGGGATTATCA,5.702554601,23.76064417
AATGATGTTTTTAATGAAGGAGAATTATCA,5.683109904,23.6796246
CCCGATGTTTCTCATGGGGGAAAATTATCA,5.647590292,23.53162622
CTCGATGTTTCTCATGAGAGGGGATTATCA,5.640687942,23.50286643
CTGGATGTTTTTGATAGAAAAGGATTATCA,5.526388521,23.02661884
CTGGATGTTTTTGATAGAAAAGGATTATCA,5.526388521,23.02661884
GGCGATGTTAATGATGAAGGGGAATTATCA,5.510147597,22.95894832
CCTGATGTTTGTCATAAAGGGGGATTATCA,5.503577182,22.93157159
CCCGATGTTAGTTATGAGGAAAAATTATCA,5.485463372,22.85609739
GAGGATGTTTGTCATAGGAGGGGATTATCA,5.47195622,22.79981758
CCCGATGTTTATCATAAGAGGGGATTATCA,5.467468445,22.78111852
TGTGATGTTATTCATAGGGGAGGATTATCA,5.409304185,22.53876744
CATGATGTTAATCATGGGAGGGGATTATCA,5.40199887,22.50832863
CGGGATGTTTGTTATAGAAGGAAATTATCA,5.298481113,22.07700464
TATGATGTTAATCATAGAGGGGAATTATCA,5.194805179,21.64502158
GGCGATGTTTCTGATGGGGGGGGATTATCA,5.175287453,21.56369772
ACGGATGTTATTTATAAAGGGGGATTATCA,5.173305678,21.55544032
TCAGATGTTAGTGATGGGAGAGAATTATCA,5.151983617,21.46659841
GAAGATGTTTATAATGAGGAGAAATTATCA,5.140506975,21.41877906
GCCGATGTTTGTTATGGAAGGAGATTATCA,5.14033124,21.41804683
GGCGATGTTTTTTATAGGAGGAAATTATCA,5.084745639,21.18644016
CTAGATGTTTATAATGGGGGAAGATTATCA,5.08087029,21.17029288
ACAGATGTTAGTAATAGGGGAGAATTATCA,5.080010277,21.16670949
TGGGATGTTACTGATAGGAGAGGATTATCA,5.075283436,21.14701432
AGTGATGTTTTTCATGGGGGGGGATTATCA,5.056463629,21.06859846
GCCGATGTTTTTCATAAAAGGGGATTATCA,5.010438613,20.87682755
ATTGATGTTTATTATGAGAGAGAATTATCA,5.003752856,20.84897023
CCGGATGTTTCTAATAGAAGAAAATTATCA,4.997501117,20.82292132
CGAGATGTTTCTCATAGGAGAAGATTATCA,4.943153591,20.5964733
TCCGATGTTTGTAATGGGAGAGAATTATCA,4.930156245,20.54231769
AGAGATGTTAGTAATGAGAGAGGATTATCA,4.831501308,20.13125545
ACGGATGTTATTTATGGGAGGAGATTATCA,4.78507053,19.93779388
CTTGATGTTTTTTATGAAAAGGAATTATCA,4.751948127,19.79978386
TGCGATGTTTGTTATAGGGGGAGATTATCA,4.713090563,19.63787734
CTTGATGTTTTTAATGGGGGGGAATTATCA,4.666355468,19.44314778
CTCGATGTTATTAATGAAGGGGGATTATCA,4.662004652,19.42501938
CGTGATGTTTGTTATAGGGGGAAATTATCA,4.651162749,19.37984479
AACGATGTTTATTATAGGGAGGAATTATCA,4.646840204,19.36183418
GATGATGTTTTTGATAAGGGAGGATTATCA,4.642525604,19.34385668
GATGATGTTTTTGATAAGGGAGGATTATCA,4.642525604,19.34385668
GGTGATGTTAGTGATGGAGAAAGATTATCA,4.581691676,19.09038198
CGGGATGTTTATCATGGGGGGGGATTATCA,4.525706224,18.85710927
CCAGATGTTATTCATAGAAAAAAATTATCA,4.52365882,18.84857842
AATGATGTTTTTAATGAGGGGGGATTATCA,4.512126225,18.80052594
GGTGATGTTTCTTATGAGGGGAAATTATCA,4.497616183,18.74006743
CGGGATGTTATTCATGGGGAGAGATTATCA,4.450873383,18.54530576
ACTGATGTTACTCATGGGGGAAAATTATCA,4.442469836,18.51029099
CCGGATGTTTTTCATAGAAAAAAATTATCA,4.440497505,18.50207294
ATAGATGTTTTTTATAGAGGGGGATTATCA,4.407713545,18.3654731
GTGGATGTTTCTTATGGAGGGGGATTATCA,4.386349685,18.27645702
GGGGATGTTAGTAATAGAGAAGGATTATCA,4.383273642,18.26364017
ATTGATGTTTATGATGGGGGGGAATTATCA,4.372540249,18.2189177
AATGATGTTTTTAATGAAGGAGAATTATCA,4.363953693,18.18314039
CCAGATGTTTCTAATGGGGAGGAATTATCA,4.353504394,18.13960164
AACGATGTTAATGATAAAGGGGGATTATCA,4.300335356,17.91806398
AGAGATGTTTGTTATGGGAGGGGATTATCA,4.289544115,17.87310048
GAGGATGTTTTTGATAGGGAGAAATTATCA,4.287429244,17.86428852
GGAGATGTTAGTGATGAAAAGAGATTATCA,4.204860858,17.52025358
TGAGATGTTTTTAATAAGGGGAAATTATCA,4.188481654,17.45200689
CCCGATGTTACTAATGGAGGGGGATTATCA,4.177458547,17.40607728
CCCGATGTTACTCATGGGGGAGAATTATCA,4.177458547,17.40607728
ATCGATGTTTCTTATAGGGGGAGATTATCA,4.159387737,17.33078224
TGGGATGTTATTAATGAAGGGGAATTATCA,4.145507398,17.27294749
CGGGATGTTTCTGATGGGGAGAGATTATCA,4.133939859,17.22474941
CCGGATGTTTCTAATGGAGGAAAATTATCA,4.133597967,17.22332486
GTGGATGTTACTCATGGGAGGGAATTATCA,4.127115111,17.19631296
CCCGATGTTTCTCATAAGGAAGAATTATCA,4.114379984,17.14324993
GGCGATGTTTCTCATGAGAGGGAATTATCA,3.991060186,16.62941744
CCCGATGTTTATCATGAGGAGAGATTATCA,3.885758872,16.19066197
CCTGATGTTTGTGATGGAGAAAGATTATCA,3.873341637,16.13892349
GGCGATGTTACTCATAAAGAAGGATTATCA,3.813882455,15.8911769
TCCGATGTTTGTGATGAGGGAGAATTATCA,3.708511173,15.45212989
GGGGATGTTTCTGATGAAGAGAAATTATCA,3.687043608,15.3626817
TCTGATTTTTTTTATGGGAAGGGATTATCA,3.636882843,15.15367851
CTCGATGTTAGTTATGGGGAGGAATTATCA,3.446691282,14.36121367
CTTGATGTTTTTTATAGAAAGGAATTATCA,3.43259242,14.30246842
TACGATGTTTTTTATGGGGGGGGATTATCA,3.365870136,14.0244589
TCAGATGTTTGTTATAAGGGAAAATTATCA,3.247544116,13.53143382
CCAGATGTTTTTCATAGAAGAGGATTATCA,3.157894705,13.1578946
ACTGATGTTTTTCATAAGGAGGGATTATCA,3.106233146,12.94263811
GGTGATGTTAGTGATGGGGGGGAATTATCA,3.093102465,12.88792694
CACGATGTTATTTATGGAAGGGGATTATCA,3.059351538,12.74729808
AATGATGTTTTTAATGAAGGAGAATTATCA,3.051571502,12.71488126
TGGGATGTTATTAATGAAGGGGAATTATCA,3.026634226,12.61097594
GTCGATGTTTATTATGGGGGGGAATTATCA,2.954791695,12.31163206
ATCGATGTTTGTTATAGGGGGGAATTATCA,2.952755922,12.30314968
CAAGATGTTTATAATAGGGGGAGATTATCA,2.936282705,12.23451127
GAGGATGTTACTGATGGAGGGGAATTATCA,2.889616693,12.04006955
TCAGATGTTTATGATAGAGGGGGATTATCA,2.850356372,11.87648488
