TTAGATGTTTGTTATAAAGAAAAATTATCA,2.767527819,11.53136591
TCAGATGTTTGTTATAAGGGAAAATTATCA,3.247544116,13.53143382
CTTGATGTTTTTTATAGAAAGGAATTATCA,3.43259242,14.30246842
TCTGATTTTTTTTATGGGAAGGGATTATCA,3.636882843,15.15367851
GGGGATGTTTCTGATGAAGAGAAATTATCA,3.687043608,15.3626817
TCCGATGTTTGTGATGAGGGAGAATTATCA,3.708511173,15.45212989
GGCGATGTTACTCATAAAGAAGGATTATCA,3.813882455,15.8911769
GGCGATGTTTCTCATGAGAGGGAATTATCA,3.991060186,16.62941744
CCAGATGTTTTTCATAGAGAAGAATTATCA,4.091653146,17.04855477
CCCGATGTTTCTCATAAGGAAGAATTATCA,4.114379984,17.14324993
CCGGATGTTTCTAATGGAGGAAAATTATCA,4.133597967,17.22332486
CCCGATGTTACTAATGGAGGGGGATTATCA,4.177458547,17.40607728
CCCGATGTTACTCATGGGGGAGAATTATCA,4.177458547,17.40607728
GGAGATGTTAGTGATGAAAAGAGATTATCA,4.204860858,17.52025358
GAGGATGTTTTTGATAGGGAGAAATTATCA,4.287429244,17.86428852
GGGGATGTTAGTAATAGAGAAGGATTATCA,4.383273642,18.26364018
GTGGATGTTTCTTATGGAGGGGGATTATCA,4.386349685,18.27645702
CCGGATGTTTTTCATAGAAAAAAATTATCA,4.440497505,18.50207294
CCAGATGTTATTCATAGAAAAAAATTATCA,4.52365882,18.84857842
CCCGATGTTTGTGATGAGGAAAAATTATCA,4.594180892,19.14242038
CTTGATGTTTTTTATGAAAAGGAATTATCA,4.751948127,19.79978386
TTTGATGTTTATTATGAGAGAAGATTATCA,4.873294578,20.30539407
CCCGATGTTTCTCATAAAAAAGAATTATCA,4.875670596,20.31529415
TCCGATGTTTGTAATGGGAGAGAATTATCA,4.930156245,20.54231769
CCCGATGTTTTTCATGGGGGAGAATTATCA,4.980906287,20.7537762
CCGGATGTTTCTAATAGAAGAAAATTATCA,4.997501117,20.82292132
TACGATGTTAGTGATGGAAGAGAATTATCA,5.044390425,21.01829344
TGGGATGTTACTGATAGGAGAGGATTATCA,5.075283436,21.14701432
CTAGATGTTTATAATGGGGGAAGATTATCA,5.08087029,21.17029288
TCCGATGTTACTAATAAGGGGGAATTATCA,5.149772289,21.45738454
GGCGATGTTTCTGATGGGGGGGGATTATCA,5.175287453,21.56369772
CCCGATGTTTCTCATGGGGGAAAATTATCA,5.647590292,23.53162622
GGTGATGTTTTTGATGAGAAGAGATTATCA,5.734414739,23.89339475
TTTGATGTTTTTTATAAAGGGAAATTATCA,5.774227642,24.05928184
TTGGATGTTACTCATGGGGGGAGATTATCA,5.797101626,24.15459011
CGCGATGTTTTTTATGGGGAGGGATTATCA,6.421061122,26.75442134
GGCGATGTTTTTCATGAGGGGAAATTATCA,6.457862392,26.90775997
GGGGATGTTTCTGATGAAGAGGGATTATCA,6.470921187,26.96217161
TCTGATGTTTGTTATGAGGAAAAATTATCA,7.034547756,29.31061565
ACAGATGTTATTCATAGAGAAGAATTATCA,7.628486721,31.78536134
GGGGATGTTTCTCATAAGGAGAAATTATCA,7.704473113,32.1019713
CCTGATGTTTTTGATGAAAAGAGATTATCA,7.748700667,32.28625278
TCTGATGTTTCTTATAGGGAGAGATTATCA,8.004268593,33.35111914
TTGGATGTTTTTGATGGAGGGGGATTATCA,8.048289553,33.5345398
GGAGATGTTTCTTATAAAGAAGAATTATCA,8.587041572,35.77933988
TCTGATGTTTCTTATAAGGAGAGATTATCA,8.632189878,35.96745783
AAAAATGTTTTTCATGAAAAAAAATTATCA,9.064539272,37.76891363
GTAGATGTTTTTTATAAAAAGAAATTATCA,9.138489485,38.07703952
CCCGATGTTTCTAATGAGGGGGGATTATCA,9.161748786,38.17395328
CAGGATGTTTGTGATGGGAAGGAATTATCA,9.3109867,38.79577792
GGCGATGTTTATGATGGAAGAAGATTATCA,9.519276215,39.6636509
TCCGATGTTTCTTATAGGGGGGGATTATCA,9.778298166,40.74290903
GGGGATGTTAGTTATAGAAGGGAATTATCA,10.4931792,43.72158
CTCGATGTTTATAATGGGGGGGAATTATCA,11.14036904,46.41820433
GGGGATGTTTGTGATAAGGGAAGATTATCA,11.16934464,46.538936
GGCGATGTTAGTCATGGGGGAAAATTATCA,12.90114493,53.75477054
AACGATGTTTCTGATGAAGAGGGATTATCA,13.78080435,57.42001812
CGCGATGTTATTCATAAAGGAGAATTATCA,14.2337498,59.30729083
TCAGATTTATTACATCAATAGGAAGGATGG,14.66063391,61.08597463
AGGGATGTTTTTGATGGGGAAAGATTATCA,14.71471133,61.31129721
ACTGCGGTAAGGATCAACGTAACTTTTTTA,15.03890505,62.66210438
CGTGATGTAGGCGAAAAGGAGGGAAAATAA,15.23306638,63.47110992
CAAGAAGCGTAAGCGTTAGGGGGATTAATA,15.37597215,64.06655063
CGCTTAAAGTGAAGAAAGGAGTGACCTAGA,15.43061025,64.29420938
ATATGAACCCTATTTTAAGGAGGATTTTTA,15.48187372,64.50780717
TTTCCTAATAAGGAAGGAGAAATTACCCAA,15.6933752,65.38906333
AAAATCATTCAATAAAAGGGGAGCTTACCA,16.01215239,66.71730163
ATTGGTGTATTCGGAGGGAGGGAAAGAGAA,16.15927871,67.33032796
AAAAATGTTTATTATGGAGAAGGATTATCA,16.16945527,67.37273029
CTCTCACTTATTTAAAGGAGGAAACAATCA,16.18072641,67.41969338
TGCTTAATCAAACTAGGAGGTCGAGAACTG,16.2136193,67.55674708
GCTGAAGATTTCAGAAGGAAGTGAACCAAA,16.36901629,68.20423454
GGGGATGTTTCTCATAGAGGAGGATTATCA,16.37703541,68.23764754
AATGAATGTGCAGGGAAAGGATGAAAAAAA,16.39952395,68.33134979
GGCGATGTTTATGATAGAAGAAGATTATCA,16.44736844,68.53070185
AATATTTGATCGGATAAGGAGGTGTCCTAA,16.52134004,68.83891683
GGGGATGTTTTTGATGAAGAGAGATTATCA,16.60302096,69.179254
GGTGATGTTAGTCATAGAAGGGAATTATCA,16.67902163,69.49592347
AAATTAAAATAAAGAAAGTAGGCATACAAT,16.6888414,69.53683917
TGCTACAGTACTAGGAGGAATTAAGCAATA,16.76754535,69.86477229
AACATTATACCGTTATGGAGGGACAAGCAA,16.8190446,70.0793525
AATCAGGCTACATAAGGAGGACATTCGACA,16.8242822,70.10117583
TTTAATAAAAGAAGGAGGGACACATGATTA,16.91685424,70.48689267
TAGTATTAAAAGGAAGGGAGGTCTATCTCA,17.05309355,71.05455646
TTAATAAAGAGAGGACGGGGGAAATCCGAA,17.07167935,71.13199729
TTCGACGTTTTGAAGGAGGGTTTTAAGTAA,17.18763868,71.61516117
CCGCTTAGTCCAAAAGGAGGTGCAAACAGA,17.21328439,71.72201829
GGTAGAAAATCAGGAGGAGGACTATACATA,17.24615796,71.8589915
TAACAACATATTCAGGGAGGAACAAAACAA,17.27074721,71.96144671
GTTGTGCTTACTGTGGGAGGAGGTAAGGAA,17.35478813,72.31161721
GATGGCATAATTGATAAGGGGTGTCCAACA,17.4242262,72.6009425
TTACCTTTTAAGAGGAGGAATTTTACCAAA,17.51461191,72.97754963
ATAAAACGTAATGAAGGGAGGAAAAATTCA,17.75863177,73.99429904
CTTGTTTAAACATATAAGGAGGAATACAAA,17.98061738,74.91923908
GTCGGAAAAAATATTATAGGAGGTAACATA,18.01093449,75.04556038
TTTATACACAGAAGGAGTCGAAGTAAGCCA,18.03888317,75.16201321
AGACTAGTAAAAAGAGGAGGTCAATTCTTA,18.08130398,75.33876658
AATTCAAACGCTTAAGGAGGAGAATGATAA,18.0944934,75.3937225
AACATACGGCATTTAAGGAGAGATTTGGAA,18.1026974,75.42790583
AAAATGAAAAAGAAAGGAGGGAAATGACAA,18.27473048,76.14471033
TCGGATGTTACTGATAGGAGAGGATTATCA,18.35569332,76.4820555
TCTAATTATAATGATAGGGGGAAATAATGA,18.51135611,77.13065046
AAGGATGTTTTTTATGGGGGGGGATTATCA,18.63617123,77.65071346
TGTAGGTTTGGACCAAGGAGGTTATTCAAA,18.82267263,78.42780263
TATCGTGTAGAAGGGAACGGTTGGAGCTAA,18.96085787,79.00357446
GCCTTAAGACGAATTAGGGGGAGTTCAAGT,18.96853261,79.03555254
CCCGATGTTTCTCATAGGAAAAAATTATCA,18.97114194,79.04642474
CCCAAGAAAGGGAAGGAGGTAATTATATAA,19.04567625,79.35698438
ATATTCATACTATTGAGGAGGTTATTTCAT,19.44327436,81.01364317
GGATAAGGAACAATTAGGAGGGAAATTCAA,19.5521753,81.46739708
TCTGATGTTTTTTATGGAGAAAAATTATCA,19.70190226,82.09125943
ATTCTTTTTCCGAAGGGAGGTAACAAATAA,19.79860828,82.49420117
CAGGATACGGATAGGAGAGGATCTCGCTGA,19.80786311,82.53276296
ATAGAAAGATTTTGTCAGGAGGGATAGCGA,19.98168317,83.25701321
CTAAATAAAAACATCTGGGGGAATATATTA,20.06258744,83.59411433
TGAAGCAACCGTTATGGAGGGATACATAAA,20.12375441,83.84897671
CTTAAAACATTTGAGGAGGTCTTGTAAACA,20.35255826,84.80232608
TTATTACGATTTATTGAAAGGAGATACCCA,20.5074204,85.447585
TCCGATGTTTGTAATGGAGAAGGATTATCA,20.75812271,86.49217796
TGAGGGACAACCAGAAGGAGTGAAGGGACA,20.76356374,86.51484892
AAAAGTAATGAATACGGGGGAAATGGATCA,20.76459568,86.51914867
CTCCGGAAACTGAAGGAGGTTGGAAACACA,20.87250523,86.96877179
TCGGATGTTACTGATGAGAGAGGATTATCA,21.07481616,87.811734
ACTAAAACGACAAGAGGATGGTGCTGAATA,21.21382893,88.39095388
CAGCATTCCAATAAAGGAGGGGACATCACA,21.47894508,89.4956045
TTATAAGCCTAAGGAGGAGCACTTTTTTTA,21.4887246,89.5363525
GATGAGTATTTTGAGGGAGGCGTACAGAGA,21.52652303,89.69384596
CTCGCAAAAACTAAGGGGGAAATGAAAAAA,21.63220166,90.13417358
GGCGATGTTTCTTATGAAAGGGAATTATCA,21.97444447,91.56018529
ATTTTGAAGAAAAAGACGGGGTGATTGTAA,22.0271676,91.779865
CATGATGTTTCTCATAGAAAAAAATTATCA,22.21125415,92.54689229
TTTGGAATGATTAGGAGTGTTTGAAAACAA,22.25830851,92.74295213
GCCGATGTTTATTATAGAGAGGGATTATCA,22.27348752,92.806198
GTTTAAAAGAAAGGAAGAGGTGACTTAGTA,23.83840071,99.32666963
TATGAATTACATACTGGGAGGTTTTTATTG,25.44852255,106.0355106
TCAGATGTTTATCATGGAAGGAAATTATCA,25.59590476,106.6496032
GGGGATGTTACTCATGAGGAAGGATTATCA,25.81604637,107.5668599
AGTCATTCGGCAGATTAGGAGGATTTAGCA,26.24335278,109.3473033
TTCGATGTTTTTTATGGGAAAAAATTATCA,26.29137089,109.5473787
GGGGATGTTTCTCATGGGGAGGGATTATCA,26.63230153,110.967923
AGGGATGTTTTTGATAAGGGGAAATTATCA,26.87296402,111.9706834
TATTTAATTTAACTTAGGAGTTGTTATGAA,27.28926526,113.7052719
TTGTATCAGAAAAGAAGGAGGGATAAGTAG,27.78914714,115.7881131
AAACCTGCAGAAGGGAGTTGCCGTAGTAGA,27.86782766,116.1159486
AGAAATTTCATACATAGGAGTGCGATTGAA,27.96870368,116.5362653
GAAGTTTAACATGAATGGAGGTGTTTGGTA,28.05567737,116.8986557
GGGGATGTTACTCATGAAAAGGGATTATCA,28.06632243,116.9430101
GGCGATGTTAATTATAGGGGAAGATTATCA,28.99459287,120.8108036
GGGGATGTTATTCATGGAGAAGAATTATCA,29.48061953,122.8359147
TATTTGAATGGAAAGAAGGAATGGACAACA,29.82029192,124.2512163
GGGGATGTTTCTCATGGGGGGGGATTATCA,30.04369965,125.1820819
AAAAAACCATTATATTAGGAGGAAATAACA,30.06591338,125.2746391
GATTTTCAATAGACTGGGAGGCATTCATCA,31.16571499,129.8571458
ACATAGTCATATAACAAGGAGGAGATACCA,31.63191844,131.7996602
AGCTTTAAGTTAAAAGGAGAATGATAAAAA,32.40015205,135.0006335
TCCGATGTTAATCATAAGGAGGGATTATCA,32.60670861,135.8612859
GTAGTGCTGTAAAAAATGGAGGGATTCAAT,32.655176,136.0632333
AGACATACATACAAAAGGGAGGAATTATAA,33.22953392,138.4563913
ACTTACCTAAAAGGTGAAGGAGGAGCATTA,33.92886217,141.370259
TCGGATGTTTTTAATAAAAGAAGATTATCA,34.01629545,141.7345644
CCCGATGTTTCTCATAGGAAAGAATTATCA,34.36192041,143.1746684
AAACGCAAATTCTAAAAGAGGGTGGATTTA,34.38507313,143.271138
ATGTTTTGTGCAAGTGAGGAGGGAAACAAA,34.51062177,143.7942574
TGAAAATTATTATTAGGGGGTTTGCGAATA,34.52613047,143.858877
GGGATTCAGGGCGGAAGGAGATGGATACAA,34.64391339,144.3496391
TACTGATTTGAAGAAGGGAGAACACTTGAA,34.82236783,145.0931993
TATTTTGCCGAAAAGAGGGGGATTTACTAA,34.82382603,145.0992751
TTTTAATTTTAAAACGATGAGGTGTCGGAG,34.89606631,145.4002763
GGGAGGCCTTGTGCAGGAGGAAGCAAATCA,34.90047826,145.4186594
CTATAATACTTGAGGGGAGGTGAATTGCTA,35.12798178,146.3665908
CTCAAAACTGCTATAAGGAAGTGGAACAGA,35.48041009,147.835042
GGGCTGCATGAAATGGTGGGGGTGAAACCT,35.60084351,148.336848
AATGCCTTACTCAAGGAGGTGCGATCAGGA,35.66273276,148.5947198
TTAAACGTTTGCAGAAGGGACGTTAGAATA,35.89080678,149.5450283
TTGGATGTTAATTATGAGAAAGGATTATCA,36.13511493,150.5629789
AAAACGAAAAGCAATAAGGAGGAAATCCCA,36.46072362,151.9196818
AACCTGAATAGATTTTTGGAGGGAAACACA,36.81868912,153.4112047
ATATATAATGGTAAAAGGTGGTCTTTCTTA,37.47774538,156.1572724
AAAACGTGAAGAAATTGGTGGTGAATCAAA,37.48859857,156.202494
TTAGATGTTTATCATGAAAAAGGATTATCA,38.1060499,158.7752079
CAATAATTACATAGCAGGAGGTTATTCAAG,38.21929882,159.2470784
ACAAATAGTCGGAAATTGAGGTGTCGAGAA,38.68052613,161.1688589
ATTATCAAAGATAATGAGAAGGTGCTCGTA,38.77593699,161.5664041
AGTTTGTCAATTTAGGAGGAAATCTAACGA,39.05253168,162.718882
TTAGGATTAAATAACAGAGGTGAAAAGGCA,39.09000598,162.8750249
TAAAACTAGCCATAAAGGAGAAGAGAGACA,40.18423792,167.4343247
CACATCACGGACTTAAGGAGGTGTGTCTCG,41.52140719,173.0058633
CCCGATGTTTGTCATGAGGAAGAATTATCA,41.56369045,173.1820435
GGCTGATGGCACAGGAGGTAATGAGGAATA,44.01265829,183.3860762
GGGGATGTTAGTGATGAGAAAGGATTATCA,44.04939689,183.5391537
AATCTTAACTCTTTAAGGAGGTGGGAATAA,45.23518327,188.4799303
TTTTTATTCTCATAACGGAGGTAGACAGGA,48.24351603,201.0146501
ATCTGTAAAAAGAAGGAGGGAAATTCAAAA,48.33058046,201.3774186
TTAGATGTTTTTAATGGAAAAGGATTATCA,48.53982687,202.2492786
AGGACAATCAAAAGAAAGGTGGAGTTTTTT,48.54721996,202.2800832
AATTTCGATTTAAAGGGAGGCTATGTGACT,50.33149901,209.7145792
AGAAAAAAATACTAAGAGGAGGAATAATGA,50.85050037,211.8770849
CAGAAGATCTTGGTGCAATTAAAGATGAAA,51.0415674,212.6731975
CTGGATGTTTCTAATGAAAGAGAATTATCA,51.37631101,214.0679625
AAGTTACTGAAAAAGAGGGGATATACGATA,51.89776966,216.2407069
ACAATGAAAAGCGAAGGACTCGGCGAGTAA,51.9096862,216.2903592
TGGATGAATAGAGACGGAGGACAAGCAGAA,52.17491849,217.3954937
AAGTAGGCGTATCTTAAGGAGGACTGGCAG,52.55456275,218.9773448
TTTTCAATTGCATAGGAAGGTGAGACGGTA,52.60009344,219.167056
AAATATCACATATACAGGAGGAGACAGATA,53.03660621,220.9858592
TACTGAAATGTAAAAATGGAGGTGGCATCA,53.60183162,223.3409651
TTTTTGTAACTTTTTGAGGAGGTTTTATTG,53.62866714,223.4527798
TGTGATTGGAATATAGGAGGACATTAAACA,53.78498734,224.1041139
ATTGAAGCGAGAGAACGGAGGATTTCTAAA,53.96596789,224.8581995
ATTGAAATTGTCCATTTTGTAGGAGGCGGA,54.05520063,225.2300026
TGATCTGATCTGAAGGGGGATTTTGGAGAA,54.23758509,225.9899379
GTAAACTTGTACCAAGGAGGATTTAGGAAA,54.35941341,226.4975559
AACGGCAATGATGAAAGGAGCTATTTACAA,55.02952215,229.2896756
ACAGCTATTCCTCGAGGGAGGTGTCATAAA,55.17899323,229.9124718
ATCAAGAAAAAACAGAAAGCAGGGATAACA,55.60904958,231.7043733
TGGCGAAACCACTATCAAAAGGGGGAATTT,55.70450288,232.1020953
TTCCTAAACCATTTGAGGAGGAAAAATGAA,56.077147,233.6547792
ACCGATGTTTCTAATGAGAAGAAATTATCA,58.18181818,242.4242424
GTGTGGTTACACACTAGGAGGCAACAAAAA,58.56448878,244.0187033
CTCCTTACACTTTGAGGGAGGTGAACACAA,58.81280001,245.0533334
AATGATTATATATTTTTGGAGGTATAGATA,58.98625729,245.776072
AGAAAGAATGAAAGGCAGGGGACCAAATAA,60.0122746,250.0511442
TCATCATTTCACATTGGAGGAATTCAATAA,60.22706857,250.946119
TCATACTTTATTTCCAGGAGGGACATAATA,60.56480432,252.3533513
GCCGATGTTTCTCATGGGGAAGAATTATCA,62.36678025,259.8615844
CCTGATGTTTTTGATGAAAAAAGATTATCA,63.23656166,263.4856736
GGGGATGTTTTTTATGGGGGGAGATTATCA,68.7060394,286.2751642
AGGATAATTTATAAGGAGGTGCCCAGAGAA,69.0689339,287.7872246
GGGGATGTTACTCATAGGGGGGAATTATCA,70.5088905,293.7870437
GGCGATGTTTTTGATGGGGGAAAATTATCA,73.11977429,304.6657262
CGCGATGTTTTTTATGAGGGAGGATTATCA,74.83390193,311.8079247
CCCGATGTTACTCATGGGGGAAAATTATCA,75.75757726,315.6565719
CCGGATGTTTTTCATAAGGAGAAATTATCA,78.22222017,325.9259174
CCCGATGTTTCTCATGAAAAAGAATTATCA,79.1881282,329.9505342
AGAGCATCTGTTGGAAGGAGTTGAAAACGA,86.08676972,358.6948738
CGAGATGTTTGTAATGGAGGGGGATTATCA,86.81672119,361.7363383
GGGGATGTTATTTATAGGAAAGAATTATCA,87.27153182,363.6313826
AAACTGCTTATAGTAAAGGAGAATTGGATA,89.51532783,372.9805326
AATGACAGATCATTTAGGAGGGAAATTCAA,97.41994366,405.9164319
CGCATAATTGATGAAGGGAGGATATTCAGA,97.55381359,406.4742233
CCCGATGTTTCTCATAGAAAAGAATTATCA,100.2800632,417.8335967
GCTGATGTTTCTTATAGGGAGAGATTATCA,103.9782996,433.242915
TCGGATGTTTTTGATAGGGGGAAATTATCA,105.0352812,437.647005
CAGTACATATATACTAAGGAGGAATTATCA,109.6048468,456.6868617
GGGGATGTTTGTCATAGGGGGAGATTATCA,125.4428152,522.6783967
CCCGATGTTTCTTATGAGAAAGAATTATCA,125.5299634,523.0415142
GGAGATGTTTATGATAGGGAAAAATTATCA,127.5510237,531.4625989
GGGGATGTTTATAATGGGGGAGGATTATCA,129.8076936,540.86539
CCAGATGTTTCTAATGAAGAAAAATTATCA,133.2593058,555.2471075
GCAGATGTTAATCATGAAGAAGAATTATCA,137.674424,573.6434333
GGGGATGTTAGTGATGGGAGGGGATTATCA,147.7938921,615.8078838
GCGGATGTTACTCATGGGAGGAGATTATCA,160.5070037,668.7791822
GGGGATGTTTTTCATGGGGGGGGATTATCA,164.9571712,687.3215467
GAGGATGTTTCTCATAGGGGAGAATTATCA,172.4000988,718.333745
GGCGATGTTTCTGATAGGAGGAAATTATCA,184.9271607,770.5298364
GGGGATGTTTGTTATGGGGGAGGATTATCA,188.47657,785.3190417
TGGGATGTTATTCATGGAGGGGGATTATCA,188.8970483,787.0710348
GGGGATGTTATTTATAGGGGGGGATTATCA,192.2427876,801.011615
GGGGATGTTACTGATGGGGGGGGATTATCA,196.4118735,818.3828062
CTGGATGTTTTTTATAGAAGAAAATTATCA,203.430447,847.6268625
AGTGTTTTACATATAAAGGAGGAGAAACAA,207.2453656,863.5223567
CTGGATGTTTTTTATAAAAGAAAATTATCA,209.2407566,871.8364858
ACCGATGTTTCTAATGGGGGGAGATTATCA,217.1743923,904.8933012
GGGGATGTTTGTTATGGGGGGGGATTATCA,224.4224305,935.0934604
TGGGATGTTAGTGATAGGGGGGGATTATCA,225.759303,940.6637624
GGCGATGTTTATGATGGGGAGGGATTATCA,238.4615307,993.5897112
GGGGATGTTTATCATGGAGGGGGATTATCA,245.6078388,1023.365995
GCGGATGTTACTCATGAGGGGGGATTATCA,260.4908464,1085.378527
CCGGATGTTTGTAATGAGGGAAAATTATCA,260.6635219,1086.098008
GCAGATGTTTTTCATGAGAAGAAATTATCA,287.8321954,1199.300814
TTTGATGTTTTTTATGGGGGGGAATTATCA,321.419397,1339.247488
GGTGATGTTACTTATGGAGGAGAATTATCA,331.2302894,1380.126206
GCCGATGTTATTGATAGGGGAGGATTATCA,332.1033227,1383.763845
GTCGATGTTAGTGATGAGGGGGGATTATCA,342.2732909,1426.138712
GGAGATGTTTATTATGAAGGAAGATTATCA,345.2507672,1438.544863
GCCGATGTTTCTCATGGGGGGGAATTATCA,372.8758914,1553.649548
CGTGATGTTTTTGATAAAGGGAGATTATCA,381.742744,1590.594767
GGGGATGTTTTTTATAAGGAGGGATTATCA,405.3641523,1689.017301
GCCGATGTTTATTATGAAAGAGGATTATCA,623.1786502,2596.577709
GAAGATGTTTATAATGAGGGGAGATTATCA,657.1759742,2738.233226
GGAGATGTTTATCATGAAGGAGGATTATCA,682.2063148,2842.526312
GGAGATGTTTATTATGAAGGAGGATTATCA,1425.666009,5940.275038
GGCGATGTTATTGATAAAGGAGGATTATCA,1650.230159,6875.958997
