2,TGCTACAGTACTAGGAGGAATTAAGCAATA,16.76754535,69.86477227
5,TAACAACATATTCAGGGAGGAACAAAACAA,17.27074721,71.96144672
9,CCGCTTAGTCCAAAAGGAGGTGCAAACAGA,17.21328439,71.72201831
15,GAAGTTTAACATGAATGGAGGTGTTTGGTA,28.05567737,116.8986557
16,ACTGCGGTAAGGATCAACGTAACTTTTTTA,15.03890505,62.66210438
17,AGCTTTAAGTTAAAAGGAGAATGATAAAAA,32.40015205,135.0006335
18,AATATTTGATCGGATAAGGAGGTGTCCTAA,16.52134004,68.83891685
19,CCCAAGAAAGGGAAGGAGGTAATTATATAA,19.04567625,79.35698436
23,TAGTATTAAAAGGAAGGGAGGTCTATCTCA,17.05309355,71.05455645
24,GGATAAGGAACAATTAGGAGGGAAATTCAA,19.5521753,81.46739708
25,CTCTCACTTATTTAAAGGAGGAAACAATCA,16.18072641,67.41969339
26,AATGCCTTACTCAAGGAGGTGCGATCAGGA,35.66273276,148.5947198
28,GGCTGATGGCACAGGAGGTAATGAGGAATA,44.01265829,183.3860762
29,ATATTCATACTATTGAGGAGGTTATTTCAT,19.44327436,81.01364315
30,CTTAAAACATTTGAGGAGGTCTTGTAAACA,20.35255826,84.80232608
31,AGAGCATCTGTTGGAAGGAGTTGAAAACGA,86.08676972,358.6948739
35,CGCATAATTGATGAAGGGAGGATATTCAGA,97.55381359,406.4742233
36,TTGTATCAGAAAAGAAGGAGGGATAAGTAG,27.78914714,115.7881131
37,ATTGGTGTATTCGGAGGGAGGGAAAGAGAA,16.15927871,67.33032796
38,TTTAATAAAAGAAGGAGGGACACATGATTA,16.91685424,70.48689267
39,AAAACGTGAAGAAATTGGTGGTGAATCAAA,37.48859857,156.2024941
40,CTCCGGAAACTGAAGGAGGTTGGAAACACA,20.87250523,86.96877181
44,CGCTTAAAGTGAAGAAAGGAGTGACCTAGA,15.43061025,64.29420938
45,AGGATAATTTATAAGGAGGTGCCCAGAGAA,69.0689339,287.7872246
47,ATTCTTTTTCCGAAGGGAGGTAACAAATAA,19.79860828,82.49420118
48,ATAAAACGTAATGAAGGGAGGAAAAATTCA,17.75863177,73.99429905
49,TAAAACTAGCCATAAAGGAGAAGAGAGACA,40.18423792,167.4343247
53,CACATCACGGACTTAAGGAGGTGTGTCTCG,41.52140719,173.0058633
54,ATATGAACCCTATTTTAAGGAGGATTTTTA,15.48187372,64.50780715
55,CTTGTTTAAACATATAAGGAGGAATACAAA,17.98061738,74.91923907
56,AACCTGAATAGATTTTTGGAGGGAAACACA,36.81868912,153.4112047
57,AAAACGAAAAGCAATAAGGAGGAAATCCCA,36.46072362,151.9196818
59,CAGCATTCCAATAAAGGAGGGGACATCACA,21.47894508,89.4956045
60,AAAAAACCATTATATTAGGAGGAAATAACA,30.06591338,125.2746391
61,AATCAGGCTACATAAGGAGGACATTCGACA,16.8242822,70.10117582
62,AATGACAGATCATTTAGGAGGGAAATTCAA,97.41994366,405.9164319
63,TTTCCTAATAAGGAAGGAGAAATTACCCAA,15.6933752,65.38906335
65,AAAATGAAAAAGAAAGGAGGGAAATGACAA,18.27473048,76.14471032
67,CAGGATACGGATAGGAGAGGATCTCGCTGA,19.80786311,82.53276295
69,CAGTACATATATACTAAGGAGGAATTATCA,109.6048468,456.6868616
70,TATGAATTACATACTGGGAGGTTTTTATTG,25.44852255,106.0355106
71,AAAATCATTCAATAAAAGGGGAGCTTACCA,16.01215239,66.71730164
72,CGTGATGTAGGCGAAAAGGAGGGAAAATAA,15.23306638,63.4711099
73,CTATAATACTTGAGGGGAGGTGAATTGCTA,35.12798178,146.3665907
74,TATTTAATTTAACTTAGGAGTTGTTATGAA,27.28926526,113.7052719
75,TGCTTAATCAAACTAGGAGGTCGAGAACTG,16.2136193,67.55674707
76,CTCAAAACTGCTATAAGGAAGTGGAACAGA,35.48041009,147.835042
77,AATGAATGTGCAGGGAAAGGATGAAAAAAA,16.39952395,68.33134977
78,AGTGTTTTACATATAAAGGAGGAGAAACAA,207.2453656,863.5223566
79,ATCTGTAAAAAGAAGGAGGGAAATTCAAAA,48.33058046,201.3774186
80,TGAGGGACAACCAGAAGGAGTGAAGGGACA,20.76356374,86.5148489
81,AAACCTGCAGAAGGGAGTTGCCGTAGTAGA,27.86782766,116.1159486
82,CAATAATTACATAGCAGGAGGTTATTCAAG,38.21929882,159.2470784
83,TCATCATTTCACATTGGAGGAATTCAATAA,60.22706857,250.946119
84,TTTGGAATGATTAGGAGTGTTTGAAAACAA,22.25830851,92.74295211
89,ACAAATAGTCGGAAATTGAGGTGTCGAGAA,38.68052613,161.1688589
92,TTTATACACAGAAGGAGTCGAAGTAAGCCA,18.03888317,75.16201322
93,TGTAGGTTTGGACCAAGGAGGTTATTCAAA,18.82267263,78.42780262
94,ATATATAATGGTAAAAGGTGGTCTTTCTTA,37.47774538,156.1572724
95,AAACTGCTTATAGTAAAGGAGAATTGGATA,89.51532783,372.9805326
97,AAAAGTAATGAATACGGGGGAAATGGATCA,20.76459568,86.51914865
98,AGAAAGAATGAAAGGCAGGGGACCAAATAA,60.0122746,250.0511442
101,TTACCTTTTAAGAGGAGGAATTTTACCAAA,17.51461191,72.97754962
104,GTTTAAAAGAAAGGAAGAGGTGACTTAGTA,23.83840071,99.32666963
105,ACTTACCTAAAAGGTGAAGGAGGAGCATTA,33.92886217,141.370259
106,TTCGACGTTTTGAAGGAGGGTTTTAAGTAA,17.18763868,71.61516119
107,AATCTTAACTCTTTAAGGAGGTGGGAATAA,51.11654698,212.9856124
108,GATTTTCAATAGACTGGGAGGCATTCATCA,31.16571499,129.8571458
109,GTCGGAAAAAATATTATAGGAGGTAACATA,18.01093449,75.04556039
110,CAGAAGATCTTGGTGCAATTAAAGATGAAA,51.0415674,212.6731975
111,GTAAACTTGTACCAAGGAGGATTTAGGAAA,54.35941341,226.4975559
112,GATGAGTATTTTGAGGGAGGCGTACAGAGA,21.52652303,89.69384597
113,CTCGCAAAAACTAAGGGGGAAATGAAAAAA,21.63220166,90.13417359
114,TCATACTTTATTTCCAGGAGGGACATAATA,60.56480432,252.3533513
115,GGGATTCAGGGCGGAAGGAGATGGATACAA,34.64391339,144.3496391
116,ACATAGTCATATAACAAGGAGGAGATACCA,31.63191844,131.7996602
117,AAGTAGGCGTATCTTAAGGAGGACTGGCAG,52.55456275,218.9773448
118,AAACGCAAATTCTAAAAGAGGGTGGATTTA,34.38507313,143.2711381
119,TGTGATTGGAATATAGGAGGACATTAAACA,53.78498734,224.1041139
120,AATGATTATATATTTTTGGAGGTATAGATA,58.98625729,245.7760721
121,TGGCGAAACCACTATCAAAAGGGGGAATTT,55.70450288,232.1020953
122,AGTTTGTCAATTTAGGAGGAAATCTAACGA,39.05253168,162.718882
123,AGACTAGTAAAAAGAGGAGGTCAATTCTTA,18.08130398,75.33876658
124,AGAAATTTCATACATAGGAGTGCGATTGAA,27.96870368,116.5362653
126,AGGACAATCAAAAGAAAGGTGGAGTTTTTT,48.54721996,202.2800832
128,GCTGAAGATTTCAGAAGGAAGTGAACCAAA,16.36901629,68.20423455
130,ATAGAAAGATTTTGTCAGGAGGGATAGCGA,19.98168317,83.25701323
131,GGTAGAAAATCAGGAGGAGGACTATACATA,17.24615796,71.85899148
133,AGACATACATACAAAAGGGAGGAATTATAA,33.22953392,138.4563913
137,TATTTGAATGGAAAGAAGGAATGGACAACA,29.82029192,124.2512163
138,TATTTTGCCGAAAAGAGGGGGATTTACTAA,34.82382603,145.0992751
139,TTCCTAAACCATTTGAGGAGGAAAAATGAA,56.077147,233.6547792
140,AACATACGGCATTTAAGGAGAGATTTGGAA,18.1026974,75.42790582
142,TTAGGATTAAATAACAGAGGTGAAAAGGCA,39.09000598,162.8750249
143,GGGCTGCATGAAATGGTGGGGGTGAAACCT,35.60084351,148.336848
144,AAGTTACTGAAAAAGAGGGGATATACGATA,51.89776966,216.2407069
145,ATGTTTTGTGCAAGTGAGGAGGGAAACAAA,34.51062177,143.7942574
146,TGAAAATTATTATTAGGGGGTTTGCGAATA,34.52613047,143.8588769
147,TTAAACGTTTGCAGAAGGGACGTTAGAATA,35.89080678,149.5450282
149,ATTGAAATTGTCCATTTTGTAGGAGGCGGA,54.05520063,225.2300026
150,CAAGAAGCGTAAGCGTTAGGGGGATTAATA,15.37597215,64.06655062
152,ACAGCTATTCCTCGAGGGAGGTGTCATAAA,55.17899323,229.9124718
154,CTAAATAAAAACATCTGGGGGAATATATTA,20.06258744,83.59411435
157,ATCAAGAAAAAACAGAAAGCAGGGATAACA,55.60904958,231.7043733
158,TATCGTGTAGAAGGGAACGGTTGGAGCTAA,18.96085787,79.00357444
159,TTAATAAAGAGAGGACGGGGGAAATCCGAA,17.07167935,71.1319973
161,TCAGATTTATTACATCAATAGGAAGGATGG,14.66063391,61.08597464
162,GTTGTGCTTACTGTGGGAGGAGGTAAGGAA,17.35478813,72.31161721
163,ATTTTGAAGAAAAAGACGGGGTGATTGTAA,22.0271676,91.779865
164,TTTTTGTAACTTTTTGAGGAGGTTTTATTG,53.62866714,223.4527798
167,AGAAAAAAATACTAAGAGGAGGAATAATGA,50.85050037,211.8770849
168,ACAATGAAAAGCGAAGGACTCGGCGAGTAA,51.9096862,216.2903592
170,GATGGCATAATTGATAAGGGGTGTCCAACA,17.4242262,72.60094251
171,GCCTTAAGACGAATTAGGGGGAGTTCAAGT,18.96853261,79.03555255
172,TTTTTATTCTCATAACGGAGGTAGACAGGA,48.24351603,201.0146501
173,GTAGTGCTGTAAAAAATGGAGGGATTCAAT,32.655176,136.0632333
175,AATTCAAACGCTTAAGGAGGAGAATGATAA,18.0944934,75.39372251
176,TGATCTGATCTGAAGGGGGATTTTGGAGAA,54.23758509,225.9899379
177,ACTAAAACGACAAGAGGATGGTGCTGAATA,21.21382893,88.39095386
179,CTCCTTACACTTTGAGGGAGGTGAACACAA,58.81280001,245.0533334
180,AAATATCACATATACAGGAGGAGACAGATA,53.03660621,220.9858592
181,TACTGAAATGTAAAAATGGAGGTGGCATCA,53.60183162,223.3409651
182,TTTTCAATTGCATAGGAAGGTGAGACGGTA,52.60009344,219.167056
183,GTGTGGTTACACACTAGGAGGCAACAAAAA,58.56448878,244.0187033
184,AATTTCGATTTAAAGGGAGGCTATGTGACT,50.33149901,209.7145792
185,AACATTATACCGTTATGGAGGGACAAGCAA,16.8190446,70.0793525
186,TACTGATTTGAAGAAGGGAGAACACTTGAA,34.82236783,145.0931993
187,AGTCATTCGGCAGATTAGGAGGATTTAGCA,26.24335278,109.3473033
188,AAATTAAAATAAAGAAAGTAGGCATACAAT,16.6888414,69.53683916
189,TGGATGAATAGAGACGGAGGACAAGCAGAA,52.17491849,217.3954937
190,TTATAAGCCTAAGGAGGAGCACTTTTTTTA,21.4887246,89.53635248
191,GGGAGGCCTTGTGCAGGAGGAAGCAAATCA,34.90047826,145.4186594
192,TGAAGCAACCGTTATGGAGGGATACATAAA,20.12375441,83.8489767
193,TCTAATTATAATGATAGGGGGAAATAATGA,18.51135611,77.13065044
194,AACGGCAATGATGAAAGGAGCTATTTACAA,55.02952215,229.2896756
195,ATTATCAAAGATAATGAGAAGGTGCTCGTA,38.77593699,161.5664041
196,TTATTACGATTTATTGAAAGGAGATACCCA,20.5074204,85.44758501
198,TTTTAATTTTAAAACGATGAGGTGTCGGAG,34.89606631,145.4002763
199,ATTGAAGCGAGAGAACGGAGGATTTCTAAA,53.96596789,224.8581996
107,AATCTTAACTCTTTAAGGAGGTGGGAATAA,39.35381955,163.9742481
